Event_Date,Over3,Over4,Over5,Over6
1938.2466,0,0,0,0
1938.2493,0,0,0,0
1938.2521,0,0,0,0
1938.2548,0,0,0,0
1938.2575,0,0,0,0
1938.2603,0,0,0,0
1938.263,0,0,0,0
1938.2658,0,0,0,0
1938.2685,0,0,0,0
1938.2712,0,0,0,0
1938.274,0,0,0,0
1938.2767,0,0,0,0
1938.2795,0,0,0,0
1938.2822,0,0,0,0
1938.2849,0,0,0,0
1938.2877,0,0,0,0
1938.2904,0,0,0,0
1938.2932,0,0,0,0
1938.2959,0,0,0,0
1938.2986,0,0,0,0
1938.3014,0,0,0,0
1938.3041,0,0,0,0
1938.3068,0,0,0,0
1938.3096,0,0,0,0
1938.3123,0,0,0,0
1938.3151,0,0,0,0
1938.3178,0,0,0,0
1938.3205,0,0,0,0
1938.3233,0,0,0,0
1938.326,0,0,0,0
1938.3288,0,0,0,0
1938.3315,0,0,0,0
1938.3342,0,0,0,0
1938.337,0,0,0,0
1938.3397,0,0,0,0
1938.3425,0,0,0,0
1938.3452,0,0,0,0
1938.3479,0,0,0,0
1938.3507,0,0,0,0
1938.3534,0,0,0,0
1938.3562,0,0,0,0
1938.3589,0,0,0,0
1938.3616,0,0,0,0
1938.3644,0,0,0,0
1938.3671,0,0,0,0
1938.3699,0,0,0,0
1938.3726,0,0,0,0
1938.3753,0,0,0,0
1938.3781,0,0,0,0
1938.3808,0,0,0,0
1938.3836,0,0,0,0
1938.3863,0,0,0,0
1938.389,0,0,0,0
1938.3918,0,0,0,0
1938.3945,0,0,0,0
1938.3973,0,0,0,0
1938.4,0,0,0,0
1938.4027,0,0,0,0
1938.4055,0,0,0,0
1938.4082,0,0,0,0
1938.411,0,0,0,0
1938.4137,0,0,0,0
1938.4164,0,0,0,0
1938.4192,0,0,0,0
1938.4219,0,0,0,0
1938.4247,0,0,0,0
1938.4274,0,0,0,0
1938.4301,0,0,0,0
1938.4329,0,0,0,0
1938.4356,0,0,0,0
1938.4384,0,0,0,0
1938.4411,0,0,0,0
1938.4438,0,0,0,0
1938.4466,0,0,0,0
1938.4493,0,0,0,0
1938.4521,0,0,0,0
1938.4548,0,0,0,0
1938.4575,0,0,0,0
1938.4603,0,0,0,0
1938.463,0,0,0,0
1938.4658,0,0,0,0
1938.4685,0,0,0,0
1938.4712,0,0,0,0
1938.474,0,0,0,0
1938.4767,0,0,0,0
1938.4795,0,0,0,0
1938.4822,0,0,0,0
1938.4849,0,0,0,0
1938.4877,0,0,0,0
1938.4904,0,0,0,0
1938.4932,0,0,0,0
1938.4959,0,0,0,0
1938.4986,0,0,0,0
1938.5014,0,0,0,0
1938.5041,0,0,0,0
1938.5068,0,0,0,0
1938.5096,0,0,0,0
1938.5123,0,0,0,0
1938.5151,0,0,0,0
1938.5178,0,0,0,0
1938.5205,0,0,0,0
1938.5233,0,0,0,0
1938.526,0,0,0,0
1938.5288,0,0,0,0
1938.5315,0,0,0,0
1938.5342,0,0,0,0
1938.537,0,0,0,0
1938.5397,0,0,0,0
1938.5425,0,0,0,0
1938.5452,0,0,0,0
1938.5479,0,0,0,0
1938.5507,0,0,0,0
1938.5534,0,0,0,0
1938.5562,0,0,0,0
1938.5589,0,0,0,0
1938.5616,0,0,0,0
1938.5644,0,0,0,0
1938.5671,0,0,0,0
1938.5699,0,0,0,0
1938.5726,0,0,0,0
1938.5753,0,0,0,0
1938.5781,0,0,0,0
1938.5808,0,0,0,0
1938.5836,0,0,0,0
1938.5863,0,0,0,0
1938.589,0,0,0,0
1938.5918,0,0,0,0
1938.5945,0,0,0,0
1938.5973,0,0,0,0
1938.6,0,0,0,0
1938.6027,0,0,0,0
1938.6055,0,0,0,0
1938.6082,0,0,0,0
1938.611,0,0,0,0
1938.6137,0,0,0,0
1938.6164,0,0,0,0
1938.6192,0,0,0,0
1938.6219,0,0,0,0
1938.6247,0,0,0,0
1938.6274,0,0,0,0
1938.6301,0,0,0,0
1938.6329,0,0,0,0
1938.6356,0,0,0,0
1938.6384,0,0,0,0
1938.6411,0,0,0,0
1938.6438,0,0,0,0
1938.6466,0,0,0,0
1938.6493,0,0,0,0
1938.6521,0,0,0,0
1938.6548,0,0,0,0
1938.6575,0,0,0,0
1938.6603,0,0,0,0
1938.663,0,0,0,0
1938.6658,0,0,0,0
1938.6685,0,0,0,0
1938.6712,0,0,0,0
1938.674,0,0,0,0
1938.6767,0,0,0,0
1938.6795,0,0,0,0
1938.6822,0,0,0,0
1938.6849,0,0,0,0
1938.6877,0,0,0,0
1938.6904,0,0,0,0
1938.6932,0,0,0,0
1938.6959,0,0,0,0
1938.6986,0,0,0,0
1938.7014,0,0,0,0
1938.7041,0,0,0,0
1938.7068,0,0,0,0
1938.7096,0,0,0,0
1938.7123,0,0,0,0
1938.7151,0,0,0,0
1938.7178,0,0,0,0
1938.7205,0,0,0,0
1938.7233,0,0,0,0
1938.726,0,0,0,0
1938.7288,0,0,0,0
1938.7315,0,0,0,0
1938.7342,0,0,0,0
1938.737,0,0,0,0
1938.7397,0,0,0,0
1938.7425,0,0,0,0
1938.7452,0,0,0,0
1938.7479,0,0,0,0
1938.7507,0,0,0,0
1938.7534,0,0,0,0
1938.7562,0,0,0,0
1938.7589,0,0,0,0
1938.7616,0,0,0,0
1938.7644,0,0,0,0
1938.7671,0,0,0,0
1938.7699,0,0,0,0
1938.7726,0,0,0,0
1938.7753,0,0,0,0
1938.7781,0,0,0,0
1938.7808,0,0,0,0
1938.7836,0,0,0,0
1938.7863,0,0,0,0
1938.789,0,0,0,0
1938.7918,0,0,0,0
1938.7945,0,0,0,0
1938.7973,0,0,0,0
1938.8,0,0,0,0
1938.8027,0,0,0,0
1938.8055,0,0,0,0
1938.8082,0,0,0,0
1938.811,0,0,0,0
1938.8137,0,0,0,0
1938.8164,0,0,0,0
1938.8192,0,0,0,0
1938.8219,0,0,0,0
1938.8247,0,0,0,0
1938.8274,0,0,0,0
1938.8301,0,0,0,0
1938.8329,0,0,0,0
1938.8356,0,0,0,0
1938.8384,0,0,0,0
1938.8411,0,0,0,0
1938.8438,0,0,0,0
1938.8466,0,0,0,0
1938.8493,0,0,0,0
1938.8521,0,0,0,0
1938.8548,0,0,0,0
1938.8575,0,0,0,0
1938.8603,0,0,0,0
1938.863,0,0,0,0
1938.8658,0,0,0,0
1938.8685,0,0,0,0
1938.8712,0,0,0,0
1938.874,0,0,0,0
1938.8767,0,0,0,0
1938.8795,0,0,0,0
1938.8822,0,0,0,0
1938.8849,0,0,0,0
1938.8877,0,0,0,0
1938.8904,0,0,0,0
1938.8932,0,0,0,0
1938.8959,0,0,0,0
1938.8986,0,0,0,0
1938.9014,0,0,0,0
1938.9041,0,0,0,0
1938.9068,0,0,0,0
1938.9096,0,0,0,0
1938.9123,0,0,0,0
1938.9151,0,0,0,0
1938.9178,0,0,0,0
1938.9205,0,0,0,0
1938.9233,0,0,0,0
1938.926,0,0,0,0
1938.9288,0,0,0,0
1938.9315,0,0,0,0
1938.9342,0,0,0,0
1938.937,0,0,0,0
1938.9397,0,0,0,0
1938.9425,0,0,0,0
1938.9452,0,0,0,0
1938.9479,0,0,0,0
1938.9507,0,0,0,0
1938.9534,0,0,0,0
1938.9562,0,0,0,0
1938.9589,0,0,0,0
1938.9616,0,0,0,0
1938.9644,0,0,0,0
1938.9671,0,0,0,0
1938.9699,0,0,0,0
1938.9726,0,0,0,0
1938.9753,0,0,0,0
1938.9781,0,0,0,0
1938.9808,0,0,0,0
1938.9836,0,0,0,0
1938.9863,0,0,0,0
1938.989,0,0,0,0
1938.9918,0,0,0,0
1938.9945,0,0,0,0
1938.9973,0,0,0,0
1939,0,0,0,0
1939.0027,0,0,0,0
1939.0055,0,0,0,0
1939.0082,0,0,0,0
1939.011,0,0,0,0
1939.0137,0,0,0,0
1939.0164,0,0,0,0
1939.0192,0,0,0,0
1939.0219,0,0,0,0
1939.0247,0,0,0,0
1939.0274,0,0,0,0
1939.0301,0,0,0,0
1939.0329,0,0,0,0
1939.0356,0,0,0,0
1939.0384,0,0,0,0
1939.0411,0,0,0,0
1939.0438,0,0,0,0
1939.0466,0,0,0,0
1939.0493,0,0,0,0
1939.0521,0,0,0,0
1939.0548,0,0,0,0
1939.0575,0,0,0,0
1939.0603,0,0,0,0
1939.063,0,0,0,0
1939.0658,0,0,0,0
1939.0685,0,0,0,0
1939.0712,0,0,0,0
1939.074,0,0,0,0
1939.0767,0,0,0,0
1939.0795,0,0,0,0
1939.0822,0,0,0,0
1939.0849,0,0,0,0
1939.0877,0,0,0,0
1939.0904,0,0,0,0
1939.0932,0,0,0,0
1939.0959,0,0,0,0
1939.0986,0,0,0,0
1939.1014,0,0,0,0
1939.1041,0,0,0,0
1939.1068,0,0,0,0
1939.1096,0,0,0,0
1939.1123,0,0,0,0
1939.1151,0,0,0,0
1939.1178,0,0,0,0
1939.1205,0,0,0,0
1939.1233,0,0,0,0
1939.126,0,0,0,0
1939.1288,0,0,0,0
1939.1315,0,0,0,0
1939.1342,0,0,0,0
1939.137,0,0,0,0
1939.1397,0,0,0,0
1939.1425,0,0,0,0
1939.1452,0,0,0,0
1939.1479,0,0,0,0
1939.1507,0,0,0,0
1939.1534,0,0,0,0
1939.1562,0,0,0,0
1939.1589,0,0,0,0
1939.1616,0,0,0,0
1939.1644,0,0,0,0
1939.1671,0,0,0,0
1939.1699,0,0,0,0
1939.1726,0,0,0,0
1939.1753,0,0,0,0
1939.1781,0,0,0,0
1939.1808,0,0,0,0
1939.1836,0,0,0,0
1939.1863,0,0,0,0
1939.189,0,0,0,0
1939.1918,0,0,0,0
1939.1945,0,0,0,0
1939.1973,0,0,0,0
1939.2,0,0,0,0
1939.2027,0,0,0,0
1939.2055,0,0,0,0
1939.2082,0,0,0,0
1939.211,0,0,0,0
1939.2137,0,0,0,0
1939.2164,0,0,0,0
1939.2192,0,0,0,0
1939.2219,0,0,0,0
1939.2247,0,0,0,0
1939.2274,0,0,0,0
1939.2301,0,0,0,0
1939.2329,0,0,0,0
1939.2356,0,0,0,0
1939.2384,0,0,0,0
1939.2411,0,0,0,0
1939.2438,0,0,0,0
1939.2466,0,0,0,0
1939.2493,0,0,0,0
1939.2521,0,0,0,0
1939.2548,0,0,0,0
1939.2575,0,0,0,0
1939.2603,0,0,0,0
1939.263,0,0,0,0
1939.2658,0,0,0,0
1939.2685,0,0,0,0
1939.2712,0,0,0,0
1939.274,0,0,0,0
1939.2767,0,0,0,0
1939.2795,0,0,0,0
1939.2822,0,0,0,0
1939.2849,0,0,0,0
1939.2877,0,0,0,0
1939.2904,0,0,0,0
1939.2932,0,0,0,0
1939.2959,0,0,0,0
1939.2986,0,0,0,0
1939.3014,0,0,0,0
1939.3041,0,0,0,0
1939.3068,0,0,0,0
1939.3096,0,0,0,0
1939.3123,0,0,0,0
1939.3151,0,0,0,0
1939.3178,0,0,0,0
1939.3205,0,0,0,0
1939.3233,0,0,0,0
1939.326,0,0,0,0
1939.3288,0,0,0,0
1939.3315,0,0,0,0
1939.3342,0,0,0,0
1939.337,0,0,0,0
1939.3397,0,0,0,0
1939.3425,0,0,0,0
1939.3452,0,0,0,0
1939.3479,0,0,0,0
1939.3507,0,0,0,0
1939.3534,0,0,0,0
1939.3562,0,0,0,0
1939.3589,0,0,0,0
1939.3616,0,0,0,0
1939.3644,0,0,0,0
1939.3671,0,0,0,0
1939.3699,0,0,0,0
1939.3726,0,0,0,0
1939.3753,0,0,0,0
1939.3781,0,0,0,0
1939.3808,0,0,0,0
1939.3836,0,0,0,0
1939.3863,0,0,0,0
1939.389,0,0,0,0
1939.3918,0,0,0,0
1939.3945,0,0,0,0
1939.3973,0,0,0,0
1939.4,0,0,0,0
1939.4027,0,0,0,0
1939.4055,0,0,0,0
1939.4082,0,0,0,0
1939.411,0,0,0,0
1939.4137,0,0,0,0
1939.4164,0,0,0,0
1939.4192,0,0,0,0
1939.4219,0,0,0,0
1939.4247,0,0,0,0
1939.4274,0,0,0,0
1939.4301,0,0,0,0
1939.4329,0,0,0,0
1939.4356,0,0,0,0
1939.4384,0,0,0,0
1939.4411,0,0,0,0
1939.4438,0,0,0,0
1939.4466,0,0,0,0
1939.4493,0,0,0,0
1939.4521,0,0,0,0
1939.4548,0,0,0,0
1939.4575,0,0,0,0
1939.4603,0,0,0,0
1939.463,0,0,0,0
1939.4658,0,0,0,0
1939.4685,0,0,0,0
1939.4712,0,0,0,0
1939.474,0,0,0,0
1939.4767,0,0,0,0
1939.4795,0,0,0,0
1939.4822,0,0,0,0
1939.4849,0,0,0,0
1939.4877,0,0,0,0
1939.4904,0,0,0,0
1939.4932,0,0,0,0
1939.4959,0,0,0,0
1939.4986,0,0,0,0
1939.5014,0,0,0,0
1939.5041,0,0,0,0
1939.5068,0,0,0,0
1939.5096,0,0,0,0
1939.5123,0,0,0,0
1939.5151,0,0,0,0
1939.5178,0,0,0,0
1939.5205,0,0,0,0
1939.5233,0,0,0,0
1939.526,0,0,0,0
1939.5288,0,0,0,0
1939.5315,0,0,0,0
1939.5342,0,0,0,0
1939.537,0,0,0,0
1939.5397,0,0,0,0
1939.5425,0,0,0,0
1939.5452,0,0,0,0
1939.5479,0,0,0,0
1939.5507,0,0,0,0
1939.5534,0,0,0,0
1939.5562,0,0,0,0
1939.5589,0,0,0,0
1939.5616,0,0,0,0
1939.5644,0,0,0,0
1939.5671,0,0,0,0
1939.5699,0,0,0,0
1939.5726,0,0,0,0
1939.5753,0,0,0,0
1939.5781,0,0,0,0
1939.5808,0,0,0,0
1939.5836,0,0,0,0
1939.5863,0,0,0,0
1939.589,0,0,0,0
1939.5918,0,0,0,0
1939.5945,0,0,0,0
1939.5973,0,0,0,0
1939.6,0,0,0,0
1939.6027,0,0,0,0
1939.6055,0,0,0,0
1939.6082,0,0,0,0
1939.611,0,0,0,0
1939.6137,0,0,0,0
1939.6164,0,0,0,0
1939.6192,0,0,0,0
1939.6219,0,0,0,0
1939.6247,0,0,0,0
1939.6274,0,0,0,0
1939.6301,0,0,0,0
1939.6329,0,0,0,0
1939.6356,0,0,0,0
1939.6384,0,0,0,0
1939.6411,0,0,0,0
1939.6438,0,0,0,0
1939.6466,0,0,0,0
1939.6493,0,0,0,0
1939.6521,0,0,0,0
1939.6548,0,0,0,0
1939.6575,0,0,0,0
1939.6603,0,0,0,0
1939.663,0,0,0,0
1939.6658,0,0,0,0
1939.6685,0,0,0,0
1939.6712,0,0,0,0
1939.674,0,0,0,0
1939.6767,0,0,0,0
1939.6795,0,0,0,0
1939.6822,0,0,0,0
1939.6849,0,0,0,0
1939.6877,0,0,0,0
1939.6904,0,0,0,0
1939.6932,0,0,0,0
1939.6959,0,0,0,0
1939.6986,0,0,0,0
1939.7014,0,0,0,0
1939.7041,0,0,0,0
1939.7068,0,0,0,0
1939.7096,0,0,0,0
1939.7123,0,0,0,0
1939.7151,0,0,0,0
1939.7178,0,0,0,0
1939.7205,0,0,0,0
1939.7233,0,0,0,0
1939.726,0,0,0,0
1939.7288,0,0,0,0
1939.7315,0,0,0,0
1939.7342,0,0,0,0
1939.737,0,0,0,0
1939.7397,0,0,0,0
1939.7425,0,0,0,0
1939.7452,0,0,0,0
1939.7479,0,0,0,0
1939.7507,0,0,0,0
1939.7534,0,0,0,0
1939.7562,0,0,0,0
1939.7589,0,0,0,0
1939.7616,0,0,0,0
1939.7644,0,0,0,0
1939.7671,0,0,0,0
1939.7699,0,0,0,0
1939.7726,0,0,0,0
1939.7753,0,0,0,0
1939.7781,0,0,0,0
1939.7808,0,0,0,0
1939.7836,0,0,0,0
1939.7863,0,0,0,0
1939.789,0,0,0,0
1939.7918,0,0,0,0
1939.7945,0,0,0,0
1939.7973,0,0,0,0
1939.8,0,0,0,0
1939.8027,0,0,0,0
1939.8055,0,0,0,0
1939.8082,0,0,0,0
1939.811,0,0,0,0
1939.8137,0,0,0,0
1939.8164,0,0,0,0
1939.8192,0,0,0,0
1939.8219,0,0,0,0
1939.8247,0,0,0,0
1939.8274,0,0,0,0
1939.8301,0,0,0,0
1939.8329,0,0,0,0
1939.8356,0,0,0,0
1939.8384,0,0,0,0
1939.8411,0,0,0,0
1939.8438,0,0,0,0
1939.8466,0,0,0,0
1939.8493,0,0,0,0
1939.8521,0,0,0,0
1939.8548,0,0,0,0
1939.8575,0,0,0,0
1939.8603,0,0,0,0
1939.863,0,0,0,0
1939.8658,0,0,0,0
1939.8685,0,0,0,0
1939.8712,0,0,0,0
1939.874,0,0,0,0
1939.8767,0,0,0,0
1939.8795,0,0,0,0
1939.8822,0,0,0,0
1939.8849,0,0,0,0
1939.8877,0,0,0,0
1939.8904,0,0,0,0
1939.8932,0,0,0,0
1939.8959,0,0,0,0
1939.8986,0,0,0,0
1939.9014,0,0,0,0
1939.9041,0,0,0,0
1939.9068,0,0,0,0
1939.9096,0,0,0,0
1939.9123,0,0,0,0
1939.9151,0,0,0,0
1939.9178,0,0,0,0
1939.9205,0,0,0,0
1939.9233,0,0,0,0
1939.926,0,0,0,0
1939.9288,0,0,0,0
1939.9315,0,0,0,0
1939.9342,0,0,0,0
1939.937,0,0,0,0
1939.9397,0,0,0,0
1939.9425,0,0,0,0
1939.9452,0,0,0,0
1939.9479,0,0,0,0
1939.9507,0,0,0,0
1939.9534,0,0,0,0
1939.9562,0,0,0,0
1939.9589,0,0,0,0
1939.9616,0,0,0,0
1939.9644,0,0,0,0
1939.9671,0,0,0,0
1939.9699,0,0,0,0
1939.9726,0,0,0,0
1939.9753,0,0,0,0
1939.9781,0,0,0,0
1939.9808,0,0,0,0
1939.9836,0,0,0,0
1939.9863,0,0,0,0
1939.989,0,0,0,0
1939.9918,0,0,0,0
1939.9945,0,0,0,0
1939.9973,0,0,0,0
1940,0,0,0,0
1940.0027,0,0,0,0
1940.0055,0,0,0,0
1940.0082,0,0,0,0
1940.011,0,0,0,0
1940.0137,0,0,0,0
1940.0164,0,0,0,0
1940.0192,0,0,0,0
1940.0219,0,0,0,0
1940.0247,0,0,0,0
1940.0274,0,0,0,0
1940.0301,0,0,0,0
1940.0329,0,0,0,0
1940.0356,0,0,0,0
1940.0384,0,0,0,0
1940.0411,0,0,0,0
1940.0438,0,0,0,0
1940.0466,0,0,0,0
1940.0493,0,0,0,0
1940.0521,0,0,0,0
1940.0548,0,0,0,0
1940.0575,0,0,0,0
1940.0603,0,0,0,0
1940.063,0,0,0,0
1940.0658,0,0,0,0
1940.0685,0,0,0,0
1940.0712,0,0,0,0
1940.074,0,0,0,0
1940.0767,0,0,0,0
1940.0795,0,0,0,0
1940.0822,0,0,0,0
1940.0849,0,0,0,0
1940.0877,0,0,0,0
1940.0904,0,0,0,0
1940.0932,0,0,0,0
1940.0959,0,0,0,0
1940.0986,0,0,0,0
1940.1014,0,0,0,0
1940.1041,0,0,0,0
1940.1068,0,0,0,0
1940.1096,0,0,0,0
1940.1123,0,0,0,0
1940.1151,0,0,0,0
1940.1178,0,0,0,0
1940.1205,0,0,0,0
1940.1233,0,0,0,0
1940.126,0,0,0,0
1940.1288,0,0,0,0
1940.1315,0,0,0,0
1940.1342,0,0,0,0
1940.137,0,0,0,0
1940.1397,0,0,0,0
1940.1425,0,0,0,0
1940.1452,0,0,0,0
1940.1479,0,0,0,0
1940.1507,0,0,0,0
1940.1534,0,0,0,0
1940.1562,0,0,0,0
1940.1589,0,0,0,0
1940.1616,0,0,0,0
1940.1644,0,0,0,0
1940.1671,0,0,0,0
1940.1699,0,0,0,0
1940.1726,0,0,0,0
1940.1753,0,0,0,0
1940.1781,0,0,0,0
1940.1808,0,0,0,0
1940.1836,0,0,0,0
1940.1863,0,0,0,0
1940.189,0,0,0,0
1940.1918,0,0,0,0
1940.1945,0,0,0,0
1940.1973,0,0,0,0
1940.2,0,0,0,0
1940.2027,0,0,0,0
1940.2055,0,0,0,0
1940.2082,0,0,0,0
1940.211,0,0,0,0
1940.2137,0,0,0,0
1940.2164,0,0,0,0
1940.2192,0,0,0,0
1940.2219,0,0,0,0
1940.2247,0,0,0,0
1940.2274,0,0,0,0
1940.2301,0,0,0,0
1940.2329,0,0,0,0
1940.2356,0,0,0,0
1940.2384,0,0,0,0
1940.2411,0,0,0,0
1940.2438,0,0,0,0
1940.2466,0,0,0,0
1940.2493,0,0,0,0
1940.2521,0,0,0,0
1940.2548,0,0,0,0
1940.2575,0,0,0,0
1940.2603,0,0,0,0
1940.263,0,0,0,0
1940.2658,0,0,0,0
1940.2685,0,0,0,0
1940.2712,0,0,0,0
1940.274,0,0,0,0
1940.2767,0,0,0,0
1940.2795,0,0,0,0
1940.2822,0,0,0,0
1940.2849,0,0,0,0
1940.2877,0,0,0,0
1940.2904,0,0,0,0
1940.2932,0,0,0,0
1940.2959,0,0,0,0
1940.2986,0,0,0,0
1940.3014,0,0,0,0
1940.3041,0,0,0,0
1940.3068,0,0,0,0
1940.3096,0,0,0,0
1940.3123,0,0,0,0
1940.3151,0,0,0,0
1940.3178,0,0,0,0
1940.3205,0,0,0,0
1940.3233,0,0,0,0
1940.326,0,0,0,0
1940.3288,0,0,0,0
1940.3315,0,0,0,0
1940.3342,0,0,0,0
1940.337,0,0,0,0
1940.3397,0,0,0,0
1940.3425,0,0,0,0
1940.3452,0,0,0,0
1940.3479,0,0,0,0
1940.3507,0,0,0,0
1940.3534,0,0,0,0
1940.3562,0,0,0,0
1940.3589,0,0,0,0
1940.3616,0,0,0,0
1940.3644,0,0,0,0
1940.3671,0,0,0,0
1940.3699,0,0,0,0
1940.3726,0,0,0,0
1940.3753,0,0,0,0
1940.3781,0,0,0,0
1940.3808,0,0,0,0
1940.3836,0,0,0,0
1940.3863,0,0,0,0
1940.389,0,0,0,0
1940.3918,0,0,0,0
1940.3945,0,0,0,0
1940.3973,0,0,0,0
1940.4,0,0,0,0
1940.4027,0,0,0,0
1940.4055,0,0,0,0
1940.4082,0,0,0,0
1940.411,0,0,0,0
1940.4137,0,0,0,0
1940.4164,0,0,0,0
1940.4192,0,0,0,0
1940.4219,0,0,0,0
1940.4247,0,0,0,0
1940.4274,0,0,0,0
1940.4301,0,0,0,0
1940.4329,0,0,0,0
1940.4356,0,0,0,0
1940.4384,0,0,0,0
1940.4411,0,0,0,0
1940.4438,0,0,0,0
1940.4466,0,0,0,0
1940.4493,0,0,0,0
1940.4521,0,0,0,0
1940.4548,0,0,0,0
1940.4575,0,0,0,0
1940.4603,0,0,0,0
1940.463,0,0,0,0
1940.4658,0,0,0,0
1940.4685,0,0,0,0
1940.4712,0,0,0,0
1940.474,0,0,0,0
1940.4767,0,0,0,0
1940.4795,0,0,0,0
1940.4822,0,0,0,0
1940.4849,0,0,0,0
1940.4877,0,0,0,0
1940.4904,0,0,0,0
1940.4932,0,0,0,0
1940.4959,0,0,0,0
1940.4986,0,0,0,0
1940.5014,0,0,0,0
1940.5041,0,0,0,0
1940.5068,0,0,0,0
1940.5096,0,0,0,0
1940.5123,0,0,0,0
1940.5151,0,0,0,0
1940.5178,0,0,0,0
1940.5205,0,0,0,0
1940.5233,0,0,0,0
1940.526,0,0,0,0
1940.5288,0,0,0,0
1940.5315,0,0,0,0
1940.5342,0,0,0,0
1940.537,0,0,0,0
1940.5397,0,0,0,0
1940.5425,0,0,0,0
1940.5452,0,0,0,0
1940.5479,0,0,0,0
1940.5507,0,0,0,0
1940.5534,0,0,0,0
1940.5562,0,0,0,0
1940.5589,0,0,0,0
1940.5616,0,0,0,0
1940.5644,0,0,0,0
1940.5671,0,0,0,0
1940.5699,0,0,0,0
1940.5726,0,0,0,0
1940.5753,0,0,0,0
1940.5781,0,0,0,0
1940.5808,0,0,0,0
1940.5836,0,0,0,0
1940.5863,0,0,0,0
1940.589,0,0,0,0
1940.5918,0,0,0,0
1940.5945,0,0,0,0
1940.5973,0,0,0,0
1940.6,0,0,0,0
1940.6027,0,0,0,0
1940.6055,0,0,0,0
1940.6082,0,0,0,0
1940.611,0,0,0,0
1940.6137,0,0,0,0
1940.6164,0,0,0,0
1940.6192,0,0,0,0
1940.6219,0,0,0,0
1940.6247,0,0,0,0
1940.6274,0,0,0,0
1940.6301,0,0,0,0
1940.6329,0,0,0,0
1940.6356,0,0,0,0
1940.6384,0,0,0,0
1940.6411,0,0,0,0
1940.6438,0,0,0,0
1940.6466,0,0,0,0
1940.6493,0,0,0,0
1940.6521,0,0,0,0
1940.6548,0,0,0,0
1940.6575,0,0,0,0
1940.6603,0,0,0,0
1940.663,0,0,0,0
1940.6658,0,0,0,0
1940.6685,0,0,0,0
1940.6712,0,0,0,0
1940.674,0,0,0,0
1940.6767,0,0,0,0
1940.6795,0,0,0,0
1940.6822,0,0,0,0
1940.6849,0,0,0,0
1940.6877,0,0,0,0
1940.6904,0,0,0,0
1940.6932,0,0,0,0
1940.6959,0,0,0,0
1940.6986,0,0,0,0
1940.7014,0,0,0,0
1940.7041,0,0,0,0
1940.7068,0,0,0,0
1940.7096,0,0,0,0
1940.7123,0,0,0,0
1940.7151,0,0,0,0
1940.7178,0,0,0,0
1940.7205,0,0,0,0
1940.7233,0,0,0,0
1940.726,0,0,0,0
1940.7288,0,0,0,0
1940.7315,0,0,0,0
1940.7342,0,0,0,0
1940.737,0,0,0,0
1940.7397,0,0,0,0
1940.7425,0,0,0,0
1940.7452,0,0,0,0
1940.7479,0,0,0,0
1940.7507,0,0,0,0
1940.7534,0,0,0,0
1940.7562,0,0,0,0
1940.7589,0,0,0,0
1940.7616,0,0,0,0
1940.7644,0,0,0,0
1940.7671,0,0,0,0
1940.7699,0,0,0,0
1940.7726,0,0,0,0
1940.7753,0,0,0,0
1940.7781,0,0,0,0
1940.7808,0,0,0,0
1940.7836,0,0,0,0
1940.7863,0,0,0,0
1940.789,0,0,0,0
1940.7918,0,0,0,0
1940.7945,0,0,0,0
1940.7973,0,0,0,0
1940.8,0,0,0,0
1940.8027,0,0,0,0
1940.8055,0,0,0,0
1940.8082,0,0,0,0
1940.811,0,0,0,0
1940.8137,0,0,0,0
1940.8164,0,0,0,0
1940.8192,0,0,0,0
1940.8219,0,0,0,0
1940.8247,0,0,0,0
1940.8274,0,0,0,0
1940.8301,0,0,0,0
1940.8329,0,0,0,0
1940.8356,0,0,0,0
1940.8384,0,0,0,0
1940.8411,0,0,0,0
1940.8438,0,0,0,0
1940.8466,0,0,0,0
1940.8493,0,0,0,0
1940.8521,0,0,0,0
1940.8548,0,0,0,0
1940.8575,0,0,0,0
1940.8603,0,0,0,0
1940.863,0,0,0,0
1940.8658,0,0,0,0
1940.8685,0,0,0,0
1940.8712,0,0,0,0
1940.874,0,0,0,0
1940.8767,0,0,0,0
1940.8795,0,0,0,0
1940.8822,0,0,0,0
1940.8849,0,0,0,0
1940.8877,0,0,0,0
1940.8904,0,0,0,0
1940.8932,0,0,0,0
1940.8959,0,0,0,0
1940.8986,0,0,0,0
1940.9014,0,0,0,0
1940.9041,0,0,0,0
1940.9068,0,0,0,0
1940.9096,0,0,0,0
1940.9123,0,0,0,0
1940.9151,0,0,0,0
1940.9178,0,0,0,0
1940.9205,0,0,0,0
1940.9233,0,0,0,0
1940.926,0,0,0,0
1940.9288,0,0,0,0
1940.9315,0,0,0,0
1940.9342,0,0,0,0
1940.937,0,0,0,0
1940.9397,0,0,0,0
1940.9425,0,0,0,0
1940.9452,0,0,0,0
1940.9479,0,0,0,0
1940.9507,0,0,0,0
1940.9534,0,0,0,0
1940.9562,0,0,0,0
1940.9589,0,0,0,0
1940.9616,0,0,0,0
1940.9644,0,0,0,0
1940.9671,0,0,0,0
1940.9699,0,0,0,0
1940.9726,0,0,0,0
1940.9753,0,0,0,0
1940.9781,0,0,0,0
1940.9808,0,0,0,0
1940.9836,0,0,0,0
1940.9863,0,0,0,0
1940.989,0,0,0,0
1940.9918,0,0,0,0
1940.9945,0,0,0,0
1940.9973,0,0,0,0
1941,0,0,0,0
1941,0,0,0,0
1941.0027,0,0,0,0
1941.0055,0,0,0,0
1941.0082,0,0,0,0
1941.011,0,0,0,0
1941.0137,0,0,0,0
1941.0164,0,0,0,0
1941.0192,0,0,0,0
1941.0219,0,0,0,0
1941.0247,0,0,0,0
1941.0274,0,0,0,0
1941.0301,0,0,0,0
1941.0329,0,0,0,0
1941.0356,0,0,0,0
1941.0384,0,0,0,0
1941.0411,0,0,0,0
1941.0438,0,0,0,0
1941.0466,0,0,0,0
1941.0493,0,0,0,0
1941.0521,0,0,0,0
1941.0548,0,0,0,0
1941.0575,0,0,0,0
1941.0603,0,0,0,0
1941.063,0,0,0,0
1941.0658,0,0,0,0
1941.0685,0,0,0,0
1941.0712,0,0,0,0
1941.074,0,0,0,0
1941.0767,0,0,0,0
1941.0795,0,0,0,0
1941.0822,0,0,0,0
1941.0849,0,0,0,0
1941.0877,0,0,0,0
1941.0904,0,0,0,0
1941.0932,0,0,0,0
1941.0959,0,0,0,0
1941.0986,0,0,0,0
1941.1014,0,0,0,0
1941.1041,0,0,0,0
1941.1068,0,0,0,0
1941.1096,0,0,0,0
1941.1123,0,0,0,0
1941.1151,0,0,0,0
1941.1178,0,0,0,0
1941.1205,0,0,0,0
1941.1233,0,0,0,0
1941.126,0,0,0,0
1941.1288,0,0,0,0
1941.1315,0,0,0,0
1941.1342,0,0,0,0
1941.137,0,0,0,0
1941.1397,0,0,0,0
1941.1425,0,0,0,0
1941.1452,0,0,0,0
1941.1479,0,0,0,0
1941.1507,0,0,0,0
1941.1534,0,0,0,0
1941.1562,0,0,0,0
1941.1589,0,0,0,0
1941.1616,0,0,0,0
1941.1644,0,0,0,0
1941.1671,0,0,0,0
1941.1699,0,0,0,0
1941.1726,0,0,0,0
1941.1753,0,0,0,0
1941.1781,0,0,0,0
1941.1808,0,0,0,0
1941.1836,0,0,0,0
1941.1863,0,0,0,0
1941.189,0,0,0,0
1941.1918,0,0,0,0
1941.1945,0,0,0,0
1941.1973,0,0,0,0
1941.2,0,0,0,0
1941.2027,0,0,0,0
1941.2055,0,0,0,0
1941.2082,0,0,0,0
1941.211,0,0,0,0
1941.2137,0,0,0,0
1941.2164,0,0,0,0
1941.2192,0,0,0,0
1941.2219,0,0,0,0
1941.2247,0,0,0,0
1941.2274,0,0,0,0
1941.2301,0,0,0,0
1941.2329,0,0,0,0
1941.2356,0,0,0,0
1941.2384,0,0,0,0
1941.2411,0,0,0,0
1941.2438,0,0,0,0
1941.2466,0,0,0,0
1941.2493,0,0,0,0
1941.2521,0,0,0,0
1941.2548,0,0,0,0
1941.2575,0,0,0,0
1941.2603,0,0,0,0
1941.263,0,0,0,0
1941.2658,0,0,0,0
1941.2685,0,0,0,0
1941.2712,0,0,0,0
1941.274,0,0,0,0
1941.2767,0,0,0,0
1941.2795,0,0,0,0
1941.2822,0,0,0,0
1941.2849,0,0,0,0
1941.2877,0,0,0,0
1941.2904,0,0,0,0
1941.2932,0,0,0,0
1941.2959,0,0,0,0
1941.2986,0,0,0,0
1941.3014,0,0,0,0
1941.3041,0,0,0,0
1941.3068,0,0,0,0
1941.3096,0,0,0,0
1941.3123,0,0,0,0
1941.3151,0,0,0,0
1941.3178,0,0,0,0
1941.3205,0,0,0,0
1941.3233,0,0,0,0
1941.326,0,0,0,0
1941.3288,0,0,0,0
1941.3315,0,0,0,0
1941.3342,0,0,0,0
1941.337,0,0,0,0
1941.3397,0,0,0,0
1941.3425,0,0,0,0
1941.3452,0,0,0,0
1941.3479,0,0,0,0
1941.3507,0,0,0,0
1941.3534,0,0,0,0
1941.3562,0,0,0,0
1941.3589,0,0,0,0
1941.3616,0,0,0,0
1941.3644,0,0,0,0
1941.3671,0,0,0,0
1941.3699,0,0,0,0
1941.3726,0,0,0,0
1941.3753,0,0,0,0
1941.3781,0,0,0,0
1941.3808,0,0,0,0
1941.3836,0,0,0,0
1941.3863,0,0,0,0
1941.389,0,0,0,0
1941.3918,0,0,0,0
1941.3945,0,0,0,0
1941.3973,0,0,0,0
1941.4,0,0,0,0
1941.4027,0,0,0,0
1941.4055,0,0,0,0
1941.4082,0,0,0,0
1941.411,0,0,0,0
1941.4137,0,0,0,0
1941.4164,0,0,0,0
1941.4192,0,0,0,0
1941.4219,0,0,0,0
1941.4247,0,0,0,0
1941.4274,0,0,0,0
1941.4301,0,0,0,0
1941.4329,0,0,0,0
1941.4356,0,0,0,0
1941.4384,0,0,0,0
1941.4411,0,0,0,0
1941.4438,0,0,0,0
1941.4466,0,0,0,0
1941.4493,0,0,0,0
1941.4521,0,0,0,0
1941.4548,0,0,0,0
1941.4575,0,0,0,0
1941.4603,0,0,0,0
1941.463,0,0,0,0
1941.4658,0,0,0,0
1941.4685,0,0,0,0
1941.4712,0,0,0,0
1941.474,0,0,0,0
1941.4767,0,0,0,0
1941.4795,0,0,0,0
1941.4822,0,0,0,0
1941.4849,0,0,0,0
1941.4877,0,0,0,0
1941.4904,0,0,0,0
1941.4932,0,0,0,0
1941.5014,0,0,0,0
1941.5123,0,0,0,0
1941.5178,0,0,0,0
1941.5205,0,0,0,0
1941.5616,0,0,0,0
1941.5644,0,0,0,0
1941.5699,0,0,0,0
1941.5753,0,0,0,0
1941.5781,0,0,0,0
1941.5808,0,0,0,0
1941.5836,0,0,0,0
1941.5918,0,0,0,0
1941.6055,0,0,0,0
1941.611,0,0,0,0
1941.6164,0,0,0,0
1941.6274,0,0,0,0
1941.6384,0,0,0,0
1941.6411,0,0,0,0
1941.6438,0,0,0,0
1941.6466,0,0,0,0
1941.6493,0,0,0,0
1941.6521,0,0,0,0
1941.6603,0,0,0,0
1941.6658,0,0,0,0
1941.6712,0,0,0,0
1941.674,0,0,0,0
1941.6767,0,0,0,0
1941.6795,0,0,0,0
1941.6822,0,0,0,0
1941.6877,0,0,0,0
1941.7068,0,0,0,0
1941.7288,0,0,0,0
1941.7315,0,0,0,0
1941.7397,0,0,0,0
1941.7425,0,0,0,0
1941.7452,0,0,0,0
1941.7479,0,0,0,0
1941.7507,0,0,0,0
1941.7534,0,0,0,0
1941.7562,0,0,0,0
1941.7589,0,0,0,0
1941.7616,0,0,0,0
1941.7644,0,0,0,0
1941.7699,0,0,0,0
1941.7808,0,0,0,0
1941.7836,0,0,0,0
1941.789,0,0,0,0
1941.7918,0,0,0,0
1941.7945,0,0,0,0
1941.8,0,0,0,0
1941.8027,0,0,0,0
1941.8055,0,0,0,0
1941.8164,0,0,0,0
1941.8192,0,0,0,0
1941.8247,0,0,0,0
1941.8274,0,0,0,0
1941.8301,0,0,0,0
1941.8329,0,0,0,0
1941.8356,0,0,0,0
1941.8384,0,0,0,0
1941.8411,0,0,0,0
1941.8438,0,0,0,0
1941.8466,0,0,0,0
1941.8493,0,0,0,0
1941.8521,0,0,0,0
1941.8548,0,0,0,0
1941.8575,0,0,0,0
1941.8603,0,0,0,0
1941.863,0,0,0,0
1941.8658,0,0,0,0
1941.8685,0,0,0,0
1941.8712,0,0,0,0
1941.874,0,0,0,0
1941.8767,0,0,0,0
1941.8795,0,0,0,0
1941.8822,0,0,0,0
1941.8849,0,0,0,0
1941.8877,0,0,0,0
1941.8904,0,0,0,0
1941.8932,0,0,0,0
1941.8959,0,0,0,0
1941.8986,0,0,0,0
1941.9014,0,0,0,0
1941.9041,0,0,0,0
1941.9068,0,0,0,0
1941.9096,0,0,0,0
1941.9123,0,0,0,0
1941.9151,0,0,0,0
1941.9178,0,0,0,0
1941.9205,0,0,0,0
1941.9233,0,0,0,0
1941.926,0,0,0,0
1941.9288,0,0,0,0
1941.9315,0,0,0,0
1941.9342,0,0,0,0
1941.937,0,0,0,0
1941.9397,0,0,0,0
1941.9425,0,0,0,0
1941.9452,0,0,0,0
1941.9479,0,0,0,0
1941.9507,0,0,0,0
1941.9534,0,0,0,0
1941.9562,0,0,0,0
1941.9589,0,0,0,0
1941.9616,0,0,0,0
1941.9644,0,0,0,0
1941.9671,0,0,0,0
1941.9699,0,0,0,0
1941.9726,0,0,0,0
1941.9753,0,0,0,0
1941.9781,0,0,0,0
1941.9808,0,0,0,0
1941.9836,0,0,0,0
1941.9863,0,0,0,0
1941.989,0,0,0,0
1941.9918,0,0,0,0
1941.9945,0,0,0,0
1941.9973,0,0,0,0
1942,0,0,0,0
1942.0027,0,0,0,0
1942.0055,0,0,0,0
1942.0082,0,0,0,0
1942.011,0,0,0,0
1942.0137,0,0,0,0
1942.0164,0,0,0,0
1942.0192,0,0,0,0
1942.0219,0,0,0,0
1942.0247,0,0,0,0
1942.0274,0,0,0,0
1942.0301,0,0,0,0
1942.0329,0,0,0,0
1942.0356,0,0,0,0
1942.0384,0,0,0,0
1942.0411,0,0,0,0
1942.0438,0,0,0,0
1942.0466,0,0,0,0
1942.0493,0,0,0,0
1942.0521,0,0,0,0
1942.0548,0,0,0,0
1942.0575,0,0,0,0
1942.0603,0,0,0,0
1942.063,0,0,0,0
1942.0658,0,0,0,0
1942.0685,0,0,0,0
1942.0712,0,0,0,0
1942.074,0,0,0,0
1942.0767,0,0,0,0
1942.0795,0,0,0,0
1942.0822,0,0,0,0
1942.0849,0,0,0,0
1942.0877,0,0,0,0
1942.0904,0,0,0,0
1942.0932,0,0,0,0
1942.0959,0,0,0,0
1942.0986,0,0,0,0
1942.1014,0,0,0,0
1942.1041,0,0,0,0
1942.1068,0,0,0,0
1942.1096,0,0,0,0
1942.1123,0,0,0,0
1942.1151,0,0,0,0
1942.1178,0,0,0,0
1942.1205,0,0,0,0
1942.1233,0,0,0,0
1942.126,0,0,0,0
1942.1288,0,0,0,0
1942.1315,0,0,0,0
1942.1342,0,0,0,0
1942.137,0,0,0,0
1942.1397,0,0,0,0
1942.1425,0,0,0,0
1942.1452,0,0,0,0
1942.1479,0,0,0,0
1942.1507,0,0,0,0
1942.1534,0,0,0,0
1942.1562,0,0,0,0
1942.1589,0,0,0,0
1942.1616,0,0,0,0
1942.1644,0,0,0,0
1942.1671,0,0,0,0
1942.1699,0,0,0,0
1942.1726,0,0,0,0
1942.1753,0,0,0,0
1942.1781,0,0,0,0
1942.1808,0,0,0,0
1942.1836,0,0,0,0
1942.1863,0,0,0,0
1942.189,0,0,0,0
1942.1918,0,0,0,0
1942.1945,0,0,0,0
1942.1973,0,0,0,0
1942.2,0,0,0,0
1942.2027,0,0,0,0
1942.2055,0,0,0,0
1942.2082,0,0,0,0
1942.211,0,0,0,0
1942.2137,0,0,0,0
1942.2164,0,0,0,0
1942.2192,0,0,0,0
1942.2219,0,0,0,0
1942.2247,0,0,0,0
1942.2274,0,0,0,0
1942.2301,0,0,0,0
1942.2329,0,0,0,0
1942.2356,0,0,0,0
1942.2384,0,0,0,0
1942.2411,0,0,0,0
1942.2438,0,0,0,0
1942.2466,0,0,0,0
1942.2493,0,0,0,0
1942.2521,0,0,0,0
1942.2548,0,0,0,0
1942.2575,0,0,0,0
1942.2603,0,0,0,0
1942.263,0,0,0,0
1942.2658,0,0,0,0
1942.2685,0,0,0,0
1942.2712,0,0,0,0
1942.274,0,0,0,0
1942.2767,0,0,0,0
1942.2795,0,0,0,0
1942.2822,0,0,0,0
1942.2849,0,0,0,0
1942.2877,0,0,0,0
1942.2904,0,0,0,0
1942.2932,0,0,0,0
1942.2959,0,0,0,0
1942.2986,0,0,0,0
1942.3014,0,0,0,0
1942.3041,0,0,0,0
1942.3068,0,0,0,0
1942.3096,0,0,0,0
1942.3123,0,0,0,0
1942.3151,0,0,0,0
1942.3178,0,0,0,0
1942.3205,0,0,0,0
1942.3233,0,0,0,0
1942.326,0,0,0,0
1942.3288,0,0,0,0
1942.3315,0,0,0,0
1942.3342,0,0,0,0
1942.3397,0,0,0,0
1942.3425,0,0,0,0
1942.3562,0,0,0,0
1942.3589,0,0,0,0
1942.3616,0,0,0,0
1942.3644,0,0,0,0
1942.3671,0,0,0,0
1942.3699,0,0,0,0
1942.3726,0,0,0,0
1942.3753,0,0,0,0
1942.3781,0,0,0,0
1942.3945,0,0,0,0
1942.3973,0,0,0,0
1942.411,0,0,0,0
1942.4247,0,0,0,0
1942.4274,0,0,0,0
1942.4301,0,0,0,0
1942.4329,0,0,0,0
1942.4356,0,0,0,0
1942.4384,0,0,0,0
1942.4411,0,0,0,0
1942.4438,0,0,0,0
1942.4466,0,0,0,0
1942.4521,0,0,0,0
1942.4548,0,0,0,0
1942.4575,0,0,0,0
1942.4603,0,0,0,0
1942.463,0,0,0,0
1942.4658,0,0,0,0
1942.4685,0,0,0,0
1942.4795,0,0,0,0
1942.4822,0,0,0,0
1942.4959,0,0,0,0
1942.4986,0,0,0,0
1942.5014,0,0,0,0
1942.5041,0,0,0,0
1942.5068,0,0,0,0
1942.5096,0,0,0,0
1942.5123,0,0,0,0
1942.5151,0,0,0,0
1942.5178,1,1,0,0
1942.5205,0,0,0,0
1942.5233,0,0,0,0
1942.526,0,0,0,0
1942.5288,0,0,0,0
1942.5315,0,0,0,0
1942.5342,0,0,0,0
1942.537,0,0,0,0
1942.5397,0,0,0,0
1942.5425,0,0,0,0
1942.5452,0,0,0,0
1942.5479,0,0,0,0
1942.5507,0,0,0,0
1942.5534,0,0,0,0
1942.5562,0,0,0,0
1942.5589,0,0,0,0
1942.5616,0,0,0,0
1942.5644,0,0,0,0
1942.5671,0,0,0,0
1942.5699,0,0,0,0
1942.5726,0,0,0,0
1942.5753,0,0,0,0
1942.5781,0,0,0,0
1942.5836,0,0,0,0
1942.5863,0,0,0,0
1942.589,0,0,0,0
1942.5918,0,0,0,0
1942.5945,0,0,0,0
1942.5973,0,0,0,0
1942.6164,0,0,0,0
1942.6192,0,0,0,0
1942.6329,0,0,0,0
1942.6493,0,0,0,0
1942.6658,0,0,0,0
1942.6685,0,0,0,0
1942.6712,0,0,0,0
1942.674,0,0,0,0
1942.6767,0,0,0,0
1942.6795,0,0,0,0
1942.6822,0,0,0,0
1942.6849,0,0,0,0
1942.6877,0,0,0,0
1942.6904,0,0,0,0
1942.6932,0,0,0,0
1942.6959,0,0,0,0
1942.6986,0,0,0,0
1942.7014,0,0,0,0
1942.7041,0,0,0,0
1942.7068,0,0,0,0
1942.7096,0,0,0,0
1942.7123,0,0,0,0
1942.7151,0,0,0,0
1942.7178,0,0,0,0
1942.7205,0,0,0,0
1942.7233,0,0,0,0
1942.726,0,0,0,0
1942.7288,0,0,0,0
1942.7315,0,0,0,0
1942.7342,0,0,0,0
1942.737,0,0,0,0
1942.7397,0,0,0,0
1942.7425,0,0,0,0
1942.7452,0,0,0,0
1942.7534,0,0,0,0
1942.7562,0,0,0,0
1942.7589,0,0,0,0
1942.7945,0,0,0,0
1942.7973,0,0,0,0
1942.8027,0,0,0,0
1942.8055,0,0,0,0
1942.811,0,0,0,0
1942.8137,0,0,0,0
1942.8219,0,0,0,0
1942.8247,0,0,0,0
1942.8274,0,0,0,0
1942.8329,0,0,0,0
1942.8356,0,0,0,0
1942.8384,0,0,0,0
1942.8411,0,0,0,0
1942.8438,0,0,0,0
1942.8466,0,0,0,0
1942.8493,0,0,0,0
1942.8521,0,0,0,0
1942.8548,0,0,0,0
1942.8575,0,0,0,0
1942.8603,0,0,0,0
1942.863,0,0,0,0
1942.8658,0,0,0,0
1942.8685,0,0,0,0
1942.8712,0,0,0,0
1942.874,0,0,0,0
1942.8767,0,0,0,0
1942.8795,0,0,0,0
1942.8822,0,0,0,0
1942.8849,0,0,0,0
1942.8877,0,0,0,0
1942.8904,0,0,0,0
1942.8932,0,0,0,0
1942.8959,0,0,0,0
1942.8986,0,0,0,0
1942.9014,0,0,0,0
1942.9041,0,0,0,0
1942.9068,0,0,0,0
1942.9096,0,0,0,0
1942.9123,0,0,0,0
1942.9151,0,0,0,0
1942.9178,0,0,0,0
1942.9205,0,0,0,0
1942.9233,0,0,0,0
1942.926,0,0,0,0
1942.9288,0,0,0,0
1942.9315,0,0,0,0
1942.9342,0,0,0,0
1942.937,0,0,0,0
1942.9397,0,0,0,0
1942.9425,0,0,0,0
1942.9452,0,0,0,0
1942.9479,0,0,0,0
1942.9507,0,0,0,0
1942.9534,0,0,0,0
1942.9562,0,0,0,0
1942.9589,0,0,0,0
1942.9616,0,0,0,0
1942.9644,0,0,0,0
1942.9671,0,0,0,0
1942.9699,0,0,0,0
1942.9726,0,0,0,0
1942.9753,0,0,0,0
1942.9781,0,0,0,0
1942.9808,0,0,0,0
1942.9836,0,0,0,0
1942.9863,0,0,0,0
1942.989,0,0,0,0
1942.9918,0,0,0,0
1942.9945,0,0,0,0
1942.9973,0,0,0,0
1943,0,0,0,0
1943.0027,0,0,0,0
1943.0055,0,0,0,0
1943.0082,0,0,0,0
1943.011,0,0,0,0
1943.0137,0,0,0,0
1943.0164,0,0,0,0
1943.0192,0,0,0,0
1943.0219,0,0,0,0
1943.0247,0,0,0,0
1943.0274,0,0,0,0
1943.0301,0,0,0,0
1943.0329,0,0,0,0
1943.0356,0,0,0,0
1943.0384,0,0,0,0
1943.0411,0,0,0,0
1943.0438,0,0,0,0
1943.0466,0,0,0,0
1943.0493,0,0,0,0
1943.0521,0,0,0,0
1943.0548,0,0,0,0
1943.0575,0,0,0,0
1943.0603,0,0,0,0
1943.063,0,0,0,0
1943.0658,0,0,0,0
1943.0685,0,0,0,0
1943.0712,0,0,0,0
1943.074,0,0,0,0
1943.0767,0,0,0,0
1943.0795,0,0,0,0
1943.0822,0,0,0,0
1943.0849,0,0,0,0
1943.0877,0,0,0,0
1943.0904,0,0,0,0
1943.0932,0,0,0,0
1943.0959,0,0,0,0
1943.0986,0,0,0,0
1943.1014,0,0,0,0
1943.1041,0,0,0,0
1943.1068,0,0,0,0
1943.1096,0,0,0,0
1943.1123,0,0,0,0
1943.1151,0,0,0,0
1943.1178,0,0,0,0
1943.1205,0,0,0,0
1943.1233,0,0,0,0
1943.126,0,0,0,0
1943.1288,0,0,0,0
1943.1315,0,0,0,0
1943.1342,0,0,0,0
1943.137,0,0,0,0
1943.1397,0,0,0,0
1943.1425,0,0,0,0
1943.1452,0,0,0,0
1943.1479,0,0,0,0
1943.1507,0,0,0,0
1943.1534,0,0,0,0
1943.1562,0,0,0,0
1943.1589,0,0,0,0
1943.1616,0,0,0,0
1943.1644,0,0,0,0
1943.1671,0,0,0,0
1943.1699,0,0,0,0
1943.1726,0,0,0,0
1943.1753,0,0,0,0
1943.1781,0,0,0,0
1943.1808,0,0,0,0
1943.1836,0,0,0,0
1943.1863,0,0,0,0
1943.189,0,0,0,0
1943.1918,0,0,0,0
1943.1945,0,0,0,0
1943.1973,0,0,0,0
1943.2,0,0,0,0
1943.2027,0,0,0,0
1943.2055,0,0,0,0
1943.2082,0,0,0,0
1943.211,0,0,0,0
1943.2137,0,0,0,0
1943.2164,0,0,0,0
1943.2192,0,0,0,0
1943.2219,0,0,0,0
1943.2247,0,0,0,0
1943.2274,0,0,0,0
1943.2301,0,0,0,0
1943.2329,0,0,0,0
1943.2356,0,0,0,0
1943.2384,0,0,0,0
1943.2411,0,0,0,0
1943.2438,0,0,0,0
1943.2548,0,0,0,0
1943.2603,0,0,0,0
1943.263,0,0,0,0
1943.2685,0,0,0,0
1943.274,0,0,0,0
1943.2767,0,0,0,0
1943.2795,0,0,0,0
1943.2822,0,0,0,0
1943.2877,0,0,0,0
1943.2959,0,0,0,0
1943.2986,0,0,0,0
1943.3014,0,0,0,0
1943.3041,0,0,0,0
1943.3068,0,0,0,0
1943.3123,0,0,0,0
1943.3151,0,0,0,0
1943.3178,0,0,0,0
1943.3315,0,0,0,0
1943.337,0,0,0,0
1943.3397,0,0,0,0
1943.3425,0,0,0,0
1943.3452,0,0,0,0
1943.3479,0,0,0,0
1943.3507,0,0,0,0
1943.3534,0,0,0,0
1943.3562,0,0,0,0
1943.3589,0,0,0,0
1943.3616,0,0,0,0
1943.3644,0,0,0,0
1943.3671,0,0,0,0
1943.3699,0,0,0,0
1943.3726,1,0,0,0
1943.3753,0,0,0,0
1943.3781,0,0,0,0
1943.3808,0,0,0,0
1943.389,0,0,0,0
1943.3918,0,0,0,0
1943.3973,0,0,0,0
1943.4082,0,0,0,0
1943.411,0,0,0,0
1943.4219,0,0,0,0
1943.4247,0,0,0,0
1943.4274,0,0,0,0
1943.4329,0,0,0,0
1943.4384,0,0,0,0
1943.4466,0,0,0,0
1943.4493,0,0,0,0
1943.4521,0,0,0,0
1943.4548,0,0,0,0
1943.4658,0,0,0,0
1943.4685,0,0,0,0
1943.474,0,0,0,0
1943.4767,0,0,0,0
1943.4795,0,0,0,0
1943.4877,0,0,0,0
1943.4932,0,0,0,0
1943.4959,0,0,0,0
1943.4986,0,0,0,0
1943.5014,0,0,0,0
1943.5041,0,0,0,0
1943.5068,0,0,0,0
1943.5096,0,0,0,0
1943.5315,0,0,0,0
1943.5425,0,0,0,0
1943.5452,0,0,0,0
1943.5507,0,0,0,0
1943.5589,0,0,0,0
1943.5726,0,0,0,0
1943.5753,0,0,0,0
1943.5781,0,0,0,0
1943.5808,0,0,0,0
1943.5836,0,0,0,0
1943.5863,0,0,0,0
1943.589,0,0,0,0
1943.5918,0,0,0,0
1943.5945,0,0,0,0
1943.5973,0,0,0,0
1943.6,0,0,0,0
1943.6027,0,0,0,0
1943.6055,0,0,0,0
1943.6082,0,0,0,0
1943.611,0,0,0,0
1943.6137,0,0,0,0
1943.6164,0,0,0,0
1943.6192,0,0,0,0
1943.6219,0,0,0,0
1943.6247,0,0,0,0
1943.6274,0,0,0,0
1943.6301,0,0,0,0
1943.6329,0,0,0,0
1943.6356,0,0,0,0
1943.6384,0,0,0,0
1943.6411,0,0,0,0
1943.6438,0,0,0,0
1943.6466,0,0,0,0
1943.6493,0,0,0,0
1943.6521,0,0,0,0
1943.6548,0,0,0,0
1943.6575,0,0,0,0
1943.6603,0,0,0,0
1943.663,0,0,0,0
1943.6658,0,0,0,0
1943.674,0,0,0,0
1943.6767,0,0,0,0
1943.6795,0,0,0,0
1943.6932,0,0,0,0
1943.6959,0,0,0,0
1943.6986,0,0,0,0
1943.7178,0,0,0,0
1943.7233,0,0,0,0
1943.726,0,0,0,0
1943.7425,0,0,0,0
1943.7479,0,0,0,0
1943.7507,0,0,0,0
1943.7534,0,0,0,0
1943.7562,0,0,0,0
1943.7589,0,0,0,0
1943.7616,0,0,0,0
1943.7644,0,0,0,0
1943.7671,0,0,0,0
1943.7699,0,0,0,0
1943.7726,0,0,0,0
1943.7753,0,0,0,0
1943.7781,0,0,0,0
1943.7808,0,0,0,0
1943.7836,0,0,0,0
1943.7863,0,0,0,0
1943.789,0,0,0,0
1943.7918,0,0,0,0
1943.7945,0,0,0,0
1943.7973,0,0,0,0
1943.8,0,0,0,0
1943.8027,0,0,0,0
1943.8055,0,0,0,0
1943.8082,0,0,0,0
1943.811,0,0,0,0
1943.8137,0,0,0,0
1943.8164,0,0,0,0
1943.8192,0,0,0,0
1943.8219,0,0,0,0
1943.8247,0,0,0,0
1943.8274,0,0,0,0
1943.8301,0,0,0,0
1943.8329,0,0,0,0
1943.8356,0,0,0,0
1943.8384,0,0,0,0
1943.8411,0,0,0,0
1943.8438,0,0,0,0
1943.8466,0,0,0,0
1943.8493,0,0,0,0
1943.8521,0,0,0,0
1943.8548,0,0,0,0
1943.8575,0,0,0,0
1943.8603,0,0,0,0
1943.863,0,0,0,0
1943.8658,0,0,0,0
1943.8685,0,0,0,0
1943.8712,0,0,0,0
1943.874,0,0,0,0
1943.8767,0,0,0,0
1943.8795,0,0,0,0
1943.8822,0,0,0,0
1943.8849,0,0,0,0
1943.8877,0,0,0,0
1943.8904,0,0,0,0
1943.8932,0,0,0,0
1943.8959,0,0,0,0
1943.8986,0,0,0,0
1943.9014,0,0,0,0
1943.9041,0,0,0,0
1943.9068,0,0,0,0
1943.9096,0,0,0,0
1943.9123,0,0,0,0
1943.9151,0,0,0,0
1943.9178,0,0,0,0
1943.9205,0,0,0,0
1943.9233,0,0,0,0
1943.926,0,0,0,0
1943.9288,0,0,0,0
1943.9315,0,0,0,0
1943.9342,0,0,0,0
1943.937,0,0,0,0
1943.9397,0,0,0,0
1943.9425,0,0,0,0
1943.9452,0,0,0,0
1943.9479,0,0,0,0
1943.9507,0,0,0,0
1943.9534,0,0,0,0
1943.9562,0,0,0,0
1943.9589,0,0,0,0
1943.9616,0,0,0,0
1943.9644,0,0,0,0
1943.9671,0,0,0,0
1943.9699,0,0,0,0
1943.9726,0,0,0,0
1943.9753,0,0,0,0
1943.9781,0,0,0,0
1943.9808,0,0,0,0
1943.9836,0,0,0,0
1943.9863,0,0,0,0
1943.989,0,0,0,0
1943.9918,0,0,0,0
1943.9945,0,0,0,0
1943.9973,0,0,0,0
1944,0,0,0,0
1944.0027,0,0,0,0
1944.0055,0,0,0,0
1944.0082,0,0,0,0
1944.011,0,0,0,0
1944.0137,0,0,0,0
1944.0164,0,0,0,0
1944.0192,0,0,0,0
1944.0219,0,0,0,0
1944.0247,0,0,0,0
1944.0274,0,0,0,0
1944.0301,0,0,0,0
1944.0329,0,0,0,0
1944.0356,0,0,0,0
1944.0384,0,0,0,0
1944.0411,0,0,0,0
1944.0438,0,0,0,0
1944.0466,0,0,0,0
1944.0493,0,0,0,0
1944.0521,0,0,0,0
1944.0548,0,0,0,0
1944.0575,0,0,0,0
1944.0603,0,0,0,0
1944.063,0,0,0,0
1944.0658,0,0,0,0
1944.0685,0,0,0,0
1944.0712,0,0,0,0
1944.074,0,0,0,0
1944.0767,0,0,0,0
1944.0795,0,0,0,0
1944.0822,0,0,0,0
1944.0849,0,0,0,0
1944.0877,0,0,0,0
1944.0904,0,0,0,0
1944.0932,0,0,0,0
1944.0959,0,0,0,0
1944.0986,0,0,0,0
1944.1014,0,0,0,0
1944.1041,0,0,0,0
1944.1068,0,0,0,0
1944.1096,0,0,0,0
1944.1123,0,0,0,0
1944.1151,0,0,0,0
1944.1178,0,0,0,0
1944.1205,0,0,0,0
1944.1233,0,0,0,0
1944.126,0,0,0,0
1944.1288,0,0,0,0
1944.1315,0,0,0,0
1944.1342,0,0,0,0
1944.137,0,0,0,0
1944.1397,0,0,0,0
1944.1425,0,0,0,0
1944.1452,0,0,0,0
1944.1479,0,0,0,0
1944.1507,0,0,0,0
1944.1534,0,0,0,0
1944.1562,0,0,0,0
1944.1589,0,0,0,0
1944.1616,0,0,0,0
1944.1644,0,0,0,0
1944.1671,0,0,0,0
1944.1699,0,0,0,0
1944.1726,0,0,0,0
1944.1753,0,0,0,0
1944.1781,0,0,0,0
1944.1808,0,0,0,0
1944.1836,0,0,0,0
1944.1863,0,0,0,0
1944.189,0,0,0,0
1944.1918,0,0,0,0
1944.1945,0,0,0,0
1944.1973,0,0,0,0
1944.2,0,0,0,0
1944.2027,0,0,0,0
1944.2055,0,0,0,0
1944.2082,0,0,0,0
1944.211,0,0,0,0
1944.2137,0,0,0,0
1944.2164,0,0,0,0
1944.2192,0,0,0,0
1944.2219,0,0,0,0
1944.2247,0,0,0,0
1944.2274,0,0,0,0
1944.2301,0,0,0,0
1944.2329,0,0,0,0
1944.2356,0,0,0,0
1944.2384,0,0,0,0
1944.2411,0,0,0,0
1944.2438,0,0,0,0
1944.2466,0,0,0,0
1944.2493,0,0,0,0
1944.2521,0,0,0,0
1944.2548,0,0,0,0
1944.2575,0,0,0,0
1944.2603,0,0,0,0
1944.263,0,0,0,0
1944.2658,0,0,0,0
1944.2685,0,0,0,0
1944.2712,0,0,0,0
1944.274,0,0,0,0
1944.2767,0,0,0,0
1944.2795,0,0,0,0
1944.2822,0,0,0,0
1944.2849,0,0,0,0
1944.2877,0,0,0,0
1944.2904,0,0,0,0
1944.2932,0,0,0,0
1944.2959,0,0,0,0
1944.2986,0,0,0,0
1944.3014,0,0,0,0
1944.3041,0,0,0,0
1944.3068,1,1,0,0
1944.3096,0,0,0,0
1944.3123,0,0,0,0
1944.3151,0,0,0,0
1944.3178,0,0,0,0
1944.3205,0,0,0,0
1944.3233,0,0,0,0
1944.326,0,0,0,0
1944.3288,0,0,0,0
1944.3315,0,0,0,0
1944.3342,0,0,0,0
1944.337,0,0,0,0
1944.3397,0,0,0,0
1944.3425,0,0,0,0
1944.3452,0,0,0,0
1944.3479,0,0,0,0
1944.3507,0,0,0,0
1944.3534,0,0,0,0
1944.3562,0,0,0,0
1944.3589,0,0,0,0
1944.3616,0,0,0,0
1944.3644,0,0,0,0
1944.3671,0,0,0,0
1944.3699,0,0,0,0
1944.3726,0,0,0,0
1944.3753,0,0,0,0
1944.3781,0,0,0,0
1944.3808,0,0,0,0
1944.3836,0,0,0,0
1944.3863,0,0,0,0
1944.389,0,0,0,0
1944.3918,0,0,0,0
1944.3945,0,0,0,0
1944.3973,0,0,0,0
1944.4,0,0,0,0
1944.4027,0,0,0,0
1944.4055,0,0,0,0
1944.4082,0,0,0,0
1944.411,0,0,0,0
1944.4137,0,0,0,0
1944.4164,0,0,0,0
1944.4192,0,0,0,0
1944.4219,0,0,0,0
1944.4247,0,0,0,0
1944.4274,0,0,0,0
1944.4301,0,0,0,0
1944.4329,0,0,0,0
1944.4356,0,0,0,0
1944.4384,0,0,0,0
1944.4411,0,0,0,0
1944.4438,0,0,0,0
1944.4466,0,0,0,0
1944.4493,0,0,0,0
1944.4521,0,0,0,0
1944.4548,0,0,0,0
1944.4575,0,0,0,0
1944.4603,0,0,0,0
1944.463,0,0,0,0
1944.4658,0,0,0,0
1944.4685,0,0,0,0
1944.4712,0,0,0,0
1944.474,0,0,0,0
1944.4767,0,0,0,0
1944.4795,0,0,0,0
1944.4822,0,0,0,0
1944.4849,0,0,0,0
1944.4877,0,0,0,0
1944.4904,0,0,0,0
1944.4932,0,0,0,0
1944.4959,0,0,0,0
1944.5178,0,0,0,0
1944.526,0,0,0,0
1944.5425,0,0,0,0
1944.5644,0,0,0,0
1944.5671,0,0,0,0
1944.5753,0,0,0,0
1944.5918,0,0,0,0
1944.5945,0,0,0,0
1944.6137,0,0,0,0
1944.6219,0,0,0,0
1944.6247,0,0,0,0
1944.6274,0,0,0,0
1944.6384,0,0,0,0
1944.6411,0,0,0,0
1944.6493,0,0,0,0
1944.6521,0,0,0,0
1944.6548,0,0,0,0
1944.663,0,0,0,0
1944.6685,0,0,0,0
1944.6712,0,0,0,0
1944.674,0,0,0,0
1944.6767,0,0,0,0
1944.6795,0,0,0,0
1944.6822,0,0,0,0
1944.6849,0,0,0,0
1944.6877,0,0,0,0
1944.6904,0,0,0,0
1944.6932,0,0,0,0
1944.6959,0,0,0,0
1944.6986,0,0,0,0
1944.7014,0,0,0,0
1944.7041,0,0,0,0
1944.7068,0,0,0,0
1944.7096,0,0,0,0
1944.7123,0,0,0,0
1944.7151,0,0,0,0
1944.7178,0,0,0,0
1944.7205,0,0,0,0
1944.7233,0,0,0,0
1944.726,0,0,0,0
1944.7288,0,0,0,0
1944.7315,0,0,0,0
1944.7342,0,0,0,0
1944.737,0,0,0,0
1944.7397,0,0,0,0
1944.7425,0,0,0,0
1944.7452,0,0,0,0
1944.7479,0,0,0,0
1944.7507,0,0,0,0
1944.7534,0,0,0,0
1944.7562,0,0,0,0
1944.7589,0,0,0,0
1944.7616,0,0,0,0
1944.7644,0,0,0,0
1944.7671,0,0,0,0
1944.7699,0,0,0,0
1944.7726,0,0,0,0
1944.7753,0,0,0,0
1944.7781,0,0,0,0
1944.7808,0,0,0,0
1944.7836,0,0,0,0
1944.7863,0,0,0,0
1944.789,0,0,0,0
1944.7918,0,0,0,0
1944.7945,0,0,0,0
1944.7973,0,0,0,0
1944.8,0,0,0,0
1944.8027,0,0,0,0
1944.8055,0,0,0,0
1944.8082,0,0,0,0
1944.811,0,0,0,0
1944.8137,0,0,0,0
1944.8164,0,0,0,0
1944.8192,0,0,0,0
1944.8219,0,0,0,0
1944.8247,0,0,0,0
1944.8274,0,0,0,0
1944.8301,0,0,0,0
1944.8329,0,0,0,0
1944.8356,0,0,0,0
1944.8384,0,0,0,0
1944.8411,0,0,0,0
1944.8438,0,0,0,0
1944.8466,0,0,0,0
1944.8493,0,0,0,0
1944.8521,0,0,0,0
1944.8548,0,0,0,0
1944.8575,0,0,0,0
1944.8603,0,0,0,0
1944.863,0,0,0,0
1944.8658,0,0,0,0
1944.8685,0,0,0,0
1944.8712,0,0,0,0
1944.874,0,0,0,0
1944.8767,0,0,0,0
1944.8795,0,0,0,0
1944.8822,0,0,0,0
1944.8849,0,0,0,0
1944.8877,0,0,0,0
1944.8904,0,0,0,0
1944.8932,0,0,0,0
1944.8959,0,0,0,0
1944.8986,0,0,0,0
1944.9014,0,0,0,0
1944.9041,0,0,0,0
1944.9068,0,0,0,0
1944.9096,0,0,0,0
1944.9123,0,0,0,0
1944.9151,0,0,0,0
1944.9178,0,0,0,0
1944.9205,0,0,0,0
1944.9233,0,0,0,0
1944.926,0,0,0,0
1944.9288,0,0,0,0
1944.9315,0,0,0,0
1944.9342,0,0,0,0
1944.937,0,0,0,0
1944.9397,0,0,0,0
1944.9425,0,0,0,0
1944.9452,0,0,0,0
1944.9479,0,0,0,0
1944.9507,0,0,0,0
1944.9534,0,0,0,0
1944.9562,0,0,0,0
1944.9589,0,0,0,0
1944.9616,0,0,0,0
1944.9644,0,0,0,0
1944.9671,0,0,0,0
1944.9699,0,0,0,0
1944.9726,0,0,0,0
1944.9753,0,0,0,0
1944.9781,0,0,0,0
1944.9808,0,0,0,0
1944.9836,0,0,0,0
1944.9863,0,0,0,0
1944.989,0,0,0,0
1944.9918,0,0,0,0
1944.9945,0,0,0,0
1944.9973,0,0,0,0
1945,0,0,0,0
1945,0,0,0,0
1945.0027,0,0,0,0
1945.0055,0,0,0,0
1945.0082,0,0,0,0
1945.011,0,0,0,0
1945.0137,0,0,0,0
1945.0164,0,0,0,0
1945.0192,0,0,0,0
1945.0219,0,0,0,0
1945.0247,0,0,0,0
1945.0274,0,0,0,0
1945.0301,0,0,0,0
1945.0329,0,0,0,0
1945.0356,0,0,0,0
1945.0384,0,0,0,0
1945.0411,0,0,0,0
1945.0438,0,0,0,0
1945.0466,0,0,0,0
1945.0493,0,0,0,0
1945.0521,0,0,0,0
1945.0548,0,0,0,0
1945.0575,0,0,0,0
1945.0603,0,0,0,0
1945.063,0,0,0,0
1945.0658,0,0,0,0
1945.0685,0,0,0,0
1945.0712,0,0,0,0
1945.074,0,0,0,0
1945.0767,0,0,0,0
1945.0795,0,0,0,0
1945.0822,0,0,0,0
1945.0849,0,0,0,0
1945.0877,0,0,0,0
1945.0904,0,0,0,0
1945.0932,0,0,0,0
1945.0959,0,0,0,0
1945.0986,0,0,0,0
1945.1014,0,0,0,0
1945.1041,0,0,0,0
1945.1068,0,0,0,0
1945.1096,0,0,0,0
1945.1123,0,0,0,0
1945.1151,0,0,0,0
1945.1178,0,0,0,0
1945.1205,0,0,0,0
1945.1233,0,0,0,0
1945.126,0,0,0,0
1945.1288,0,0,0,0
1945.1315,0,0,0,0
1945.1342,0,0,0,0
1945.137,0,0,0,0
1945.1397,0,0,0,0
1945.1425,0,0,0,0
1945.1452,0,0,0,0
1945.1479,0,0,0,0
1945.1507,0,0,0,0
1945.1534,0,0,0,0
1945.1562,0,0,0,0
1945.1589,0,0,0,0
1945.1616,0,0,0,0
1945.1644,0,0,0,0
1945.1671,0,0,0,0
1945.1699,0,0,0,0
1945.1726,0,0,0,0
1945.1753,0,0,0,0
1945.1781,0,0,0,0
1945.1808,0,0,0,0
1945.1836,0,0,0,0
1945.1863,0,0,0,0
1945.189,0,0,0,0
1945.1918,0,0,0,0
1945.1945,0,0,0,0
1945.1973,0,0,0,0
1945.2,0,0,0,0
1945.2027,0,0,0,0
1945.2055,0,0,0,0
1945.2082,0,0,0,0
1945.211,0,0,0,0
1945.2137,0,0,0,0
1945.2164,0,0,0,0
1945.2192,0,0,0,0
1945.2219,0,0,0,0
1945.2247,0,0,0,0
1945.2274,0,0,0,0
1945.2301,0,0,0,0
1945.2329,0,0,0,0
1945.2356,0,0,0,0
1945.2384,0,0,0,0
1945.2411,0,0,0,0
1945.2438,0,0,0,0
1945.2466,0,0,0,0
1945.2493,0,0,0,0
1945.2521,0,0,0,0
1945.2548,0,0,0,0
1945.274,0,0,0,0
1945.2767,0,0,0,0
1945.2795,0,0,0,0
1945.2822,0,0,0,0
1945.2849,0,0,0,0
1945.2877,0,0,0,0
1945.2932,0,0,0,0
1945.2959,0,0,0,0
1945.2986,0,0,0,0
1945.3068,0,0,0,0
1945.3096,0,0,0,0
1945.3123,0,0,0,0
1945.3151,0,0,0,0
1945.3178,0,0,0,0
1945.3205,0,0,0,0
1945.3288,0,0,0,0
1945.3315,0,0,0,0
1945.3342,0,0,0,0
1945.337,0,0,0,0
1945.3425,0,0,0,0
1945.3452,0,0,0,0
1945.3507,0,0,0,0
1945.3534,0,0,0,0
1945.3644,0,0,0,0
1945.3671,0,0,0,0
1945.3699,0,0,0,0
1945.3726,0,0,0,0
1945.3808,0,0,0,0
1945.3836,0,0,0,0
1945.389,0,0,0,0
1945.3945,0,0,0,0
1945.4,0,0,0,0
1945.4027,0,0,0,0
1945.4055,0,0,0,0
1945.4082,0,0,0,0
1945.4137,0,0,0,0
1945.4164,0,0,0,0
1945.4247,0,0,0,0
1945.4274,0,0,0,0
1945.4301,0,0,0,0
1945.4329,0,0,0,0
1945.4356,0,0,0,0
1945.4411,0,0,0,0
1945.4438,0,0,0,0
1945.4466,0,0,0,0
1945.4493,0,0,0,0
1945.4521,0,0,0,0
1945.4548,0,0,0,0
1945.4575,0,0,0,0
1945.4603,0,0,0,0
1945.4658,0,0,0,0
1945.4685,0,0,0,0
1945.4795,0,0,0,0
1945.4822,0,0,0,0
1945.4849,0,0,0,0
1945.4904,0,0,0,0
1945.4932,0,0,0,0
1945.4959,0,0,0,0
1945.4986,0,0,0,0
1945.5014,0,0,0,0
1945.5041,0,0,0,0
1945.5068,0,0,0,0
1945.5096,0,0,0,0
1945.5123,0,0,0,0
1945.5151,0,0,0,0
1945.5178,0,0,0,0
1945.5205,0,0,0,0
1945.5233,0,0,0,0
1945.526,0,0,0,0
1945.5288,0,0,0,0
1945.5315,0,0,0,0
1945.5342,0,0,0,0
1945.537,0,0,0,0
1945.5397,0,0,0,0
1945.5425,0,0,0,0
1945.5452,0,0,0,0
1945.5479,0,0,0,0
1945.5507,0,0,0,0
1945.5534,0,0,0,0
1945.5562,0,0,0,0
1945.5589,0,0,0,0
1945.5616,0,0,0,0
1945.5644,0,0,0,0
1945.5671,0,0,0,0
1945.5699,0,0,0,0
1945.5726,0,0,0,0
1945.5753,0,0,0,0
1945.5781,0,0,0,0
1945.5808,0,0,0,0
1945.5836,0,0,0,0
1945.5863,0,0,0,0
1945.589,0,0,0,0
1945.5918,0,0,0,0
1945.5945,0,0,0,0
1945.5973,0,0,0,0
1945.6,0,0,0,0
1945.6027,0,0,0,0
1945.6055,0,0,0,0
1945.6082,0,0,0,0
1945.611,0,0,0,0
1945.6137,0,0,0,0
1945.6164,0,0,0,0
1945.6192,0,0,0,0
1945.6219,0,0,0,0
1945.6247,0,0,0,0
1945.6274,0,0,0,0
1945.6301,0,0,0,0
1945.6329,0,0,0,0
1945.6356,0,0,0,0
1945.6384,0,0,0,0
1945.6411,0,0,0,0
1945.6438,0,0,0,0
1945.6466,0,0,0,0
1945.6493,0,0,0,0
1945.6521,0,0,0,0
1945.6548,0,0,0,0
1945.6575,0,0,0,0
1945.6603,0,0,0,0
1945.663,0,0,0,0
1945.6658,0,0,0,0
1945.6685,0,0,0,0
1945.6712,0,0,0,0
1945.674,0,0,0,0
1945.6767,0,0,0,0
1945.6795,0,0,0,0
1945.6822,0,0,0,0
1945.6849,0,0,0,0
1945.6877,0,0,0,0
1945.6904,0,0,0,0
1945.6932,0,0,0,0
1945.6959,0,0,0,0
1945.6986,1,1,0,0
1945.7014,0,0,0,0
1945.7041,0,0,0,0
1945.7068,0,0,0,0
1945.7096,0,0,0,0
1945.7123,0,0,0,0
1945.7151,0,0,0,0
1945.7178,0,0,0,0
1945.7205,0,0,0,0
1945.7233,0,0,0,0
1945.726,0,0,0,0
1945.7288,0,0,0,0
1945.7315,0,0,0,0
1945.7342,0,0,0,0
1945.737,0,0,0,0
1945.7397,0,0,0,0
1945.7425,0,0,0,0
1945.7452,0,0,0,0
1945.7479,0,0,0,0
1945.7507,0,0,0,0
1945.7534,0,0,0,0
1945.7562,0,0,0,0
1945.7589,0,0,0,0
1945.7616,0,0,0,0
1945.7644,0,0,0,0
1945.7671,0,0,0,0
1945.7699,0,0,0,0
1945.7726,0,0,0,0
1945.7753,0,0,0,0
1945.7781,0,0,0,0
1945.7808,0,0,0,0
1945.7836,0,0,0,0
1945.7863,0,0,0,0
1945.789,0,0,0,0
1945.7918,0,0,0,0
1945.7945,0,0,0,0
1945.7973,0,0,0,0
1945.8,0,0,0,0
1945.8027,0,0,0,0
1945.8055,0,0,0,0
1945.8082,0,0,0,0
1945.811,0,0,0,0
1945.8137,0,0,0,0
1945.8164,0,0,0,0
1945.8192,0,0,0,0
1945.8219,0,0,0,0
1945.8247,0,0,0,0
1945.8274,0,0,0,0
1945.8301,0,0,0,0
1945.8329,0,0,0,0
1945.8356,0,0,0,0
1945.8384,0,0,0,0
1945.8411,0,0,0,0
1945.8438,0,0,0,0
1945.8466,0,0,0,0
1945.8493,0,0,0,0
1945.8521,0,0,0,0
1945.8548,0,0,0,0
1945.8575,0,0,0,0
1945.8603,0,0,0,0
1945.863,0,0,0,0
1945.8658,0,0,0,0
1945.8685,0,0,0,0
1945.8712,0,0,0,0
1945.874,0,0,0,0
1945.8767,0,0,0,0
1945.8795,0,0,0,0
1945.8822,0,0,0,0
1945.8849,0,0,0,0
1945.8877,0,0,0,0
1945.8904,0,0,0,0
1945.8932,0,0,0,0
1945.8959,0,0,0,0
1945.8986,0,0,0,0
1945.9014,0,0,0,0
1945.9041,0,0,0,0
1945.9068,0,0,0,0
1945.9096,0,0,0,0
1945.9123,0,0,0,0
1945.9151,0,0,0,0
1945.9178,0,0,0,0
1945.9205,0,0,0,0
1945.9233,0,0,0,0
1945.926,0,0,0,0
1945.9288,0,0,0,0
1945.9315,0,0,0,0
1945.9342,0,0,0,0
1945.937,0,0,0,0
1945.9397,0,0,0,0
1945.9425,0,0,0,0
1945.9452,0,0,0,0
1945.9479,0,0,0,0
1945.9507,0,0,0,0
1945.9534,0,0,0,0
1945.9562,0,0,0,0
1945.9589,0,0,0,0
1945.9616,0,0,0,0
1945.9644,0,0,0,0
1945.9671,0,0,0,0
1945.9699,0,0,0,0
1945.9726,0,0,0,0
1945.9753,0,0,0,0
1945.9781,0,0,0,0
1945.9808,0,0,0,0
1945.9836,0,0,0,0
1945.9863,0,0,0,0
1945.989,0,0,0,0
1945.9918,0,0,0,0
1945.9945,0,0,0,0
1945.9973,0,0,0,0
1946,0,0,0,0
1946.0027,0,0,0,0
1946.0055,0,0,0,0
1946.0082,0,0,0,0
1946.011,0,0,0,0
1946.0137,0,0,0,0
1946.0164,0,0,0,0
1946.0192,0,0,0,0
1946.0219,0,0,0,0
1946.0247,0,0,0,0
1946.0274,0,0,0,0
1946.0301,0,0,0,0
1946.0329,0,0,0,0
1946.0356,0,0,0,0
1946.0384,0,0,0,0
1946.0411,0,0,0,0
1946.0438,0,0,0,0
1946.0466,0,0,0,0
1946.0493,0,0,0,0
1946.0521,0,0,0,0
1946.0548,0,0,0,0
1946.0575,0,0,0,0
1946.0603,0,0,0,0
1946.063,0,0,0,0
1946.0658,0,0,0,0
1946.0685,0,0,0,0
1946.0712,0,0,0,0
1946.074,0,0,0,0
1946.0767,0,0,0,0
1946.0795,0,0,0,0
1946.0822,0,0,0,0
1946.0849,0,0,0,0
1946.0877,0,0,0,0
1946.0904,0,0,0,0
1946.0932,0,0,0,0
1946.0959,0,0,0,0
1946.0986,0,0,0,0
1946.1014,0,0,0,0
1946.1041,0,0,0,0
1946.1068,0,0,0,0
1946.1096,0,0,0,0
1946.1123,0,0,0,0
1946.1151,0,0,0,0
1946.1178,0,0,0,0
1946.1205,0,0,0,0
1946.1233,0,0,0,0
1946.126,0,0,0,0
1946.1288,0,0,0,0
1946.1315,0,0,0,0
1946.1342,0,0,0,0
1946.137,0,0,0,0
1946.1397,0,0,0,0
1946.1425,0,0,0,0
1946.1452,0,0,0,0
1946.1479,0,0,0,0
1946.1507,0,0,0,0
1946.1534,0,0,0,0
1946.1562,0,0,0,0
1946.1589,0,0,0,0
1946.1616,0,0,0,0
1946.1644,0,0,0,0
1946.1671,0,0,0,0
1946.1699,0,0,0,0
1946.1726,0,0,0,0
1946.1753,0,0,0,0
1946.1781,0,0,0,0
1946.1808,0,0,0,0
1946.1836,0,0,0,0
1946.1863,0,0,0,0
1946.189,0,0,0,0
1946.1918,0,0,0,0
1946.1945,0,0,0,0
1946.1973,0,0,0,0
1946.2,0,0,0,0
1946.2027,0,0,0,0
1946.2055,0,0,0,0
1946.2082,0,0,0,0
1946.211,0,0,0,0
1946.2137,0,0,0,0
1946.2164,0,0,0,0
1946.2192,0,0,0,0
1946.2219,0,0,0,0
1946.2247,0,0,0,0
1946.2274,0,0,0,0
1946.2301,0,0,0,0
1946.2329,0,0,0,0
1946.2356,0,0,0,0
1946.2384,0,0,0,0
1946.2411,0,0,0,0
1946.2438,0,0,0,0
1946.2466,0,0,0,0
1946.2493,0,0,0,0
1946.2521,0,0,0,0
1946.2548,0,0,0,0
1946.2575,0,0,0,0
1946.2603,0,0,0,0
1946.263,0,0,0,0
1946.2658,0,0,0,0
1946.2685,0,0,0,0
1946.2712,0,0,0,0
1946.274,0,0,0,0
1946.2767,0,0,0,0
1946.2795,0,0,0,0
1946.2822,0,0,0,0
1946.2849,0,0,0,0
1946.2877,0,0,0,0
1946.2904,0,0,0,0
1946.2932,0,0,0,0
1946.2959,0,0,0,0
1946.2986,0,0,0,0
1946.3014,0,0,0,0
1946.3041,0,0,0,0
1946.3068,0,0,0,0
1946.3096,0,0,0,0
1946.3123,0,0,0,0
1946.3151,0,0,0,0
1946.3178,0,0,0,0
1946.3205,0,0,0,0
1946.3233,0,0,0,0
1946.326,0,0,0,0
1946.3288,0,0,0,0
1946.3315,0,0,0,0
1946.3342,0,0,0,0
1946.337,0,0,0,0
1946.3397,0,0,0,0
1946.3425,0,0,0,0
1946.3452,0,0,0,0
1946.3479,0,0,0,0
1946.3507,0,0,0,0
1946.3534,0,0,0,0
1946.3562,0,0,0,0
1946.3589,0,0,0,0
1946.3616,0,0,0,0
1946.3644,0,0,0,0
1946.3671,0,0,0,0
1946.3699,0,0,0,0
1946.3726,0,0,0,0
1946.3753,0,0,0,0
1946.3781,0,0,0,0
1946.3808,0,0,0,0
1946.3836,0,0,0,0
1946.3863,0,0,0,0
1946.389,0,0,0,0
1946.3918,0,0,0,0
1946.3945,0,0,0,0
1946.3973,0,0,0,0
1946.4,0,0,0,0
1946.4027,0,0,0,0
1946.4055,0,0,0,0
1946.4082,0,0,0,0
1946.411,0,0,0,0
1946.4137,0,0,0,0
1946.4164,0,0,0,0
1946.4192,0,0,0,0
1946.4219,0,0,0,0
1946.4247,0,0,0,0
1946.4274,0,0,0,0
1946.4301,0,0,0,0
1946.4329,0,0,0,0
1946.4356,0,0,0,0
1946.4384,0,0,0,0
1946.4411,0,0,0,0
1946.4438,0,0,0,0
1946.4466,0,0,0,0
1946.4493,0,0,0,0
1946.4521,0,0,0,0
1946.4548,0,0,0,0
1946.4575,0,0,0,0
1946.4603,0,0,0,0
1946.463,0,0,0,0
1946.4658,0,0,0,0
1946.4685,0,0,0,0
1946.4712,0,0,0,0
1946.474,0,0,0,0
1946.4767,0,0,0,0
1946.4795,0,0,0,0
1946.4822,0,0,0,0
1946.4849,0,0,0,0
1946.4877,0,0,0,0
1946.4904,0,0,0,0
1946.4932,0,0,0,0
1946.4959,0,0,0,0
1946.4986,0,0,0,0
1946.5014,0,0,0,0
1946.5041,0,0,0,0
1946.5068,0,0,0,0
1946.5096,0,0,0,0
1946.5123,0,0,0,0
1946.5151,0,0,0,0
1946.5178,0,0,0,0
1946.5205,0,0,0,0
1946.5233,0,0,0,0
1946.526,0,0,0,0
1946.5288,0,0,0,0
1946.5315,0,0,0,0
1946.5342,0,0,0,0
1946.537,0,0,0,0
1946.5397,0,0,0,0
1946.5425,0,0,0,0
1946.5452,0,0,0,0
1946.5479,0,0,0,0
1946.5507,0,0,0,0
1946.5534,0,0,0,0
1946.5562,0,0,0,0
1946.5589,0,0,0,0
1946.5616,0,0,0,0
1946.5644,0,0,0,0
1946.5671,0,0,0,0
1946.5699,0,0,0,0
1946.5726,0,0,0,0
1946.5753,0,0,0,0
1946.5781,0,0,0,0
1946.5808,0,0,0,0
1946.5836,0,0,0,0
1946.5863,0,0,0,0
1946.589,0,0,0,0
1946.5918,0,0,0,0
1946.5945,0,0,0,0
1946.5973,0,0,0,0
1946.6,0,0,0,0
1946.6027,0,0,0,0
1946.6055,0,0,0,0
1946.6082,0,0,0,0
1946.611,0,0,0,0
1946.6137,0,0,0,0
1946.6164,0,0,0,0
1946.6192,1,1,0,0
1946.6219,0,0,0,0
1946.6247,0,0,0,0
1946.6274,0,0,0,0
1946.6301,0,0,0,0
1946.6329,0,0,0,0
1946.6356,0,0,0,0
1946.6384,0,0,0,0
1946.6411,0,0,0,0
1946.6438,0,0,0,0
1946.6466,0,0,0,0
1946.6493,0,0,0,0
1946.6521,0,0,0,0
1946.6548,0,0,0,0
1946.6575,0,0,0,0
1946.6603,0,0,0,0
1946.663,0,0,0,0
1946.6658,0,0,0,0
1946.6685,0,0,0,0
1946.6712,0,0,0,0
1946.674,0,0,0,0
1946.6767,0,0,0,0
1946.6795,0,0,0,0
1946.6822,0,0,0,0
1946.6849,0,0,0,0
1946.6877,0,0,0,0
1946.6904,0,0,0,0
1946.6932,0,0,0,0
1946.6959,0,0,0,0
1946.6986,0,0,0,0
1946.7014,0,0,0,0
1946.7041,0,0,0,0
1946.7068,0,0,0,0
1946.7096,0,0,0,0
1946.7123,0,0,0,0
1946.7151,0,0,0,0
1946.7178,0,0,0,0
1946.7205,0,0,0,0
1946.7233,0,0,0,0
1946.726,0,0,0,0
1946.7288,0,0,0,0
1946.7315,0,0,0,0
1946.7342,0,0,0,0
1946.737,0,0,0,0
1946.7397,0,0,0,0
1946.7425,0,0,0,0
1946.7452,0,0,0,0
1946.7479,0,0,0,0
1946.7507,0,0,0,0
1946.7534,0,0,0,0
1946.7562,0,0,0,0
1946.7589,0,0,0,0
1946.7616,0,0,0,0
1946.7644,0,0,0,0
1946.7671,0,0,0,0
1946.7699,0,0,0,0
1946.7726,0,0,0,0
1946.7753,0,0,0,0
1946.7781,0,0,0,0
1946.7808,0,0,0,0
1946.7836,0,0,0,0
1946.7863,0,0,0,0
1946.789,0,0,0,0
1946.7918,0,0,0,0
1946.7945,0,0,0,0
1946.7973,0,0,0,0
1946.8,0,0,0,0
1946.8027,0,0,0,0
1946.8055,0,0,0,0
1946.8082,0,0,0,0
1946.811,0,0,0,0
1946.8137,0,0,0,0
1946.8164,0,0,0,0
1946.8192,0,0,0,0
1946.8219,0,0,0,0
1946.8247,0,0,0,0
1946.8274,0,0,0,0
1946.8301,0,0,0,0
1946.8329,0,0,0,0
1946.8356,0,0,0,0
1946.8384,0,0,0,0
1946.8411,0,0,0,0
1946.8438,0,0,0,0
1946.8466,0,0,0,0
1946.8493,0,0,0,0
1946.8521,0,0,0,0
1946.8548,0,0,0,0
1946.8575,0,0,0,0
1946.8603,0,0,0,0
1946.863,0,0,0,0
1946.8658,0,0,0,0
1946.8685,0,0,0,0
1946.8712,0,0,0,0
1946.874,0,0,0,0
1946.8767,0,0,0,0
1946.8795,0,0,0,0
1946.8822,0,0,0,0
1946.8849,0,0,0,0
1946.8877,0,0,0,0
1946.8904,0,0,0,0
1946.8932,0,0,0,0
1946.8959,0,0,0,0
1946.8986,0,0,0,0
1946.9014,0,0,0,0
1946.9041,0,0,0,0
1946.9068,0,0,0,0
1946.9096,0,0,0,0
1946.9123,0,0,0,0
1946.9151,0,0,0,0
1946.9178,0,0,0,0
1946.9205,0,0,0,0
1946.9233,0,0,0,0
1946.926,0,0,0,0
1946.9288,0,0,0,0
1946.9315,0,0,0,0
1946.9342,0,0,0,0
1946.937,0,0,0,0
1946.9397,0,0,0,0
1946.9425,0,0,0,0
1946.9452,0,0,0,0
1946.9479,0,0,0,0
1946.9507,0,0,0,0
1946.9534,0,0,0,0
1946.9562,0,0,0,0
1946.9589,0,0,0,0
1946.9616,0,0,0,0
1946.9644,0,0,0,0
1946.9671,0,0,0,0
1946.9699,0,0,0,0
1946.9726,0,0,0,0
1946.9753,0,0,0,0
1946.9781,0,0,0,0
1946.9808,0,0,0,0
1946.9836,0,0,0,0
1946.9863,0,0,0,0
1946.989,0,0,0,0
1946.9918,0,0,0,0
1946.9945,0,0,0,0
1946.9973,0,0,0,0
1947,0,0,0,0
1947.0027,0,0,0,0
1947.0055,0,0,0,0
1947.0082,0,0,0,0
1947.011,0,0,0,0
1947.0137,0,0,0,0
1947.0164,0,0,0,0
1947.0192,0,0,0,0
1947.0219,0,0,0,0
1947.0247,0,0,0,0
1947.0274,0,0,0,0
1947.0301,0,0,0,0
1947.0329,0,0,0,0
1947.0356,0,0,0,0
1947.0384,0,0,0,0
1947.0411,0,0,0,0
1947.0438,0,0,0,0
1947.0466,0,0,0,0
1947.0493,0,0,0,0
1947.0521,0,0,0,0
1947.0548,0,0,0,0
1947.0575,0,0,0,0
1947.0603,0,0,0,0
1947.063,0,0,0,0
1947.0658,0,0,0,0
1947.0685,0,0,0,0
1947.0712,0,0,0,0
1947.074,0,0,0,0
1947.0767,0,0,0,0
1947.0795,0,0,0,0
1947.0822,0,0,0,0
1947.0849,0,0,0,0
1947.0877,0,0,0,0
1947.0904,0,0,0,0
1947.0932,0,0,0,0
1947.0959,0,0,0,0
1947.0986,0,0,0,0
1947.1014,0,0,0,0
1947.1041,0,0,0,0
1947.1068,0,0,0,0
1947.1096,0,0,0,0
1947.1123,0,0,0,0
1947.1151,0,0,0,0
1947.1178,0,0,0,0
1947.1205,0,0,0,0
1947.1233,0,0,0,0
1947.126,0,0,0,0
1947.1288,0,0,0,0
1947.1315,0,0,0,0
1947.1342,0,0,0,0
1947.137,0,0,0,0
1947.1397,0,0,0,0
1947.1425,0,0,0,0
1947.1452,0,0,0,0
1947.1479,0,0,0,0
1947.1507,0,0,0,0
1947.1534,0,0,0,0
1947.1562,0,0,0,0
1947.1589,0,0,0,0
1947.1616,0,0,0,0
1947.1644,0,0,0,0
1947.1671,0,0,0,0
1947.1699,0,0,0,0
1947.1726,0,0,0,0
1947.1753,0,0,0,0
1947.1781,0,0,0,0
1947.1808,0,0,0,0
1947.1836,0,0,0,0
1947.1863,0,0,0,0
1947.189,0,0,0,0
1947.1918,0,0,0,0
1947.1945,0,0,0,0
1947.1973,0,0,0,0
1947.2,0,0,0,0
1947.2027,0,0,0,0
1947.2055,0,0,0,0
1947.2082,0,0,0,0
1947.211,0,0,0,0
1947.2137,0,0,0,0
1947.2164,0,0,0,0
1947.2192,0,0,0,0
1947.2219,0,0,0,0
1947.2247,0,0,0,0
1947.2274,0,0,0,0
1947.2301,0,0,0,0
1947.2329,0,0,0,0
1947.2356,0,0,0,0
1947.2384,0,0,0,0
1947.2411,0,0,0,0
1947.2438,0,0,0,0
1947.2466,0,0,0,0
1947.2493,0,0,0,0
1947.2521,0,0,0,0
1947.2548,0,0,0,0
1947.2575,0,0,0,0
1947.2603,0,0,0,0
1947.263,0,0,0,0
1947.2658,0,0,0,0
1947.2685,0,0,0,0
1947.2712,0,0,0,0
1947.274,0,0,0,0
1947.2767,0,0,0,0
1947.2795,0,0,0,0
1947.2822,0,0,0,0
1947.2849,0,0,0,0
1947.2877,0,0,0,0
1947.2904,0,0,0,0
1947.2932,0,0,0,0
1947.2959,0,0,0,0
1947.2986,0,0,0,0
1947.3014,0,0,0,0
1947.3041,0,0,0,0
1947.3068,0,0,0,0
1947.3096,0,0,0,0
1947.3123,0,0,0,0
1947.3151,0,0,0,0
1947.3178,0,0,0,0
1947.3205,0,0,0,0
1947.326,0,0,0,0
1947.3288,0,0,0,0
1947.3315,0,0,0,0
1947.3342,0,0,0,0
1947.337,0,0,0,0
1947.3397,0,0,0,0
1947.3425,0,0,0,0
1947.3452,0,0,0,0
1947.3479,0,0,0,0
1947.3507,0,0,0,0
1947.3534,0,0,0,0
1947.3562,0,0,0,0
1947.3589,0,0,0,0
1947.3616,0,0,0,0
1947.3644,0,0,0,0
1947.3671,0,0,0,0
1947.3699,0,0,0,0
1947.3726,0,0,0,0
1947.3753,0,0,0,0
1947.3781,0,0,0,0
1947.3808,0,0,0,0
1947.3836,0,0,0,0
1947.3863,0,0,0,0
1947.389,0,0,0,0
1947.3918,0,0,0,0
1947.3945,0,0,0,0
1947.3973,0,0,0,0
1947.4,0,0,0,0
1947.4027,0,0,0,0
1947.4055,0,0,0,0
1947.4082,0,0,0,0
1947.411,0,0,0,0
1947.4137,0,0,0,0
1947.4164,0,0,0,0
1947.4192,0,0,0,0
1947.4219,0,0,0,0
1947.4247,0,0,0,0
1947.4274,0,0,0,0
1947.4301,0,0,0,0
1947.4329,0,0,0,0
1947.4356,0,0,0,0
1947.4384,0,0,0,0
1947.4411,0,0,0,0
1947.4438,0,0,0,0
1947.4466,0,0,0,0
1947.4493,0,0,0,0
1947.4521,0,0,0,0
1947.4548,0,0,0,0
1947.4575,0,0,0,0
1947.4603,0,0,0,0
1947.463,0,0,0,0
1947.4658,0,0,0,0
1947.4685,0,0,0,0
1947.4712,0,0,0,0
1947.474,0,0,0,0
1947.4767,0,0,0,0
1947.4795,0,0,0,0
1947.4822,0,0,0,0
1947.4849,0,0,0,0
1947.4877,0,0,0,0
1947.4904,0,0,0,0
1947.4932,1,0,0,0
1947.4959,0,0,0,0
1947.4986,0,0,0,0
1947.5014,0,0,0,0
1947.5041,0,0,0,0
1947.5068,0,0,0,0
1947.5096,0,0,0,0
1947.5151,0,0,0,0
1947.5178,0,0,0,0
1947.5205,0,0,0,0
1947.5233,0,0,0,0
1947.526,0,0,0,0
1947.5288,0,0,0,0
1947.5315,0,0,0,0
1947.5342,0,0,0,0
1947.537,0,0,0,0
1947.5452,0,0,0,0
1947.5479,0,0,0,0
1947.5507,0,0,0,0
1947.5534,0,0,0,0
1947.5562,0,0,0,0
1947.5589,0,0,0,0
1947.5616,0,0,0,0
1947.5644,0,0,0,0
1947.5671,0,0,0,0
1947.5699,0,0,0,0
1947.5726,0,0,0,0
1947.5753,0,0,0,0
1947.5781,0,0,0,0
1947.5808,0,0,0,0
1947.5836,0,0,0,0
1947.5863,0,0,0,0
1947.589,0,0,0,0
1947.5918,0,0,0,0
1947.5945,0,0,0,0
1947.5973,0,0,0,0
1947.6,0,0,0,0
1947.6027,0,0,0,0
1947.6055,0,0,0,0
1947.6082,0,0,0,0
1947.611,0,0,0,0
1947.6137,0,0,0,0
1947.6164,0,0,0,0
1947.6192,0,0,0,0
1947.6219,0,0,0,0
1947.6247,0,0,0,0
1947.6274,0,0,0,0
1947.6301,0,0,0,0
1947.6329,0,0,0,0
1947.6356,0,0,0,0
1947.6384,0,0,0,0
1947.6411,0,0,0,0
1947.6438,0,0,0,0
1947.6466,0,0,0,0
1947.6493,0,0,0,0
1947.6521,0,0,0,0
1947.6548,0,0,0,0
1947.6575,0,0,0,0
1947.6603,0,0,0,0
1947.663,0,0,0,0
1947.6658,0,0,0,0
1947.6685,0,0,0,0
1947.6712,0,0,0,0
1947.674,0,0,0,0
1947.6767,0,0,0,0
1947.6795,0,0,0,0
1947.6822,0,0,0,0
1947.6849,0,0,0,0
1947.6877,0,0,0,0
1947.6904,0,0,0,0
1947.6932,0,0,0,0
1947.6959,0,0,0,0
1947.6986,0,0,0,0
1947.7014,0,0,0,0
1947.7041,0,0,0,0
1947.7068,0,0,0,0
1947.7096,0,0,0,0
1947.7123,0,0,0,0
1947.7151,0,0,0,0
1947.7178,0,0,0,0
1947.7205,0,0,0,0
1947.7233,0,0,0,0
1947.726,0,0,0,0
1947.7288,0,0,0,0
1947.7315,0,0,0,0
1947.7342,0,0,0,0
1947.737,0,0,0,0
1947.7397,0,0,0,0
1947.7425,0,0,0,0
1947.7452,0,0,0,0
1947.7479,0,0,0,0
1947.7507,0,0,0,0
1947.7534,0,0,0,0
1947.7562,0,0,0,0
1947.7589,0,0,0,0
1947.7616,0,0,0,0
1947.7644,0,0,0,0
1947.7671,0,0,0,0
1947.7699,0,0,0,0
1947.7726,0,0,0,0
1947.7753,0,0,0,0
1947.7781,0,0,0,0
1947.7808,0,0,0,0
1947.7836,0,0,0,0
1947.7863,0,0,0,0
1947.789,0,0,0,0
1947.7918,0,0,0,0
1947.7945,0,0,0,0
1947.7973,0,0,0,0
1947.8,0,0,0,0
1947.8027,0,0,0,0
1947.8055,0,0,0,0
1947.8082,0,0,0,0
1947.811,0,0,0,0
1947.8137,0,0,0,0
1947.8164,0,0,0,0
1947.8192,0,0,0,0
1947.8219,0,0,0,0
1947.8247,0,0,0,0
1947.8274,0,0,0,0
1947.8301,0,0,0,0
1947.8329,0,0,0,0
1947.8356,0,0,0,0
1947.8384,0,0,0,0
1947.8411,0,0,0,0
1947.8438,0,0,0,0
1947.8466,0,0,0,0
1947.8493,0,0,0,0
1947.8521,0,0,0,0
1947.8548,0,0,0,0
1947.8575,0,0,0,0
1947.8603,0,0,0,0
1947.863,0,0,0,0
1947.8658,0,0,0,0
1947.8685,0,0,0,0
1947.8712,0,0,0,0
1947.874,0,0,0,0
1947.8767,0,0,0,0
1947.8795,0,0,0,0
1947.8822,0,0,0,0
1947.8849,0,0,0,0
1947.8877,0,0,0,0
1947.8904,0,0,0,0
1947.8932,0,0,0,0
1947.8959,0,0,0,0
1947.8986,0,0,0,0
1947.9014,0,0,0,0
1947.9041,0,0,0,0
1947.9068,0,0,0,0
1947.9096,0,0,0,0
1947.9123,0,0,0,0
1947.9151,0,0,0,0
1947.9178,0,0,0,0
1947.9205,0,0,0,0
1947.9233,0,0,0,0
1947.926,0,0,0,0
1947.9288,0,0,0,0
1947.9315,0,0,0,0
1947.9342,0,0,0,0
1947.937,0,0,0,0
1947.9397,0,0,0,0
1947.9425,0,0,0,0
1947.9452,0,0,0,0
1947.9479,0,0,0,0
1947.9507,0,0,0,0
1947.9534,0,0,0,0
1947.9562,0,0,0,0
1947.9589,0,0,0,0
1947.9616,0,0,0,0
1947.9644,0,0,0,0
1947.9671,0,0,0,0
1947.9699,0,0,0,0
1947.9726,0,0,0,0
1947.9753,0,0,0,0
1947.9781,0,0,0,0
1947.9808,0,0,0,0
1947.9836,0,0,0,0
1947.9863,0,0,0,0
1947.989,0,0,0,0
1947.9918,0,0,0,0
1947.9945,0,0,0,0
1947.9973,0,0,0,0
1948,0,0,0,0
1948.0027,0,0,0,0
1948.0055,0,0,0,0
1948.0082,0,0,0,0
1948.011,0,0,0,0
1948.0137,0,0,0,0
1948.0164,0,0,0,0
1948.0192,0,0,0,0
1948.0219,0,0,0,0
1948.0247,0,0,0,0
1948.0274,0,0,0,0
1948.0301,0,0,0,0
1948.0329,0,0,0,0
1948.0356,0,0,0,0
1948.0384,0,0,0,0
1948.0411,0,0,0,0
1948.0438,0,0,0,0
1948.0466,0,0,0,0
1948.0493,0,0,0,0
1948.0521,0,0,0,0
1948.0548,0,0,0,0
1948.0575,0,0,0,0
1948.0603,0,0,0,0
1948.063,0,0,0,0
1948.0658,0,0,0,0
1948.0685,0,0,0,0
1948.0712,0,0,0,0
1948.074,0,0,0,0
1948.0767,0,0,0,0
1948.0795,0,0,0,0
1948.0822,0,0,0,0
1948.0849,0,0,0,0
1948.0877,0,0,0,0
1948.0904,0,0,0,0
1948.0932,0,0,0,0
1948.0959,0,0,0,0
1948.0986,0,0,0,0
1948.1014,0,0,0,0
1948.1041,0,0,0,0
1948.1068,0,0,0,0
1948.1096,0,0,0,0
1948.1123,0,0,0,0
1948.1151,0,0,0,0
1948.1178,0,0,0,0
1948.1205,0,0,0,0
1948.1233,0,0,0,0
1948.126,0,0,0,0
1948.1288,0,0,0,0
1948.1315,0,0,0,0
1948.1342,0,0,0,0
1948.137,0,0,0,0
1948.1397,0,0,0,0
1948.1425,0,0,0,0
1948.1452,0,0,0,0
1948.1479,0,0,0,0
1948.1507,0,0,0,0
1948.1534,0,0,0,0
1948.1562,0,0,0,0
1948.1589,0,0,0,0
1948.1616,0,0,0,0
1948.1644,0,0,0,0
1948.1671,0,0,0,0
1948.1699,0,0,0,0
1948.1726,0,0,0,0
1948.1753,0,0,0,0
1948.1781,0,0,0,0
1948.1808,0,0,0,0
1948.1836,0,0,0,0
1948.1863,0,0,0,0
1948.189,0,0,0,0
1948.1918,0,0,0,0
1948.1945,0,0,0,0
1948.1973,0,0,0,0
1948.2,0,0,0,0
1948.2027,0,0,0,0
1948.2055,0,0,0,0
1948.2082,0,0,0,0
1948.211,0,0,0,0
1948.2137,0,0,0,0
1948.2164,0,0,0,0
1948.2192,0,0,0,0
1948.2219,0,0,0,0
1948.2247,0,0,0,0
1948.2274,0,0,0,0
1948.2301,0,0,0,0
1948.2329,0,0,0,0
1948.2356,0,0,0,0
1948.2384,0,0,0,0
1948.2411,0,0,0,0
1948.2438,0,0,0,0
1948.2466,0,0,0,0
1948.2493,0,0,0,0
1948.2521,0,0,0,0
1948.2548,0,0,0,0
1948.2575,0,0,0,0
1948.2603,0,0,0,0
1948.263,0,0,0,0
1948.2658,0,0,0,0
1948.2685,0,0,0,0
1948.2712,0,0,0,0
1948.274,0,0,0,0
1948.2767,0,0,0,0
1948.2795,0,0,0,0
1948.2822,0,0,0,0
1948.2849,0,0,0,0
1948.2877,0,0,0,0
1948.2904,0,0,0,0
1948.2932,0,0,0,0
1948.2959,0,0,0,0
1948.2986,0,0,0,0
1948.3014,0,0,0,0
1948.3041,0,0,0,0
1948.3068,0,0,0,0
1948.3096,0,0,0,0
1948.3123,0,0,0,0
1948.3151,0,0,0,0
1948.3178,0,0,0,0
1948.3205,0,0,0,0
1948.3233,0,0,0,0
1948.326,0,0,0,0
1948.3288,0,0,0,0
1948.3315,0,0,0,0
1948.3342,0,0,0,0
1948.337,0,0,0,0
1948.3397,0,0,0,0
1948.3425,0,0,0,0
1948.3452,0,0,0,0
1948.3479,0,0,0,0
1948.3507,0,0,0,0
1948.3534,0,0,0,0
1948.3562,0,0,0,0
1948.3589,0,0,0,0
1948.3616,0,0,0,0
1948.3644,0,0,0,0
1948.3671,0,0,0,0
1948.3699,0,0,0,0
1948.3726,0,0,0,0
1948.3753,0,0,0,0
1948.3781,0,0,0,0
1948.3808,0,0,0,0
1948.3836,0,0,0,0
1948.3863,0,0,0,0
1948.389,0,0,0,0
1948.3918,0,0,0,0
1948.3945,0,0,0,0
1948.3973,0,0,0,0
1948.4,0,0,0,0
1948.4027,0,0,0,0
1948.4055,0,0,0,0
1948.4082,0,0,0,0
1948.411,0,0,0,0
1948.4137,0,0,0,0
1948.4164,0,0,0,0
1948.4192,0,0,0,0
1948.4219,0,0,0,0
1948.4247,0,0,0,0
1948.4274,0,0,0,0
1948.4301,0,0,0,0
1948.4329,0,0,0,0
1948.4356,0,0,0,0
1948.4384,0,0,0,0
1948.4411,0,0,0,0
1948.4438,0,0,0,0
1948.4466,0,0,0,0
1948.4493,0,0,0,0
1948.4521,0,0,0,0
1948.4548,0,0,0,0
1948.4575,0,0,0,0
1948.4603,0,0,0,0
1948.463,0,0,0,0
1948.4658,0,0,0,0
1948.4685,0,0,0,0
1948.4712,0,0,0,0
1948.474,0,0,0,0
1948.4767,0,0,0,0
1948.4795,0,0,0,0
1948.4822,0,0,0,0
1948.4849,0,0,0,0
1948.4877,0,0,0,0
1948.4904,0,0,0,0
1948.4932,0,0,0,0
1948.4959,0,0,0,0
1948.4986,0,0,0,0
1948.5014,0,0,0,0
1948.5041,0,0,0,0
1948.5068,0,0,0,0
1948.5096,1,1,0,0
1948.5123,0,0,0,0
1948.5151,0,0,0,0
1948.5178,0,0,0,0
1948.5205,0,0,0,0
1948.5233,0,0,0,0
1948.526,0,0,0,0
1948.5288,0,0,0,0
1948.5315,0,0,0,0
1948.5342,0,0,0,0
1948.537,0,0,0,0
1948.5397,0,0,0,0
1948.5425,0,0,0,0
1948.5452,0,0,0,0
1948.5479,0,0,0,0
1948.5507,0,0,0,0
1948.5534,0,0,0,0
1948.5562,0,0,0,0
1948.5589,0,0,0,0
1948.5616,0,0,0,0
1948.5644,1,0,0,0
1948.5671,0,0,0,0
1948.5699,0,0,0,0
1948.5726,0,0,0,0
1948.5753,0,0,0,0
1948.5781,0,0,0,0
1948.5808,0,0,0,0
1948.5836,0,0,0,0
1948.5863,0,0,0,0
1948.589,0,0,0,0
1948.5918,0,0,0,0
1948.5945,0,0,0,0
1948.5973,0,0,0,0
1948.6,0,0,0,0
1948.6027,0,0,0,0
1948.6055,0,0,0,0
1948.6082,0,0,0,0
1948.611,0,0,0,0
1948.6137,0,0,0,0
1948.6164,0,0,0,0
1948.6192,0,0,0,0
1948.6219,0,0,0,0
1948.6247,0,0,0,0
1948.6274,0,0,0,0
1948.6301,0,0,0,0
1948.6329,0,0,0,0
1948.6356,0,0,0,0
1948.6384,0,0,0,0
1948.6411,0,0,0,0
1948.6438,0,0,0,0
1948.6466,0,0,0,0
1948.6493,0,0,0,0
1948.6521,0,0,0,0
1948.6548,0,0,0,0
1948.6575,0,0,0,0
1948.6603,0,0,0,0
1948.663,0,0,0,0
1948.6658,0,0,0,0
1948.6685,0,0,0,0
1948.6712,0,0,0,0
1948.674,0,0,0,0
1948.6767,0,0,0,0
1948.6795,0,0,0,0
1948.6822,0,0,0,0
1948.6849,0,0,0,0
1948.6877,0,0,0,0
1948.6904,0,0,0,0
1948.6932,0,0,0,0
1948.6959,0,0,0,0
1948.6986,0,0,0,0
1948.7014,0,0,0,0
1948.7041,0,0,0,0
1948.7068,0,0,0,0
1948.7096,0,0,0,0
1948.7123,0,0,0,0
1948.7151,0,0,0,0
1948.7178,0,0,0,0
1948.7205,0,0,0,0
1948.7233,0,0,0,0
1948.726,0,0,0,0
1948.7288,0,0,0,0
1948.7315,0,0,0,0
1948.7342,0,0,0,0
1948.737,0,0,0,0
1948.7397,0,0,0,0
1948.7425,0,0,0,0
1948.7452,0,0,0,0
1948.7479,0,0,0,0
1948.7507,0,0,0,0
1948.7534,0,0,0,0
1948.7562,0,0,0,0
1948.7589,0,0,0,0
1948.7616,0,0,0,0
1948.7644,0,0,0,0
1948.7671,0,0,0,0
1948.7699,0,0,0,0
1948.7726,0,0,0,0
1948.7753,0,0,0,0
1948.7781,0,0,0,0
1948.7808,0,0,0,0
1948.7836,0,0,0,0
1948.7863,0,0,0,0
1948.789,0,0,0,0
1948.7918,0,0,0,0
1948.7945,0,0,0,0
1948.7973,0,0,0,0
1948.8,0,0,0,0
1948.8027,0,0,0,0
1948.8055,0,0,0,0
1948.8082,0,0,0,0
1948.811,0,0,0,0
1948.8137,0,0,0,0
1948.8164,0,0,0,0
1948.8192,0,0,0,0
1948.8219,0,0,0,0
1948.8247,0,0,0,0
1948.8274,0,0,0,0
1948.8301,0,0,0,0
1948.8329,0,0,0,0
1948.8356,0,0,0,0
1948.8384,0,0,0,0
1948.8411,0,0,0,0
1948.8438,0,0,0,0
1948.8466,0,0,0,0
1948.8493,0,0,0,0
1948.8521,0,0,0,0
1948.8548,0,0,0,0
1948.8575,0,0,0,0
1948.8603,0,0,0,0
1948.863,0,0,0,0
1948.8658,0,0,0,0
1948.8685,0,0,0,0
1948.8712,0,0,0,0
1948.874,0,0,0,0
1948.8767,0,0,0,0
1948.8795,0,0,0,0
1948.8822,0,0,0,0
1948.8849,0,0,0,0
1948.8877,0,0,0,0
1948.8904,0,0,0,0
1948.8932,0,0,0,0
1948.8959,0,0,0,0
1948.8986,0,0,0,0
1948.9014,0,0,0,0
1948.9041,0,0,0,0
1948.9068,0,0,0,0
1948.9096,0,0,0,0
1948.9123,0,0,0,0
1948.9151,0,0,0,0
1948.9178,0,0,0,0
1948.9205,0,0,0,0
1948.9233,0,0,0,0
1948.926,0,0,0,0
1948.9288,0,0,0,0
1948.9315,0,0,0,0
1948.9342,0,0,0,0
1948.937,0,0,0,0
1948.9397,0,0,0,0
1948.9425,0,0,0,0
1948.9452,0,0,0,0
1948.9479,0,0,0,0
1948.9507,0,0,0,0
1948.9534,0,0,0,0
1948.9562,0,0,0,0
1948.9589,0,0,0,0
1948.9616,0,0,0,0
1948.9644,0,0,0,0
1948.9671,0,0,0,0
1948.9699,0,0,0,0
1948.9726,0,0,0,0
1948.9753,0,0,0,0
1948.9781,0,0,0,0
1948.9808,0,0,0,0
1948.9836,0,0,0,0
1948.9863,0,0,0,0
1948.989,0,0,0,0
1948.9918,0,0,0,0
1948.9945,0,0,0,0
1948.9973,0,0,0,0
1949,0,0,0,0
1949,0,0,0,0
1949.0027,0,0,0,0
1949.0055,0,0,0,0
1949.0082,0,0,0,0
1949.011,0,0,0,0
1949.0137,0,0,0,0
1949.0164,0,0,0,0
1949.0192,0,0,0,0
1949.0219,0,0,0,0
1949.0247,0,0,0,0
1949.0274,0,0,0,0
1949.0301,0,0,0,0
1949.0329,0,0,0,0
1949.0356,0,0,0,0
1949.0384,0,0,0,0
1949.0411,0,0,0,0
1949.0438,0,0,0,0
1949.0466,0,0,0,0
1949.0493,0,0,0,0
1949.0521,0,0,0,0
1949.0548,0,0,0,0
1949.0575,0,0,0,0
1949.0603,0,0,0,0
1949.063,0,0,0,0
1949.0658,0,0,0,0
1949.0685,0,0,0,0
1949.0712,0,0,0,0
1949.074,0,0,0,0
1949.0767,0,0,0,0
1949.0795,0,0,0,0
1949.0822,0,0,0,0
1949.0849,0,0,0,0
1949.0877,0,0,0,0
1949.0904,0,0,0,0
1949.0932,0,0,0,0
1949.0959,0,0,0,0
1949.0986,0,0,0,0
1949.1014,0,0,0,0
1949.1041,0,0,0,0
1949.1068,0,0,0,0
1949.1096,0,0,0,0
1949.1123,0,0,0,0
1949.1151,0,0,0,0
1949.1178,0,0,0,0
1949.1205,0,0,0,0
1949.1233,0,0,0,0
1949.126,0,0,0,0
1949.1288,0,0,0,0
1949.1315,0,0,0,0
1949.1342,0,0,0,0
1949.137,0,0,0,0
1949.1397,0,0,0,0
1949.1425,0,0,0,0
1949.1452,0,0,0,0
1949.1479,0,0,0,0
1949.1507,0,0,0,0
1949.1534,0,0,0,0
1949.1562,0,0,0,0
1949.1589,0,0,0,0
1949.1616,0,0,0,0
1949.1644,0,0,0,0
1949.1671,0,0,0,0
1949.1699,0,0,0,0
1949.1726,0,0,0,0
1949.1753,0,0,0,0
1949.1781,0,0,0,0
1949.1808,0,0,0,0
1949.1836,0,0,0,0
1949.1863,0,0,0,0
1949.189,0,0,0,0
1949.1918,0,0,0,0
1949.1945,0,0,0,0
1949.1973,0,0,0,0
1949.2,0,0,0,0
1949.2027,0,0,0,0
1949.2055,0,0,0,0
1949.2082,0,0,0,0
1949.211,0,0,0,0
1949.2137,0,0,0,0
1949.2164,0,0,0,0
1949.2192,0,0,0,0
1949.2219,0,0,0,0
1949.2247,0,0,0,0
1949.2274,0,0,0,0
1949.2301,0,0,0,0
1949.2329,0,0,0,0
1949.2356,0,0,0,0
1949.2384,0,0,0,0
1949.2411,0,0,0,0
1949.2438,0,0,0,0
1949.2466,0,0,0,0
1949.2493,0,0,0,0
1949.2521,0,0,0,0
1949.2548,0,0,0,0
1949.2575,0,0,0,0
1949.2603,0,0,0,0
1949.263,0,0,0,0
1949.2658,0,0,0,0
1949.2685,0,0,0,0
1949.2712,0,0,0,0
1949.274,0,0,0,0
1949.2767,0,0,0,0
1949.2795,0,0,0,0
1949.2822,0,0,0,0
1949.2849,0,0,0,0
1949.2877,0,0,0,0
1949.2904,0,0,0,0
1949.2932,0,0,0,0
1949.2959,0,0,0,0
1949.2986,0,0,0,0
1949.3014,0,0,0,0
1949.3041,0,0,0,0
1949.3068,0,0,0,0
1949.3096,0,0,0,0
1949.3123,0,0,0,0
1949.3151,0,0,0,0
1949.3178,0,0,0,0
1949.3205,0,0,0,0
1949.3233,0,0,0,0
1949.326,0,0,0,0
1949.3288,0,0,0,0
1949.3315,0,0,0,0
1949.3342,0,0,0,0
1949.337,0,0,0,0
1949.3397,0,0,0,0
1949.3425,0,0,0,0
1949.3452,0,0,0,0
1949.3479,0,0,0,0
1949.3507,0,0,0,0
1949.3534,0,0,0,0
1949.3562,0,0,0,0
1949.3589,0,0,0,0
1949.3616,0,0,0,0
1949.3644,0,0,0,0
1949.3671,0,0,0,0
1949.3699,0,0,0,0
1949.3726,0,0,0,0
1949.3753,0,0,0,0
1949.3781,0,0,0,0
1949.3808,0,0,0,0
1949.3836,0,0,0,0
1949.3863,0,0,0,0
1949.389,0,0,0,0
1949.3918,0,0,0,0
1949.3945,0,0,0,0
1949.3973,0,0,0,0
1949.4,0,0,0,0
1949.4027,0,0,0,0
1949.4055,0,0,0,0
1949.4082,0,0,0,0
1949.411,0,0,0,0
1949.4137,0,0,0,0
1949.4164,0,0,0,0
1949.4192,0,0,0,0
1949.4219,0,0,0,0
1949.4247,0,0,0,0
1949.4274,0,0,0,0
1949.4301,0,0,0,0
1949.4329,0,0,0,0
1949.4356,0,0,0,0
1949.4384,0,0,0,0
1949.4411,0,0,0,0
1949.4438,0,0,0,0
1949.4466,0,0,0,0
1949.4493,0,0,0,0
1949.4521,0,0,0,0
1949.4548,0,0,0,0
1949.4575,0,0,0,0
1949.4603,0,0,0,0
1949.463,0,0,0,0
1949.4658,0,0,0,0
1949.4685,0,0,0,0
1949.4712,0,0,0,0
1949.474,0,0,0,0
1949.4767,0,0,0,0
1949.4795,0,0,0,0
1949.4822,0,0,0,0
1949.4849,0,0,0,0
1949.4877,0,0,0,0
1949.4904,0,0,0,0
1949.4932,0,0,0,0
1949.4959,0,0,0,0
1949.4986,0,0,0,0
1949.5014,0,0,0,0
1949.5041,0,0,0,0
1949.5068,0,0,0,0
1949.5096,0,0,0,0
1949.5123,0,0,0,0
1949.5151,0,0,0,0
1949.5178,0,0,0,0
1949.5205,0,0,0,0
1949.5233,0,0,0,0
1949.526,0,0,0,0
1949.5288,0,0,0,0
1949.5315,0,0,0,0
1949.5342,0,0,0,0
1949.537,0,0,0,0
1949.5397,0,0,0,0
1949.5425,0,0,0,0
1949.5452,0,0,0,0
1949.5479,1,0,0,0
1949.5507,0,0,0,0
1949.5534,0,0,0,0
1949.5562,0,0,0,0
1949.5589,0,0,0,0
1949.5616,0,0,0,0
1949.5644,0,0,0,0
1949.5671,0,0,0,0
1949.5699,0,0,0,0
1949.5726,0,0,0,0
1949.5753,0,0,0,0
1949.5781,0,0,0,0
1949.5808,0,0,0,0
1949.5836,0,0,0,0
1949.5863,0,0,0,0
1949.589,0,0,0,0
1949.5918,0,0,0,0
1949.5945,0,0,0,0
1949.5973,0,0,0,0
1949.6,0,0,0,0
1949.6027,0,0,0,0
1949.6055,0,0,0,0
1949.6082,0,0,0,0
1949.611,0,0,0,0
1949.6137,0,0,0,0
1949.6164,0,0,0,0
1949.6192,0,0,0,0
1949.6219,0,0,0,0
1949.6247,0,0,0,0
1949.6274,0,0,0,0
1949.6301,0,0,0,0
1949.6329,0,0,0,0
1949.6356,0,0,0,0
1949.6384,0,0,0,0
1949.6411,0,0,0,0
1949.6438,0,0,0,0
1949.6466,0,0,0,0
1949.6493,0,0,0,0
1949.6521,0,0,0,0
1949.6548,0,0,0,0
1949.6575,0,0,0,0
1949.6603,0,0,0,0
1949.663,0,0,0,0
1949.6658,0,0,0,0
1949.6685,0,0,0,0
1949.6712,0,0,0,0
1949.674,0,0,0,0
1949.6767,0,0,0,0
1949.6795,0,0,0,0
1949.6822,0,0,0,0
1949.6849,0,0,0,0
1949.6877,0,0,0,0
1949.6904,0,0,0,0
1949.6932,0,0,0,0
1949.6959,0,0,0,0
1949.6986,0,0,0,0
1949.7014,0,0,0,0
1949.7041,0,0,0,0
1949.7068,0,0,0,0
1949.7096,0,0,0,0
1949.7123,0,0,0,0
1949.7151,0,0,0,0
1949.7178,0,0,0,0
1949.7205,0,0,0,0
1949.7233,0,0,0,0
1949.726,0,0,0,0
1949.7288,0,0,0,0
1949.7315,0,0,0,0
1949.7342,0,0,0,0
1949.737,0,0,0,0
1949.7397,0,0,0,0
1949.7425,0,0,0,0
1949.7452,0,0,0,0
1949.7479,0,0,0,0
1949.7507,0,0,0,0
1949.7534,0,0,0,0
1949.7562,0,0,0,0
1949.7589,0,0,0,0
1949.7616,0,0,0,0
1949.7644,0,0,0,0
1949.7671,0,0,0,0
1949.7699,0,0,0,0
1949.7726,0,0,0,0
1949.7753,0,0,0,0
1949.7781,0,0,0,0
1949.7808,0,0,0,0
1949.7836,0,0,0,0
1949.7863,0,0,0,0
1949.789,0,0,0,0
1949.7918,0,0,0,0
1949.7945,0,0,0,0
1949.7973,0,0,0,0
1949.8,0,0,0,0
1949.8027,0,0,0,0
1949.8055,0,0,0,0
1949.8082,0,0,0,0
1949.811,0,0,0,0
1949.8137,0,0,0,0
1949.8164,0,0,0,0
1949.8192,0,0,0,0
1949.8219,0,0,0,0
1949.8247,0,0,0,0
1949.8274,0,0,0,0
1949.8301,0,0,0,0
1949.8329,0,0,0,0
1949.8356,0,0,0,0
1949.8384,0,0,0,0
1949.8411,0,0,0,0
1949.8438,0,0,0,0
1949.8466,0,0,0,0
1949.8493,0,0,0,0
1949.8521,0,0,0,0
1949.8548,0,0,0,0
1949.8575,0,0,0,0
1949.8603,0,0,0,0
1949.863,0,0,0,0
1949.8658,0,0,0,0
1949.8685,0,0,0,0
1949.8712,0,0,0,0
1949.874,0,0,0,0
1949.8767,0,0,0,0
1949.8795,0,0,0,0
1949.8822,0,0,0,0
1949.8849,0,0,0,0
1949.8877,0,0,0,0
1949.8904,0,0,0,0
1949.8932,0,0,0,0
1949.8959,0,0,0,0
1949.8986,0,0,0,0
1949.9014,0,0,0,0
1949.9041,0,0,0,0
1949.9068,0,0,0,0
1949.9096,0,0,0,0
1949.9123,0,0,0,0
1949.9151,0,0,0,0
1949.9178,0,0,0,0
1949.9205,0,0,0,0
1949.9233,0,0,0,0
1949.926,0,0,0,0
1949.9288,0,0,0,0
1949.9315,0,0,0,0
1949.9342,0,0,0,0
1949.937,0,0,0,0
1949.9397,0,0,0,0
1949.9425,0,0,0,0
1949.9452,0,0,0,0
1949.9479,0,0,0,0
1949.9507,0,0,0,0
1949.9534,0,0,0,0
1949.9562,0,0,0,0
1949.9589,0,0,0,0
1949.9616,0,0,0,0
1949.9644,0,0,0,0
1949.9671,0,0,0,0
1949.9699,0,0,0,0
1949.9726,0,0,0,0
1949.9753,0,0,0,0
1949.9781,0,0,0,0
1949.9808,0,0,0,0
1949.9836,0,0,0,0
1949.9863,0,0,0,0
1949.989,0,0,0,0
1949.9918,0,0,0,0
1949.9945,0,0,0,0
1949.9973,0,0,0,0
1950,0,0,0,0
1950.0027,0,0,0,0
1950.0055,1,1,0,0
1950.0082,0,0,0,0
1950.011,0,0,0,0
1950.0137,0,0,0,0
1950.0164,0,0,0,0
1950.0192,0,0,0,0
1950.0219,0,0,0,0
1950.0247,0,0,0,0
1950.0274,0,0,0,0
1950.0301,0,0,0,0
1950.0329,0,0,0,0
1950.0356,0,0,0,0
1950.0384,0,0,0,0
1950.0411,0,0,0,0
1950.0438,0,0,0,0
1950.0466,0,0,0,0
1950.0493,0,0,0,0
1950.0521,0,0,0,0
1950.0548,0,0,0,0
1950.0575,0,0,0,0
1950.0603,0,0,0,0
1950.063,0,0,0,0
1950.0658,0,0,0,0
1950.0685,0,0,0,0
1950.0712,0,0,0,0
1950.074,0,0,0,0
1950.0767,0,0,0,0
1950.0795,0,0,0,0
1950.0822,0,0,0,0
1950.0849,0,0,0,0
1950.0877,0,0,0,0
1950.0904,0,0,0,0
1950.0932,0,0,0,0
1950.0959,0,0,0,0
1950.0986,0,0,0,0
1950.1014,0,0,0,0
1950.1041,0,0,0,0
1950.1068,0,0,0,0
1950.1096,0,0,0,0
1950.1123,0,0,0,0
1950.1151,0,0,0,0
1950.1178,0,0,0,0
1950.1205,0,0,0,0
1950.1233,0,0,0,0
1950.126,0,0,0,0
1950.1288,0,0,0,0
1950.1315,0,0,0,0
1950.1342,0,0,0,0
1950.137,0,0,0,0
1950.1397,0,0,0,0
1950.1425,0,0,0,0
1950.1452,0,0,0,0
1950.1479,0,0,0,0
1950.1507,0,0,0,0
1950.1534,0,0,0,0
1950.1562,0,0,0,0
1950.1589,0,0,0,0
1950.1616,0,0,0,0
1950.1644,0,0,0,0
1950.1671,0,0,0,0
1950.1699,0,0,0,0
1950.1726,0,0,0,0
1950.1753,0,0,0,0
1950.1781,0,0,0,0
1950.1808,0,0,0,0
1950.1836,0,0,0,0
1950.1863,0,0,0,0
1950.189,0,0,0,0
1950.1918,0,0,0,0
1950.1945,0,0,0,0
1950.1973,0,0,0,0
1950.2,0,0,0,0
1950.2027,0,0,0,0
1950.2055,0,0,0,0
1950.2082,0,0,0,0
1950.211,0,0,0,0
1950.2137,0,0,0,0
1950.2164,0,0,0,0
1950.2192,0,0,0,0
1950.2219,0,0,0,0
1950.2247,0,0,0,0
1950.2274,0,0,0,0
1950.2301,0,0,0,0
1950.2329,0,0,0,0
1950.2356,0,0,0,0
1950.2384,0,0,0,0
1950.2411,0,0,0,0
1950.2438,0,0,0,0
1950.2466,0,0,0,0
1950.2493,0,0,0,0
1950.2521,0,0,0,0
1950.2548,0,0,0,0
1950.2575,0,0,0,0
1950.2603,0,0,0,0
1950.263,0,0,0,0
1950.2658,0,0,0,0
1950.2685,0,0,0,0
1950.2712,0,0,0,0
1950.274,0,0,0,0
1950.2767,0,0,0,0
1950.2795,0,0,0,0
1950.2822,0,0,0,0
1950.2849,0,0,0,0
1950.2877,0,0,0,0
1950.2904,0,0,0,0
1950.2932,0,0,0,0
1950.2959,0,0,0,0
1950.2986,0,0,0,0
1950.3014,0,0,0,0
1950.3041,0,0,0,0
1950.3068,0,0,0,0
1950.3096,0,0,0,0
1950.3123,0,0,0,0
1950.3151,0,0,0,0
1950.3178,0,0,0,0
1950.3205,0,0,0,0
1950.3233,0,0,0,0
1950.326,0,0,0,0
1950.3288,0,0,0,0
1950.3315,0,0,0,0
1950.3342,0,0,0,0
1950.337,0,0,0,0
1950.3397,0,0,0,0
1950.3425,0,0,0,0
1950.3452,0,0,0,0
1950.3479,0,0,0,0
1950.3507,0,0,0,0
1950.3534,0,0,0,0
1950.3562,0,0,0,0
1950.3589,0,0,0,0
1950.3616,0,0,0,0
1950.3644,0,0,0,0
1950.3671,0,0,0,0
1950.3699,0,0,0,0
1950.3726,0,0,0,0
1950.3753,0,0,0,0
1950.3781,0,0,0,0
1950.3808,0,0,0,0
1950.3836,0,0,0,0
1950.3863,0,0,0,0
1950.389,0,0,0,0
1950.3918,0,0,0,0
1950.3945,0,0,0,0
1950.3973,0,0,0,0
1950.4,0,0,0,0
1950.4027,0,0,0,0
1950.4055,0,0,0,0
1950.4082,0,0,0,0
1950.411,0,0,0,0
1950.4137,0,0,0,0
1950.4164,0,0,0,0
1950.4192,0,0,0,0
1950.4219,0,0,0,0
1950.4247,0,0,0,0
1950.4274,0,0,0,0
1950.4301,0,0,0,0
1950.4329,0,0,0,0
1950.4356,0,0,0,0
1950.4384,0,0,0,0
1950.4411,0,0,0,0
1950.4438,0,0,0,0
1950.4466,0,0,0,0
1950.4493,0,0,0,0
1950.4521,0,0,0,0
1950.4548,0,0,0,0
1950.4575,0,0,0,0
1950.4603,0,0,0,0
1950.463,0,0,0,0
1950.4658,0,0,0,0
1950.4685,0,0,0,0
1950.4712,0,0,0,0
1950.474,0,0,0,0
1950.4767,0,0,0,0
1950.4795,0,0,0,0
1950.4822,0,0,0,0
1950.4849,0,0,0,0
1950.4877,0,0,0,0
1950.4904,0,0,0,0
1950.4932,0,0,0,0
1950.4959,0,0,0,0
1950.4986,0,0,0,0
1950.5014,0,0,0,0
1950.5041,0,0,0,0
1950.5068,0,0,0,0
1950.5096,0,0,0,0
1950.5123,0,0,0,0
1950.5151,0,0,0,0
1950.5178,0,0,0,0
1950.5205,0,0,0,0
1950.5233,0,0,0,0
1950.526,0,0,0,0
1950.5288,0,0,0,0
1950.5315,0,0,0,0
1950.5342,0,0,0,0
1950.537,0,0,0,0
1950.5397,0,0,0,0
1950.5425,0,0,0,0
1950.5452,0,0,0,0
1950.5479,0,0,0,0
1950.5507,0,0,0,0
1950.5534,0,0,0,0
1950.5562,0,0,0,0
1950.5589,0,0,0,0
1950.5616,0,0,0,0
1950.5644,0,0,0,0
1950.5671,0,0,0,0
1950.5699,0,0,0,0
1950.5726,0,0,0,0
1950.5753,0,0,0,0
1950.5781,0,0,0,0
1950.5808,0,0,0,0
1950.5836,0,0,0,0
1950.5863,0,0,0,0
1950.589,0,0,0,0
1950.5918,0,0,0,0
1950.5945,0,0,0,0
1950.5973,0,0,0,0
1950.6,0,0,0,0
1950.6027,0,0,0,0
1950.6055,0,0,0,0
1950.6082,0,0,0,0
1950.611,0,0,0,0
1950.6137,0,0,0,0
1950.6164,0,0,0,0
1950.6192,0,0,0,0
1950.6219,0,0,0,0
1950.6247,0,0,0,0
1950.6274,0,0,0,0
1950.6301,0,0,0,0
1950.6329,0,0,0,0
1950.6356,0,0,0,0
1950.6384,0,0,0,0
1950.6411,0,0,0,0
1950.6438,0,0,0,0
1950.6466,0,0,0,0
1950.6493,0,0,0,0
1950.6521,0,0,0,0
1950.6548,0,0,0,0
1950.6575,0,0,0,0
1950.6603,0,0,0,0
1950.663,0,0,0,0
1950.6658,0,0,0,0
1950.6685,0,0,0,0
1950.6712,0,0,0,0
1950.674,0,0,0,0
1950.6767,0,0,0,0
1950.6795,0,0,0,0
1950.6822,0,0,0,0
1950.6849,0,0,0,0
1950.6877,0,0,0,0
1950.6904,0,0,0,0
1950.6932,0,0,0,0
1950.6959,0,0,0,0
1950.6986,0,0,0,0
1950.7014,0,0,0,0
1950.7041,0,0,0,0
1950.7068,0,0,0,0
1950.7096,0,0,0,0
1950.7123,0,0,0,0
1950.7151,0,0,0,0
1950.7178,0,0,0,0
1950.7205,0,0,0,0
1950.7233,0,0,0,0
1950.726,0,0,0,0
1950.7288,0,0,0,0
1950.7315,0,0,0,0
1950.7342,0,0,0,0
1950.737,0,0,0,0
1950.7397,0,0,0,0
1950.7425,0,0,0,0
1950.7452,0,0,0,0
1950.7479,0,0,0,0
1950.7507,0,0,0,0
1950.7534,0,0,0,0
1950.7562,0,0,0,0
1950.7589,0,0,0,0
1950.7616,0,0,0,0
1950.7644,0,0,0,0
1950.7671,0,0,0,0
1950.7699,0,0,0,0
1950.7726,0,0,0,0
1950.7753,0,0,0,0
1950.7781,0,0,0,0
1950.7808,0,0,0,0
1950.7836,0,0,0,0
1950.7863,0,0,0,0
1950.789,0,0,0,0
1950.7918,0,0,0,0
1950.7945,0,0,0,0
1950.7973,0,0,0,0
1950.8,0,0,0,0
1950.8027,0,0,0,0
1950.8055,0,0,0,0
1950.8082,0,0,0,0
1950.811,0,0,0,0
1950.8137,0,0,0,0
1950.8164,0,0,0,0
1950.8192,0,0,0,0
1950.8219,0,0,0,0
1950.8247,0,0,0,0
1950.8274,0,0,0,0
1950.8301,0,0,0,0
1950.8329,0,0,0,0
1950.8356,0,0,0,0
1950.8384,0,0,0,0
1950.8411,0,0,0,0
1950.8438,0,0,0,0
1950.8466,0,0,0,0
1950.8493,0,0,0,0
1950.8521,0,0,0,0
1950.8548,0,0,0,0
1950.8575,0,0,0,0
1950.8603,0,0,0,0
1950.863,0,0,0,0
1950.8658,0,0,0,0
1950.8685,0,0,0,0
1950.8712,0,0,0,0
1950.874,0,0,0,0
1950.8767,0,0,0,0
1950.8795,0,0,0,0
1950.8822,0,0,0,0
1950.8849,0,0,0,0
1950.8877,0,0,0,0
1950.8904,0,0,0,0
1950.8932,0,0,0,0
1950.8959,0,0,0,0
1950.8986,0,0,0,0
1950.9014,0,0,0,0
1950.9041,0,0,0,0
1950.9068,0,0,0,0
1950.9096,0,0,0,0
1950.9123,0,0,0,0
1950.9151,0,0,0,0
1950.9178,0,0,0,0
1950.9205,0,0,0,0
1950.9233,0,0,0,0
1950.926,0,0,0,0
1950.9288,0,0,0,0
1950.9315,0,0,0,0
1950.9342,0,0,0,0
1950.937,0,0,0,0
1950.9397,0,0,0,0
1950.9425,0,0,0,0
1950.9452,0,0,0,0
1950.9479,0,0,0,0
1950.9507,0,0,0,0
1950.9534,0,0,0,0
1950.9562,0,0,0,0
1950.9589,0,0,0,0
1950.9616,0,0,0,0
1950.9644,0,0,0,0
1950.9671,0,0,0,0
1950.9699,0,0,0,0
1950.9726,0,0,0,0
1950.9753,0,0,0,0
1950.9781,0,0,0,0
1950.9808,0,0,0,0
1950.9836,0,0,0,0
1950.9863,0,0,0,0
1950.989,0,0,0,0
1950.9918,0,0,0,0
1950.9945,0,0,0,0
1950.9973,0,0,0,0
1951,0,0,0,0
1951.0027,0,0,0,0
1951.0055,0,0,0,0
1951.0082,0,0,0,0
1951.011,0,0,0,0
1951.0137,0,0,0,0
1951.0164,0,0,0,0
1951.0192,0,0,0,0
1951.0219,0,0,0,0
1951.0247,0,0,0,0
1951.0274,0,0,0,0
1951.0301,0,0,0,0
1951.0329,0,0,0,0
1951.0356,0,0,0,0
1951.0384,0,0,0,0
1951.0411,0,0,0,0
1951.0438,0,0,0,0
1951.0466,0,0,0,0
1951.0493,0,0,0,0
1951.0521,0,0,0,0
1951.0548,0,0,0,0
1951.0575,0,0,0,0
1951.0603,0,0,0,0
1951.063,0,0,0,0
1951.0658,0,0,0,0
1951.0685,0,0,0,0
1951.0712,0,0,0,0
1951.074,0,0,0,0
1951.0767,0,0,0,0
1951.0795,0,0,0,0
1951.0822,0,0,0,0
1951.0849,0,0,0,0
1951.0877,0,0,0,0
1951.0904,0,0,0,0
1951.0932,0,0,0,0
1951.0959,0,0,0,0
1951.0986,0,0,0,0
1951.1014,0,0,0,0
1951.1041,0,0,0,0
1951.1068,0,0,0,0
1951.1096,0,0,0,0
1951.1123,0,0,0,0
1951.1151,0,0,0,0
1951.1178,0,0,0,0
1951.1205,0,0,0,0
1951.1233,0,0,0,0
1951.126,0,0,0,0
1951.1288,0,0,0,0
1951.1315,0,0,0,0
1951.1342,0,0,0,0
1951.137,0,0,0,0
1951.1397,0,0,0,0
1951.1425,0,0,0,0
1951.1452,0,0,0,0
1951.1479,0,0,0,0
1951.1507,0,0,0,0
1951.1534,0,0,0,0
1951.1562,0,0,0,0
1951.1589,0,0,0,0
1951.1616,0,0,0,0
1951.1644,0,0,0,0
1951.1671,0,0,0,0
1951.1699,0,0,0,0
1951.1726,0,0,0,0
1951.1753,0,0,0,0
1951.1781,0,0,0,0
1951.1808,0,0,0,0
1951.1836,0,0,0,0
1951.1863,0,0,0,0
1951.189,0,0,0,0
1951.1918,0,0,0,0
1951.1945,0,0,0,0
1951.1973,0,0,0,0
1951.2,0,0,0,0
1951.2027,0,0,0,0
1951.2055,0,0,0,0
1951.2082,0,0,0,0
1951.211,0,0,0,0
1951.2137,0,0,0,0
1951.2164,0,0,0,0
1951.2192,0,0,0,0
1951.2219,0,0,0,0
1951.2247,0,0,0,0
1951.2274,0,0,0,0
1951.2301,0,0,0,0
1951.2329,0,0,0,0
1951.2356,0,0,0,0
1951.2384,0,0,0,0
1951.2411,0,0,0,0
1951.2438,0,0,0,0
1951.2466,0,0,0,0
1951.2493,0,0,0,0
1951.2521,0,0,0,0
1951.2548,0,0,0,0
1951.2575,0,0,0,0
1951.2603,0,0,0,0
1951.263,0,0,0,0
1951.2658,0,0,0,0
1951.2685,0,0,0,0
1951.2712,0,0,0,0
1951.274,0,0,0,0
1951.2767,0,0,0,0
1951.2795,0,0,0,0
1951.2822,0,0,0,0
1951.2849,0,0,0,0
1951.2877,0,0,0,0
1951.2904,0,0,0,0
1951.2932,0,0,0,0
1951.2959,0,0,0,0
1951.2986,0,0,0,0
1951.3014,0,0,0,0
1951.3041,0,0,0,0
1951.3068,0,0,0,0
1951.3096,0,0,0,0
1951.3123,0,0,0,0
1951.3151,0,0,0,0
1951.3178,0,0,0,0
1951.3205,0,0,0,0
1951.3233,0,0,0,0
1951.326,0,0,0,0
1951.3288,0,0,0,0
1951.3315,0,0,0,0
1951.3342,0,0,0,0
1951.337,0,0,0,0
1951.3397,0,0,0,0
1951.3425,0,0,0,0
1951.3452,0,0,0,0
1951.3479,0,0,0,0
1951.3507,0,0,0,0
1951.3534,0,0,0,0
1951.3562,0,0,0,0
1951.3589,0,0,0,0
1951.3616,0,0,0,0
1951.3644,0,0,0,0
1951.3671,0,0,0,0
1951.3699,0,0,0,0
1951.3726,0,0,0,0
1951.3753,0,0,0,0
1951.3781,0,0,0,0
1951.3808,0,0,0,0
1951.3836,0,0,0,0
1951.3863,0,0,0,0
1951.389,0,0,0,0
1951.3918,0,0,0,0
1951.3945,0,0,0,0
1951.3973,0,0,0,0
1951.4,0,0,0,0
1951.4027,0,0,0,0
1951.4055,0,0,0,0
1951.4082,0,0,0,0
1951.411,0,0,0,0
1951.4137,0,0,0,0
1951.4164,0,0,0,0
1951.4192,0,0,0,0
1951.4219,0,0,0,0
1951.4247,0,0,0,0
1951.4274,0,0,0,0
1951.4301,0,0,0,0
1951.4329,0,0,0,0
1951.4356,0,0,0,0
1951.4384,0,0,0,0
1951.4411,0,0,0,0
1951.4438,0,0,0,0
1951.4466,0,0,0,0
1951.4493,0,0,0,0
1951.4521,0,0,0,0
1951.4548,0,0,0,0
1951.4575,0,0,0,0
1951.4603,0,0,0,0
1951.463,0,0,0,0
1951.4658,0,0,0,0
1951.4685,0,0,0,0
1951.4712,0,0,0,0
1951.474,0,0,0,0
1951.4767,0,0,0,0
1951.4795,0,0,0,0
1951.4822,0,0,0,0
1951.4849,0,0,0,0
1951.4877,0,0,0,0
1951.4904,0,0,0,0
1951.4932,0,0,0,0
1951.4959,0,0,0,0
1951.4986,0,0,0,0
1951.5014,0,0,0,0
1951.5041,0,0,0,0
1951.5068,0,0,0,0
1951.5096,0,0,0,0
1951.5123,0,0,0,0
1951.5151,0,0,0,0
1951.5178,0,0,0,0
1951.5205,0,0,0,0
1951.5233,0,0,0,0
1951.526,0,0,0,0
1951.5288,0,0,0,0
1951.5315,0,0,0,0
1951.5342,0,0,0,0
1951.537,0,0,0,0
1951.5397,0,0,0,0
1951.5425,0,0,0,0
1951.5452,0,0,0,0
1951.5479,0,0,0,0
1951.5507,0,0,0,0
1951.5534,0,0,0,0
1951.5562,0,0,0,0
1951.5589,0,0,0,0
1951.5616,0,0,0,0
1951.5644,0,0,0,0
1951.5671,0,0,0,0
1951.5699,0,0,0,0
1951.5726,0,0,0,0
1951.5753,0,0,0,0
1951.5781,0,0,0,0
1951.5808,0,0,0,0
1951.5836,0,0,0,0
1951.5863,0,0,0,0
1951.589,0,0,0,0
1951.5918,0,0,0,0
1951.5945,0,0,0,0
1951.5973,0,0,0,0
1951.6,0,0,0,0
1951.6027,0,0,0,0
1951.6055,0,0,0,0
1951.6082,0,0,0,0
1951.611,0,0,0,0
1951.6137,0,0,0,0
1951.6164,0,0,0,0
1951.6192,0,0,0,0
1951.6219,0,0,0,0
1951.6247,0,0,0,0
1951.6274,0,0,0,0
1951.6301,0,0,0,0
1951.6329,0,0,0,0
1951.6356,0,0,0,0
1951.6384,0,0,0,0
1951.6411,0,0,0,0
1951.6438,0,0,0,0
1951.6466,0,0,0,0
1951.6493,0,0,0,0
1951.6521,0,0,0,0
1951.6548,0,0,0,0
1951.6575,0,0,0,0
1951.6603,0,0,0,0
1951.663,0,0,0,0
1951.6658,0,0,0,0
1951.6685,0,0,0,0
1951.6712,0,0,0,0
1951.674,0,0,0,0
1951.6767,0,0,0,0
1951.6795,0,0,0,0
1951.6822,0,0,0,0
1951.6849,0,0,0,0
1951.6877,0,0,0,0
1951.6904,0,0,0,0
1951.6932,0,0,0,0
1951.6959,0,0,0,0
1951.6986,0,0,0,0
1951.7014,0,0,0,0
1951.7041,0,0,0,0
1951.7068,0,0,0,0
1951.7096,0,0,0,0
1951.7123,0,0,0,0
1951.7151,0,0,0,0
1951.7178,0,0,0,0
1951.7205,0,0,0,0
1951.7233,0,0,0,0
1951.726,0,0,0,0
1951.7288,0,0,0,0
1951.7315,0,0,0,0
1951.7342,0,0,0,0
1951.737,0,0,0,0
1951.7397,0,0,0,0
1951.7425,0,0,0,0
1951.7452,0,0,0,0
1951.7479,0,0,0,0
1951.7507,0,0,0,0
1951.7534,0,0,0,0
1951.7562,0,0,0,0
1951.7589,0,0,0,0
1951.7616,0,0,0,0
1951.7644,0,0,0,0
1951.7671,0,0,0,0
1951.7699,0,0,0,0
1951.7726,0,0,0,0
1951.7753,0,0,0,0
1951.7781,0,0,0,0
1951.7808,0,0,0,0
1951.7836,0,0,0,0
1951.7863,0,0,0,0
1951.789,0,0,0,0
1951.7918,0,0,0,0
1951.7945,0,0,0,0
1951.7973,0,0,0,0
1951.8,0,0,0,0
1951.8027,0,0,0,0
1951.8055,0,0,0,0
1951.8082,0,0,0,0
1951.811,0,0,0,0
1951.8137,0,0,0,0
1951.8164,0,0,0,0
1951.8192,0,0,0,0
1951.8219,0,0,0,0
1951.8247,0,0,0,0
1951.8274,0,0,0,0
1951.8301,0,0,0,0
1951.8329,0,0,0,0
1951.8356,0,0,0,0
1951.8384,0,0,0,0
1951.8411,0,0,0,0
1951.8438,0,0,0,0
1951.8466,0,0,0,0
1951.8493,0,0,0,0
1951.8521,0,0,0,0
1951.8548,0,0,0,0
1951.8575,0,0,0,0
1951.8603,0,0,0,0
1951.863,0,0,0,0
1951.8658,0,0,0,0
1951.8685,0,0,0,0
1951.8712,0,0,0,0
1951.874,0,0,0,0
1951.8767,0,0,0,0
1951.8795,0,0,0,0
1951.8822,0,0,0,0
1951.8849,0,0,0,0
1951.8877,0,0,0,0
1951.8904,0,0,0,0
1951.8932,0,0,0,0
1951.8959,0,0,0,0
1951.8986,0,0,0,0
1951.9014,0,0,0,0
1951.9041,0,0,0,0
1951.9068,0,0,0,0
1951.9096,0,0,0,0
1951.9123,0,0,0,0
1951.9151,0,0,0,0
1951.9178,0,0,0,0
1951.9205,0,0,0,0
1951.9233,0,0,0,0
1951.926,0,0,0,0
1951.9288,0,0,0,0
1951.9315,0,0,0,0
1951.9342,0,0,0,0
1951.937,0,0,0,0
1951.9397,0,0,0,0
1951.9425,0,0,0,0
1951.9452,0,0,0,0
1951.9479,0,0,0,0
1951.9507,0,0,0,0
1951.9534,0,0,0,0
1951.9562,0,0,0,0
1951.9589,0,0,0,0
1951.9616,0,0,0,0
1951.9644,0,0,0,0
1951.9671,0,0,0,0
1951.9699,0,0,0,0
1951.9726,0,0,0,0
1951.9753,0,0,0,0
1951.9781,0,0,0,0
1951.9808,0,0,0,0
1951.9836,0,0,0,0
1951.9863,0,0,0,0
1951.989,0,0,0,0
1951.9918,0,0,0,0
1951.9945,0,0,0,0
1951.9973,0,0,0,0
1952,0,0,0,0
1952.0027,0,0,0,0
1952.0055,0,0,0,0
1952.0082,0,0,0,0
1952.011,0,0,0,0
1952.0137,0,0,0,0
1952.0164,0,0,0,0
1952.0192,0,0,0,0
1952.0219,0,0,0,0
1952.0247,0,0,0,0
1952.0274,0,0,0,0
1952.0301,0,0,0,0
1952.0329,0,0,0,0
1952.0356,0,0,0,0
1952.0384,0,0,0,0
1952.0411,0,0,0,0
1952.0438,0,0,0,0
1952.0466,0,0,0,0
1952.0493,0,0,0,0
1952.0521,0,0,0,0
1952.0548,0,0,0,0
1952.0575,0,0,0,0
1952.0603,0,0,0,0
1952.063,0,0,0,0
1952.0658,0,0,0,0
1952.0685,0,0,0,0
1952.0712,0,0,0,0
1952.074,0,0,0,0
1952.0767,0,0,0,0
1952.0795,0,0,0,0
1952.0822,0,0,0,0
1952.0849,0,0,0,0
1952.0877,0,0,0,0
1952.0904,0,0,0,0
1952.0932,0,0,0,0
1952.0959,0,0,0,0
1952.0986,0,0,0,0
1952.1014,0,0,0,0
1952.1041,0,0,0,0
1952.1068,0,0,0,0
1952.1096,0,0,0,0
1952.1123,0,0,0,0
1952.1151,0,0,0,0
1952.1178,0,0,0,0
1952.1205,0,0,0,0
1952.1233,0,0,0,0
1952.126,0,0,0,0
1952.1288,0,0,0,0
1952.1315,0,0,0,0
1952.1342,0,0,0,0
1952.137,0,0,0,0
1952.1397,0,0,0,0
1952.1425,0,0,0,0
1952.1452,0,0,0,0
1952.1479,0,0,0,0
1952.1507,0,0,0,0
1952.1534,0,0,0,0
1952.1562,0,0,0,0
1952.1589,0,0,0,0
1952.1616,0,0,0,0
1952.1644,0,0,0,0
1952.1671,0,0,0,0
1952.1699,0,0,0,0
1952.1726,0,0,0,0
1952.1753,0,0,0,0
1952.1781,0,0,0,0
1952.1808,0,0,0,0
1952.1836,0,0,0,0
1952.1863,0,0,0,0
1952.189,0,0,0,0
1952.1918,0,0,0,0
1952.1945,0,0,0,0
1952.1973,0,0,0,0
1952.2,0,0,0,0
1952.2027,0,0,0,0
1952.2055,0,0,0,0
1952.2082,0,0,0,0
1952.211,0,0,0,0
1952.2137,0,0,0,0
1952.2164,0,0,0,0
1952.2192,0,0,0,0
1952.2219,0,0,0,0
1952.2247,0,0,0,0
1952.2274,0,0,0,0
1952.2301,0,0,0,0
1952.2329,0,0,0,0
1952.2356,0,0,0,0
1952.2384,0,0,0,0
1952.2411,0,0,0,0
1952.2438,0,0,0,0
1952.2466,0,0,0,0
1952.2493,0,0,0,0
1952.2521,0,0,0,0
1952.2548,0,0,0,0
1952.2575,0,0,0,0
1952.2603,0,0,0,0
1952.263,0,0,0,0
1952.2658,0,0,0,0
1952.2685,0,0,0,0
1952.2712,0,0,0,0
1952.274,0,0,0,0
1952.2767,0,0,0,0
1952.2795,0,0,0,0
1952.2822,0,0,0,0
1952.2849,0,0,0,0
1952.2877,0,0,0,0
1952.2904,0,0,0,0
1952.2932,0,0,0,0
1952.2959,0,0,0,0
1952.2986,0,0,0,0
1952.3014,0,0,0,0
1952.3041,0,0,0,0
1952.3068,0,0,0,0
1952.3096,0,0,0,0
1952.3123,0,0,0,0
1952.3151,0,0,0,0
1952.3178,0,0,0,0
1952.3205,0,0,0,0
1952.3233,0,0,0,0
1952.326,0,0,0,0
1952.3288,0,0,0,0
1952.3315,0,0,0,0
1952.3342,0,0,0,0
1952.337,0,0,0,0
1952.3397,0,0,0,0
1952.3425,0,0,0,0
1952.3452,0,0,0,0
1952.3479,0,0,0,0
1952.3507,0,0,0,0
1952.3534,0,0,0,0
1952.3562,0,0,0,0
1952.3589,0,0,0,0
1952.3616,0,0,0,0
1952.3644,0,0,0,0
1952.3671,0,0,0,0
1952.3699,0,0,0,0
1952.3726,0,0,0,0
1952.3753,0,0,0,0
1952.3781,0,0,0,0
1952.3808,0,0,0,0
1952.3836,0,0,0,0
1952.3863,0,0,0,0
1952.389,0,0,0,0
1952.3918,0,0,0,0
1952.3945,0,0,0,0
1952.3973,0,0,0,0
1952.4,0,0,0,0
1952.4027,0,0,0,0
1952.4055,0,0,0,0
1952.4082,0,0,0,0
1952.411,0,0,0,0
1952.4137,0,0,0,0
1952.4164,0,0,0,0
1952.4192,0,0,0,0
1952.4219,0,0,0,0
1952.4247,0,0,0,0
1952.4274,0,0,0,0
1952.4301,0,0,0,0
1952.4329,0,0,0,0
1952.4356,0,0,0,0
1952.4384,0,0,0,0
1952.4411,0,0,0,0
1952.4438,0,0,0,0
1952.4466,0,0,0,0
1952.4493,0,0,0,0
1952.4521,0,0,0,0
1952.4548,0,0,0,0
1952.4575,0,0,0,0
1952.4603,0,0,0,0
1952.463,0,0,0,0
1952.4658,0,0,0,0
1952.4685,0,0,0,0
1952.4712,0,0,0,0
1952.474,0,0,0,0
1952.4767,0,0,0,0
1952.4795,0,0,0,0
1952.4822,0,0,0,0
1952.4849,0,0,0,0
1952.4877,0,0,0,0
1952.4904,0,0,0,0
1952.4932,0,0,0,0
1952.4959,0,0,0,0
1952.4986,0,0,0,0
1952.5014,0,0,0,0
1952.5041,0,0,0,0
1952.5068,0,0,0,0
1952.5096,0,0,0,0
1952.5123,0,0,0,0
1952.5151,0,0,0,0
1952.5178,0,0,0,0
1952.5205,0,0,0,0
1952.5233,0,0,0,0
1952.526,0,0,0,0
1952.5288,0,0,0,0
1952.5315,0,0,0,0
1952.5342,0,0,0,0
1952.537,0,0,0,0
1952.5397,0,0,0,0
1952.5425,0,0,0,0
1952.5452,0,0,0,0
1952.5479,0,0,0,0
1952.5507,0,0,0,0
1952.5534,0,0,0,0
1952.5562,0,0,0,0
1952.5589,0,0,0,0
1952.5616,0,0,0,0
1952.5644,0,0,0,0
1952.5671,0,0,0,0
1952.5699,0,0,0,0
1952.5726,0,0,0,0
1952.5753,0,0,0,0
1952.5781,0,0,0,0
1952.5808,0,0,0,0
1952.5836,0,0,0,0
1952.5863,0,0,0,0
1952.589,0,0,0,0
1952.5918,0,0,0,0
1952.5945,0,0,0,0
1952.5973,0,0,0,0
1952.6,0,0,0,0
1952.6027,0,0,0,0
1952.6055,0,0,0,0
1952.6082,0,0,0,0
1952.611,0,0,0,0
1952.6137,0,0,0,0
1952.6164,0,0,0,0
1952.6192,0,0,0,0
1952.6219,0,0,0,0
1952.6247,0,0,0,0
1952.6274,0,0,0,0
1952.6301,0,0,0,0
1952.6329,0,0,0,0
1952.6356,0,0,0,0
1952.6384,0,0,0,0
1952.6411,0,0,0,0
1952.6438,0,0,0,0
1952.6466,0,0,0,0
1952.6493,0,0,0,0
1952.6521,0,0,0,0
1952.6548,0,0,0,0
1952.6575,0,0,0,0
1952.6603,0,0,0,0
1952.663,0,0,0,0
1952.6658,0,0,0,0
1952.6685,0,0,0,0
1952.6712,0,0,0,0
1952.674,0,0,0,0
1952.6767,0,0,0,0
1952.6795,0,0,0,0
1952.6822,0,0,0,0
1952.6849,0,0,0,0
1952.6877,0,0,0,0
1952.6904,0,0,0,0
1952.6932,0,0,0,0
1952.6959,0,0,0,0
1952.6986,0,0,0,0
1952.7014,0,0,0,0
1952.7041,0,0,0,0
1952.7068,0,0,0,0
1952.7096,0,0,0,0
1952.7123,0,0,0,0
1952.7151,0,0,0,0
1952.7178,0,0,0,0
1952.7205,0,0,0,0
1952.7233,0,0,0,0
1952.726,0,0,0,0
1952.7288,0,0,0,0
1952.7315,0,0,0,0
1952.7342,0,0,0,0
1952.737,0,0,0,0
1952.7397,0,0,0,0
1952.7425,0,0,0,0
1952.7452,0,0,0,0
1952.7479,0,0,0,0
1952.7507,0,0,0,0
1952.7534,0,0,0,0
1952.7562,0,0,0,0
1952.7589,0,0,0,0
1952.7616,0,0,0,0
1952.7644,0,0,0,0
1952.7671,0,0,0,0
1952.7699,0,0,0,0
1952.7726,0,0,0,0
1952.7753,0,0,0,0
1952.7781,0,0,0,0
1952.7808,0,0,0,0
1952.7836,0,0,0,0
1952.7863,0,0,0,0
1952.789,0,0,0,0
1952.7918,0,0,0,0
1952.7945,0,0,0,0
1952.7973,0,0,0,0
1952.8,0,0,0,0
1952.8027,0,0,0,0
1952.8055,0,0,0,0
1952.8082,0,0,0,0
1952.811,0,0,0,0
1952.8137,0,0,0,0
1952.8164,0,0,0,0
1952.8192,0,0,0,0
1952.8219,0,0,0,0
1952.8247,0,0,0,0
1952.8274,0,0,0,0
1952.8301,0,0,0,0
1952.8329,0,0,0,0
1952.8356,0,0,0,0
1952.8384,0,0,0,0
1952.8411,0,0,0,0
1952.8438,0,0,0,0
1952.8466,0,0,0,0
1952.8493,0,0,0,0
1952.8521,0,0,0,0
1952.8548,0,0,0,0
1952.8575,0,0,0,0
1952.8603,0,0,0,0
1952.863,0,0,0,0
1952.8658,0,0,0,0
1952.8685,0,0,0,0
1952.8712,0,0,0,0
1952.874,0,0,0,0
1952.8767,0,0,0,0
1952.8795,0,0,0,0
1952.8822,0,0,0,0
1952.8849,0,0,0,0
1952.8877,0,0,0,0
1952.8904,0,0,0,0
1952.8932,0,0,0,0
1952.8959,0,0,0,0
1952.8986,0,0,0,0
1952.9014,0,0,0,0
1952.9041,0,0,0,0
1952.9068,0,0,0,0
1952.9096,0,0,0,0
1952.9123,0,0,0,0
1952.9151,0,0,0,0
1952.9178,0,0,0,0
1952.9205,0,0,0,0
1952.9233,0,0,0,0
1952.926,0,0,0,0
1952.9288,0,0,0,0
1952.9315,0,0,0,0
1952.9342,0,0,0,0
1952.937,0,0,0,0
1952.9397,0,0,0,0
1952.9425,0,0,0,0
1952.9452,0,0,0,0
1952.9479,0,0,0,0
1952.9507,0,0,0,0
1952.9534,0,0,0,0
1952.9562,0,0,0,0
1952.9589,0,0,0,0
1952.9616,0,0,0,0
1952.9644,0,0,0,0
1952.9671,0,0,0,0
1952.9699,0,0,0,0
1952.9726,0,0,0,0
1952.9753,0,0,0,0
1952.9781,0,0,0,0
1952.9808,0,0,0,0
1952.9836,0,0,0,0
1952.9863,0,0,0,0
1952.989,0,0,0,0
1952.9918,0,0,0,0
1952.9945,0,0,0,0
1952.9973,0,0,0,0
1953,0,0,0,0
1953,0,0,0,0
1953.0027,0,0,0,0
1953.0055,0,0,0,0
1953.0082,0,0,0,0
1953.011,0,0,0,0
1953.0137,0,0,0,0
1953.0164,0,0,0,0
1953.0192,0,0,0,0
1953.0219,0,0,0,0
1953.0247,0,0,0,0
1953.0274,0,0,0,0
1953.0301,0,0,0,0
1953.0329,0,0,0,0
1953.0356,0,0,0,0
1953.0384,0,0,0,0
1953.0411,0,0,0,0
1953.0438,0,0,0,0
1953.0466,0,0,0,0
1953.0493,0,0,0,0
1953.0521,0,0,0,0
1953.0548,0,0,0,0
1953.0575,0,0,0,0
1953.0603,0,0,0,0
1953.063,0,0,0,0
1953.0658,0,0,0,0
1953.0685,0,0,0,0
1953.0712,0,0,0,0
1953.074,0,0,0,0
1953.0767,0,0,0,0
1953.0795,0,0,0,0
1953.0822,0,0,0,0
1953.0849,0,0,0,0
1953.0877,0,0,0,0
1953.0904,0,0,0,0
1953.0932,0,0,0,0
1953.0959,0,0,0,0
1953.0986,0,0,0,0
1953.1014,0,0,0,0
1953.1041,0,0,0,0
1953.1068,0,0,0,0
1953.1096,0,0,0,0
1953.1123,0,0,0,0
1953.1151,0,0,0,0
1953.1178,0,0,0,0
1953.1205,0,0,0,0
1953.1233,0,0,0,0
1953.126,0,0,0,0
1953.1288,0,0,0,0
1953.1315,0,0,0,0
1953.1342,0,0,0,0
1953.137,0,0,0,0
1953.1397,0,0,0,0
1953.1425,0,0,0,0
1953.1452,0,0,0,0
1953.1479,0,0,0,0
1953.1507,0,0,0,0
1953.1534,0,0,0,0
1953.1562,0,0,0,0
1953.1589,0,0,0,0
1953.1616,0,0,0,0
1953.1644,0,0,0,0
1953.1671,0,0,0,0
1953.1699,0,0,0,0
1953.1726,0,0,0,0
1953.1753,0,0,0,0
1953.1781,0,0,0,0
1953.1808,0,0,0,0
1953.1836,0,0,0,0
1953.1863,0,0,0,0
1953.189,0,0,0,0
1953.1918,0,0,0,0
1953.1945,0,0,0,0
1953.1973,0,0,0,0
1953.2,0,0,0,0
1953.2027,0,0,0,0
1953.2055,0,0,0,0
1953.2082,0,0,0,0
1953.211,0,0,0,0
1953.2137,0,0,0,0
1953.2164,0,0,0,0
1953.2192,0,0,0,0
1953.2219,0,0,0,0
1953.2247,0,0,0,0
1953.2274,0,0,0,0
1953.2301,0,0,0,0
1953.2329,0,0,0,0
1953.2356,0,0,0,0
1953.2384,0,0,0,0
1953.2411,0,0,0,0
1953.2438,0,0,0,0
1953.2466,0,0,0,0
1953.2493,0,0,0,0
1953.2521,0,0,0,0
1953.2548,0,0,0,0
1953.2575,0,0,0,0
1953.2603,0,0,0,0
1953.263,0,0,0,0
1953.2658,0,0,0,0
1953.2685,0,0,0,0
1953.2712,0,0,0,0
1953.274,0,0,0,0
1953.2767,0,0,0,0
1953.2795,0,0,0,0
1953.2822,0,0,0,0
1953.2849,0,0,0,0
1953.2877,0,0,0,0
1953.2904,0,0,0,0
1953.2932,0,0,0,0
1953.2959,0,0,0,0
1953.2986,0,0,0,0
1953.3014,0,0,0,0
1953.3041,0,0,0,0
1953.3068,0,0,0,0
1953.3096,0,0,0,0
1953.3123,0,0,0,0
1953.3151,0,0,0,0
1953.3178,0,0,0,0
1953.3205,0,0,0,0
1953.3233,0,0,0,0
1953.326,0,0,0,0
1953.3288,0,0,0,0
1953.3315,0,0,0,0
1953.3342,0,0,0,0
1953.337,0,0,0,0
1953.3397,0,0,0,0
1953.3425,0,0,0,0
1953.3452,0,0,0,0
1953.3479,0,0,0,0
1953.3507,0,0,0,0
1953.3534,0,0,0,0
1953.3562,0,0,0,0
1953.3589,0,0,0,0
1953.3616,0,0,0,0
1953.3644,0,0,0,0
1953.3671,0,0,0,0
1953.3699,0,0,0,0
1953.3726,0,0,0,0
1953.3753,0,0,0,0
1953.3781,0,0,0,0
1953.3808,0,0,0,0
1953.3836,0,0,0,0
1953.3863,0,0,0,0
1953.389,0,0,0,0
1953.3918,0,0,0,0
1953.3945,0,0,0,0
1953.3973,0,0,0,0
1953.4,0,0,0,0
1953.4027,0,0,0,0
1953.4055,0,0,0,0
1953.4082,0,0,0,0
1953.411,0,0,0,0
1953.4137,0,0,0,0
1953.4164,0,0,0,0
1953.4192,0,0,0,0
1953.4219,0,0,0,0
1953.4247,0,0,0,0
1953.4274,0,0,0,0
1953.4301,0,0,0,0
1953.4329,0,0,0,0
1953.4356,0,0,0,0
1953.4384,0,0,0,0
1953.4411,0,0,0,0
1953.4438,0,0,0,0
1953.4466,0,0,0,0
1953.4493,0,0,0,0
1953.4521,0,0,0,0
1953.4548,0,0,0,0
1953.4575,0,0,0,0
1953.4603,0,0,0,0
1953.463,0,0,0,0
1953.4658,0,0,0,0
1953.4685,0,0,0,0
1953.4712,0,0,0,0
1953.474,0,0,0,0
1953.4767,0,0,0,0
1953.4795,0,0,0,0
1953.4822,0,0,0,0
1953.4849,0,0,0,0
1953.4877,0,0,0,0
1953.4904,0,0,0,0
1953.4932,0,0,0,0
1953.4959,0,0,0,0
1953.4986,0,0,0,0
1953.5014,0,0,0,0
1953.5041,0,0,0,0
1953.5068,0,0,0,0
1953.5096,0,0,0,0
1953.5123,0,0,0,0
1953.5151,0,0,0,0
1953.5178,0,0,0,0
1953.5205,0,0,0,0
1953.5233,0,0,0,0
1953.526,0,0,0,0
1953.5288,0,0,0,0
1953.5315,0,0,0,0
1953.5342,0,0,0,0
1953.537,0,0,0,0
1953.5397,0,0,0,0
1953.5425,0,0,0,0
1953.5452,0,0,0,0
1953.5479,0,0,0,0
1953.5507,0,0,0,0
1953.5534,0,0,0,0
1953.5562,0,0,0,0
1953.5589,0,0,0,0
1953.5616,0,0,0,0
1953.5644,0,0,0,0
1953.5671,0,0,0,0
1953.5699,0,0,0,0
1953.5726,0,0,0,0
1953.5753,0,0,0,0
1953.5781,0,0,0,0
1953.5808,0,0,0,0
1953.5836,0,0,0,0
1953.5863,0,0,0,0
1953.589,0,0,0,0
1953.5918,0,0,0,0
1953.5945,0,0,0,0
1953.5973,0,0,0,0
1953.6,0,0,0,0
1953.6027,0,0,0,0
1953.6055,0,0,0,0
1953.6082,0,0,0,0
1953.611,0,0,0,0
1953.6137,0,0,0,0
1953.6164,0,0,0,0
1953.6192,0,0,0,0
1953.6219,0,0,0,0
1953.6247,0,0,0,0
1953.6274,0,0,0,0
1953.6301,0,0,0,0
1953.6329,0,0,0,0
1953.6356,0,0,0,0
1953.6384,0,0,0,0
1953.6411,0,0,0,0
1953.6438,0,0,0,0
1953.6466,0,0,0,0
1953.6493,0,0,0,0
1953.6521,0,0,0,0
1953.6548,0,0,0,0
1953.6575,0,0,0,0
1953.6603,0,0,0,0
1953.663,0,0,0,0
1953.6658,0,0,0,0
1953.6685,0,0,0,0
1953.6712,0,0,0,0
1953.674,0,0,0,0
1953.6767,0,0,0,0
1953.6795,0,0,0,0
1953.6822,0,0,0,0
1953.6849,0,0,0,0
1953.6877,0,0,0,0
1953.6904,0,0,0,0
1953.6932,0,0,0,0
1953.6959,0,0,0,0
1953.6986,0,0,0,0
1953.7014,0,0,0,0
1953.7041,0,0,0,0
1953.7068,0,0,0,0
1953.7096,0,0,0,0
1953.7123,0,0,0,0
1953.7151,0,0,0,0
1953.7178,0,0,0,0
1953.7205,0,0,0,0
1953.7233,0,0,0,0
1953.726,0,0,0,0
1953.7288,0,0,0,0
1953.7315,0,0,0,0
1953.7342,0,0,0,0
1953.737,0,0,0,0
1953.7397,0,0,0,0
1953.7425,0,0,0,0
1953.7452,0,0,0,0
1953.7479,0,0,0,0
1953.7507,0,0,0,0
1953.7534,0,0,0,0
1953.7562,0,0,0,0
1953.7589,0,0,0,0
1953.7616,0,0,0,0
1953.7644,0,0,0,0
1953.7671,0,0,0,0
1953.7699,0,0,0,0
1953.7726,0,0,0,0
1953.7753,0,0,0,0
1953.7781,0,0,0,0
1953.7808,0,0,0,0
1953.7836,0,0,0,0
1953.7863,0,0,0,0
1953.789,0,0,0,0
1953.7918,0,0,0,0
1953.7945,0,0,0,0
1953.7973,0,0,0,0
1953.8,0,0,0,0
1953.8027,0,0,0,0
1953.8055,0,0,0,0
1953.8082,0,0,0,0
1953.811,0,0,0,0
1953.8137,0,0,0,0
1953.8164,0,0,0,0
1953.8192,0,0,0,0
1953.8219,0,0,0,0
1953.8247,0,0,0,0
1953.8274,0,0,0,0
1953.8301,0,0,0,0
1953.8329,0,0,0,0
1953.8356,0,0,0,0
1953.8384,0,0,0,0
1953.8411,0,0,0,0
1953.8438,0,0,0,0
1953.8466,0,0,0,0
1953.8493,0,0,0,0
1953.8521,0,0,0,0
1953.8548,0,0,0,0
1953.8575,0,0,0,0
1953.8603,0,0,0,0
1953.863,0,0,0,0
1953.8658,0,0,0,0
1953.8685,0,0,0,0
1953.8712,0,0,0,0
1953.874,0,0,0,0
1953.8767,0,0,0,0
1953.8795,0,0,0,0
1953.8822,0,0,0,0
1953.8849,0,0,0,0
1953.8877,0,0,0,0
1953.8904,0,0,0,0
1953.8932,0,0,0,0
1953.8959,0,0,0,0
1953.8986,0,0,0,0
1953.9014,0,0,0,0
1953.9041,0,0,0,0
1953.9068,0,0,0,0
1953.9096,0,0,0,0
1953.9123,0,0,0,0
1953.9151,0,0,0,0
1953.9178,0,0,0,0
1953.9205,0,0,0,0
1953.9233,0,0,0,0
1953.926,0,0,0,0
1953.9288,0,0,0,0
1953.9315,0,0,0,0
1953.9342,0,0,0,0
1953.937,0,0,0,0
1953.9397,0,0,0,0
1953.9425,0,0,0,0
1953.9452,0,0,0,0
1953.9479,0,0,0,0
1953.9507,0,0,0,0
1953.9534,0,0,0,0
1953.9562,0,0,0,0
1953.9589,0,0,0,0
1953.9616,0,0,0,0
1953.9644,0,0,0,0
1953.9671,0,0,0,0
1953.9699,0,0,0,0
1953.9726,0,0,0,0
1953.9753,0,0,0,0
1953.9781,0,0,0,0
1953.9808,0,0,0,0
1953.9836,0,0,0,0
1953.9863,0,0,0,0
1953.989,0,0,0,0
1953.9918,0,0,0,0
1953.9945,0,0,0,0
1953.9973,0,0,0,0
1954,0,0,0,0
1954.0027,0,0,0,0
1954.0055,0,0,0,0
1954.0082,0,0,0,0
1954.011,0,0,0,0
1954.0137,0,0,0,0
1954.0164,0,0,0,0
1954.0192,0,0,0,0
1954.0219,0,0,0,0
1954.0247,0,0,0,0
1954.0274,0,0,0,0
1954.0301,0,0,0,0
1954.0329,0,0,0,0
1954.0356,0,0,0,0
1954.0384,0,0,0,0
1954.0411,0,0,0,0
1954.0438,0,0,0,0
1954.0466,0,0,0,0
1954.0493,0,0,0,0
1954.0521,0,0,0,0
1954.0548,0,0,0,0
1954.0575,0,0,0,0
1954.0603,0,0,0,0
1954.063,0,0,0,0
1954.0658,0,0,0,0
1954.0685,0,0,0,0
1954.0712,0,0,0,0
1954.074,0,0,0,0
1954.0767,0,0,0,0
1954.0795,0,0,0,0
1954.0822,0,0,0,0
1954.0849,0,0,0,0
1954.0877,0,0,0,0
1954.0904,0,0,0,0
1954.0932,0,0,0,0
1954.0959,0,0,0,0
1954.0986,0,0,0,0
1954.1014,0,0,0,0
1954.1041,0,0,0,0
1954.1068,0,0,0,0
1954.1096,0,0,0,0
1954.1123,0,0,0,0
1954.1151,0,0,0,0
1954.1178,0,0,0,0
1954.1205,0,0,0,0
1954.1233,0,0,0,0
1954.126,0,0,0,0
1954.1288,0,0,0,0
1954.1315,0,0,0,0
1954.1342,0,0,0,0
1954.137,0,0,0,0
1954.1397,0,0,0,0
1954.1425,0,0,0,0
1954.1452,0,0,0,0
1954.1479,0,0,0,0
1954.1507,0,0,0,0
1954.1534,0,0,0,0
1954.1562,0,0,0,0
1954.1589,0,0,0,0
1954.1616,0,0,0,0
1954.1644,0,0,0,0
1954.1671,0,0,0,0
1954.1699,0,0,0,0
1954.1726,0,0,0,0
1954.1753,0,0,0,0
1954.1781,0,0,0,0
1954.1808,0,0,0,0
1954.1836,0,0,0,0
1954.1863,0,0,0,0
1954.189,0,0,0,0
1954.1918,0,0,0,0
1954.1945,0,0,0,0
1954.1973,0,0,0,0
1954.2,0,0,0,0
1954.2027,0,0,0,0
1954.2055,0,0,0,0
1954.2082,0,0,0,0
1954.211,0,0,0,0
1954.2137,0,0,0,0
1954.2164,0,0,0,0
1954.2192,0,0,0,0
1954.2219,0,0,0,0
1954.2247,0,0,0,0
1954.2274,0,0,0,0
1954.2301,0,0,0,0
1954.2329,0,0,0,0
1954.2356,0,0,0,0
1954.2384,0,0,0,0
1954.2411,0,0,0,0
1954.2438,0,0,0,0
1954.2466,0,0,0,0
1954.2493,0,0,0,0
1954.2521,0,0,0,0
1954.2548,0,0,0,0
1954.2575,0,0,0,0
1954.2603,0,0,0,0
1954.263,0,0,0,0
1954.2658,0,0,0,0
1954.2685,0,0,0,0
1954.2712,0,0,0,0
1954.274,0,0,0,0
1954.2767,0,0,0,0
1954.2795,0,0,0,0
1954.2822,0,0,0,0
1954.2849,0,0,0,0
1954.2877,0,0,0,0
1954.2904,0,0,0,0
1954.2932,0,0,0,0
1954.2959,0,0,0,0
1954.2986,0,0,0,0
1954.3014,0,0,0,0
1954.3041,0,0,0,0
1954.3068,0,0,0,0
1954.3096,0,0,0,0
1954.3123,0,0,0,0
1954.3151,0,0,0,0
1954.3178,0,0,0,0
1954.3205,0,0,0,0
1954.3233,0,0,0,0
1954.326,0,0,0,0
1954.3288,0,0,0,0
1954.3315,0,0,0,0
1954.3342,0,0,0,0
1954.337,0,0,0,0
1954.3397,0,0,0,0
1954.3425,0,0,0,0
1954.3452,0,0,0,0
1954.3479,0,0,0,0
1954.3507,0,0,0,0
1954.3534,0,0,0,0
1954.3562,0,0,0,0
1954.3589,0,0,0,0
1954.3616,0,0,0,0
1954.3644,0,0,0,0
1954.3671,0,0,0,0
1954.3699,0,0,0,0
1954.3726,0,0,0,0
1954.3753,0,0,0,0
1954.3781,0,0,0,0
1954.3808,0,0,0,0
1954.3836,0,0,0,0
1954.3863,0,0,0,0
1954.389,0,0,0,0
1954.3918,0,0,0,0
1954.3945,0,0,0,0
1954.3973,0,0,0,0
1954.4,0,0,0,0
1954.4027,0,0,0,0
1954.4055,0,0,0,0
1954.4082,0,0,0,0
1954.411,0,0,0,0
1954.4137,0,0,0,0
1954.4164,0,0,0,0
1954.4192,0,0,0,0
1954.4219,0,0,0,0
1954.4247,0,0,0,0
1954.4274,0,0,0,0
1954.4301,0,0,0,0
1954.4329,0,0,0,0
1954.4356,0,0,0,0
1954.4384,0,0,0,0
1954.4411,0,0,0,0
1954.4438,0,0,0,0
1954.4466,0,0,0,0
1954.4493,0,0,0,0
1954.4521,0,0,0,0
1954.4548,0,0,0,0
1954.4575,0,0,0,0
1954.4603,0,0,0,0
1954.463,0,0,0,0
1954.4658,0,0,0,0
1954.4685,0,0,0,0
1954.4712,0,0,0,0
1954.474,0,0,0,0
1954.4767,0,0,0,0
1954.4795,0,0,0,0
1954.4822,0,0,0,0
1954.4849,0,0,0,0
1954.4877,0,0,0,0
1954.4904,0,0,0,0
1954.4932,0,0,0,0
1954.4959,0,0,0,0
1954.4986,0,0,0,0
1954.5014,0,0,0,0
1954.5041,0,0,0,0
1954.5068,0,0,0,0
1954.5096,0,0,0,0
1954.5123,0,0,0,0
1954.5151,0,0,0,0
1954.5178,0,0,0,0
1954.5205,0,0,0,0
1954.5233,0,0,0,0
1954.526,0,0,0,0
1954.5288,0,0,0,0
1954.5315,0,0,0,0
1954.5342,0,0,0,0
1954.537,0,0,0,0
1954.5397,0,0,0,0
1954.5425,0,0,0,0
1954.5452,0,0,0,0
1954.5479,0,0,0,0
1954.5507,0,0,0,0
1954.5534,0,0,0,0
1954.5562,0,0,0,0
1954.5589,0,0,0,0
1954.5616,0,0,0,0
1954.5644,0,0,0,0
1954.5671,0,0,0,0
1954.5699,0,0,0,0
1954.5726,0,0,0,0
1954.5753,0,0,0,0
1954.5781,0,0,0,0
1954.5808,0,0,0,0
1954.5836,0,0,0,0
1954.5863,0,0,0,0
1954.589,0,0,0,0
1954.5918,0,0,0,0
1954.5945,0,0,0,0
1954.5973,0,0,0,0
1954.6,0,0,0,0
1954.6027,0,0,0,0
1954.6055,0,0,0,0
1954.6082,0,0,0,0
1954.611,0,0,0,0
1954.6137,0,0,0,0
1954.6164,0,0,0,0
1954.6192,0,0,0,0
1954.6219,0,0,0,0
1954.6247,0,0,0,0
1954.6274,0,0,0,0
1954.6301,0,0,0,0
1954.6329,0,0,0,0
1954.6356,0,0,0,0
1954.6384,0,0,0,0
1954.6411,0,0,0,0
1954.6438,0,0,0,0
1954.6466,0,0,0,0
1954.6493,0,0,0,0
1954.6521,0,0,0,0
1954.6548,0,0,0,0
1954.6575,0,0,0,0
1954.6603,0,0,0,0
1954.663,0,0,0,0
1954.6658,0,0,0,0
1954.6685,0,0,0,0
1954.6712,0,0,0,0
1954.674,0,0,0,0
1954.6767,0,0,0,0
1954.6795,0,0,0,0
1954.6822,0,0,0,0
1954.6849,0,0,0,0
1954.6877,0,0,0,0
1954.6904,0,0,0,0
1954.6932,0,0,0,0
1954.6959,0,0,0,0
1954.6986,0,0,0,0
1954.7014,0,0,0,0
1954.7041,0,0,0,0
1954.7068,0,0,0,0
1954.7096,0,0,0,0
1954.7123,0,0,0,0
1954.7151,0,0,0,0
1954.7178,0,0,0,0
1954.7205,0,0,0,0
1954.7233,0,0,0,0
1954.726,0,0,0,0
1954.7288,0,0,0,0
1954.7315,0,0,0,0
1954.7342,0,0,0,0
1954.737,0,0,0,0
1954.7397,0,0,0,0
1954.7425,0,0,0,0
1954.7452,0,0,0,0
1954.7479,0,0,0,0
1954.7507,0,0,0,0
1954.7534,0,0,0,0
1954.7562,0,0,0,0
1954.7589,0,0,0,0
1954.7616,0,0,0,0
1954.7644,0,0,0,0
1954.7671,0,0,0,0
1954.7699,0,0,0,0
1954.7726,0,0,0,0
1954.7753,0,0,0,0
1954.7781,0,0,0,0
1954.7808,0,0,0,0
1954.7836,0,0,0,0
1954.7863,0,0,0,0
1954.789,0,0,0,0
1954.7918,0,0,0,0
1954.7945,0,0,0,0
1954.7973,0,0,0,0
1954.8,0,0,0,0
1954.8027,0,0,0,0
1954.8055,0,0,0,0
1954.8082,0,0,0,0
1954.811,0,0,0,0
1954.8137,0,0,0,0
1954.8164,0,0,0,0
1954.8192,0,0,0,0
1954.8219,0,0,0,0
1954.8247,0,0,0,0
1954.8274,0,0,0,0
1954.8301,0,0,0,0
1954.8329,0,0,0,0
1954.8356,0,0,0,0
1954.8384,0,0,0,0
1954.8411,0,0,0,0
1954.8438,0,0,0,0
1954.8466,0,0,0,0
1954.8493,0,0,0,0
1954.8521,0,0,0,0
1954.8548,0,0,0,0
1954.8575,0,0,0,0
1954.8603,0,0,0,0
1954.863,0,0,0,0
1954.8658,0,0,0,0
1954.8685,0,0,0,0
1954.8712,0,0,0,0
1954.874,0,0,0,0
1954.8767,0,0,0,0
1954.8795,0,0,0,0
1954.8822,0,0,0,0
1954.8849,0,0,0,0
1954.8877,0,0,0,0
1954.8904,0,0,0,0
1954.8932,0,0,0,0
1954.8959,0,0,0,0
1954.8986,0,0,0,0
1954.9014,0,0,0,0
1954.9041,0,0,0,0
1954.9068,0,0,0,0
1954.9096,0,0,0,0
1954.9123,0,0,0,0
1954.9151,0,0,0,0
1954.9178,0,0,0,0
1954.9205,0,0,0,0
1954.9233,0,0,0,0
1954.926,0,0,0,0
1954.9288,0,0,0,0
1954.9315,0,0,0,0
1954.9342,0,0,0,0
1954.937,0,0,0,0
1954.9397,0,0,0,0
1954.9425,0,0,0,0
1954.9452,0,0,0,0
1954.9479,0,0,0,0
1954.9507,0,0,0,0
1954.9534,0,0,0,0
1954.9562,0,0,0,0
1954.9589,0,0,0,0
1954.9616,0,0,0,0
1954.9644,0,0,0,0
1954.9671,0,0,0,0
1954.9699,0,0,0,0
1954.9726,0,0,0,0
1954.9753,0,0,0,0
1954.9781,0,0,0,0
1954.9808,0,0,0,0
1954.9836,0,0,0,0
1954.9863,0,0,0,0
1954.989,0,0,0,0
1954.9918,0,0,0,0
1954.9945,0,0,0,0
1954.9973,0,0,0,0
1955,0,0,0,0
1955.0027,0,0,0,0
1955.0055,0,0,0,0
1955.0082,0,0,0,0
1955.011,0,0,0,0
1955.0137,0,0,0,0
1955.0164,0,0,0,0
1955.0192,0,0,0,0
1955.0219,0,0,0,0
1955.0247,0,0,0,0
1955.0274,0,0,0,0
1955.0301,0,0,0,0
1955.0329,0,0,0,0
1955.0356,0,0,0,0
1955.0384,0,0,0,0
1955.0411,0,0,0,0
1955.0438,0,0,0,0
1955.0466,0,0,0,0
1955.0493,0,0,0,0
1955.0521,0,0,0,0
1955.0548,0,0,0,0
1955.0575,0,0,0,0
1955.0603,0,0,0,0
1955.063,0,0,0,0
1955.0658,0,0,0,0
1955.0685,0,0,0,0
1955.0712,0,0,0,0
1955.074,0,0,0,0
1955.0767,0,0,0,0
1955.0795,0,0,0,0
1955.0822,0,0,0,0
1955.0849,0,0,0,0
1955.0877,0,0,0,0
1955.0904,0,0,0,0
1955.0932,0,0,0,0
1955.0959,0,0,0,0
1955.0986,0,0,0,0
1955.1014,0,0,0,0
1955.1041,0,0,0,0
1955.1068,0,0,0,0
1955.1096,0,0,0,0
1955.1123,0,0,0,0
1955.1151,0,0,0,0
1955.1178,0,0,0,0
1955.1205,0,0,0,0
1955.1233,0,0,0,0
1955.126,0,0,0,0
1955.1288,0,0,0,0
1955.1315,0,0,0,0
1955.1342,0,0,0,0
1955.137,0,0,0,0
1955.1397,0,0,0,0
1955.1425,0,0,0,0
1955.1452,0,0,0,0
1955.1479,0,0,0,0
1955.1507,0,0,0,0
1955.1534,0,0,0,0
1955.1562,0,0,0,0
1955.1589,0,0,0,0
1955.1616,0,0,0,0
1955.1644,0,0,0,0
1955.1671,0,0,0,0
1955.1699,0,0,0,0
1955.1726,0,0,0,0
1955.1753,0,0,0,0
1955.1781,0,0,0,0
1955.1808,0,0,0,0
1955.1836,0,0,0,0
1955.1863,0,0,0,0
1955.189,0,0,0,0
1955.1918,0,0,0,0
1955.1945,0,0,0,0
1955.1973,0,0,0,0
1955.2,0,0,0,0
1955.2027,0,0,0,0
1955.2055,0,0,0,0
1955.2082,0,0,0,0
1955.211,0,0,0,0
1955.2137,0,0,0,0
1955.2164,0,0,0,0
1955.2192,0,0,0,0
1955.2219,0,0,0,0
1955.2247,0,0,0,0
1955.2274,0,0,0,0
1955.2301,0,0,0,0
1955.2329,0,0,0,0
1955.2356,0,0,0,0
1955.2384,0,0,0,0
1955.2411,0,0,0,0
1955.2438,0,0,0,0
1955.2466,0,0,0,0
1955.2493,0,0,0,0
1955.2521,0,0,0,0
1955.2548,0,0,0,0
1955.2575,0,0,0,0
1955.2603,0,0,0,0
1955.263,0,0,0,0
1955.2658,0,0,0,0
1955.2685,0,0,0,0
1955.2712,0,0,0,0
1955.274,0,0,0,0
1955.2767,0,0,0,0
1955.2795,0,0,0,0
1955.2822,0,0,0,0
1955.2849,0,0,0,0
1955.2877,0,0,0,0
1955.2904,0,0,0,0
1955.2932,0,0,0,0
1955.2959,0,0,0,0
1955.2986,0,0,0,0
1955.3014,0,0,0,0
1955.3041,0,0,0,0
1955.3068,0,0,0,0
1955.3096,0,0,0,0
1955.3123,0,0,0,0
1955.3151,0,0,0,0
1955.3178,0,0,0,0
1955.3205,0,0,0,0
1955.3233,0,0,0,0
1955.326,0,0,0,0
1955.3288,0,0,0,0
1955.3315,0,0,0,0
1955.3342,0,0,0,0
1955.337,0,0,0,0
1955.3397,0,0,0,0
1955.3425,0,0,0,0
1955.3452,0,0,0,0
1955.3479,0,0,0,0
1955.3507,0,0,0,0
1955.3534,0,0,0,0
1955.3562,0,0,0,0
1955.3589,0,0,0,0
1955.3616,0,0,0,0
1955.3644,0,0,0,0
1955.3671,0,0,0,0
1955.3699,0,0,0,0
1955.3726,0,0,0,0
1955.3753,0,0,0,0
1955.3781,0,0,0,0
1955.3808,0,0,0,0
1955.3836,0,0,0,0
1955.3863,0,0,0,0
1955.389,0,0,0,0
1955.3918,0,0,0,0
1955.3945,0,0,0,0
1955.3973,0,0,0,0
1955.4,0,0,0,0
1955.4027,0,0,0,0
1955.4055,0,0,0,0
1955.4082,0,0,0,0
1955.411,0,0,0,0
1955.4137,0,0,0,0
1955.4164,0,0,0,0
1955.4192,0,0,0,0
1955.4219,0,0,0,0
1955.4247,0,0,0,0
1955.4274,0,0,0,0
1955.4301,0,0,0,0
1955.4329,0,0,0,0
1955.4356,0,0,0,0
1955.4384,0,0,0,0
1955.4411,0,0,0,0
1955.4438,0,0,0,0
1955.4466,0,0,0,0
1955.4493,0,0,0,0
1955.4521,0,0,0,0
1955.4548,0,0,0,0
1955.4575,0,0,0,0
1955.4603,0,0,0,0
1955.463,0,0,0,0
1955.4658,0,0,0,0
1955.4685,0,0,0,0
1955.4712,0,0,0,0
1955.474,0,0,0,0
1955.4767,0,0,0,0
1955.4795,0,0,0,0
1955.4822,0,0,0,0
1955.4849,0,0,0,0
1955.4877,0,0,0,0
1955.4904,0,0,0,0
1955.4932,0,0,0,0
1955.4959,0,0,0,0
1955.4986,0,0,0,0
1955.5014,0,0,0,0
1955.5041,0,0,0,0
1955.5068,0,0,0,0
1955.5096,0,0,0,0
1955.5123,0,0,0,0
1955.5151,0,0,0,0
1955.5178,0,0,0,0
1955.5205,0,0,0,0
1955.5233,0,0,0,0
1955.526,0,0,0,0
1955.5288,0,0,0,0
1955.5315,0,0,0,0
1955.5342,0,0,0,0
1955.537,0,0,0,0
1955.5397,0,0,0,0
1955.5425,0,0,0,0
1955.5452,0,0,0,0
1955.5479,0,0,0,0
1955.5507,0,0,0,0
1955.5534,0,0,0,0
1955.5562,0,0,0,0
1955.5589,0,0,0,0
1955.5616,0,0,0,0
1955.5644,0,0,0,0
1955.5671,0,0,0,0
1955.5699,0,0,0,0
1955.5726,0,0,0,0
1955.5753,0,0,0,0
1955.5781,0,0,0,0
1955.5808,0,0,0,0
1955.5836,0,0,0,0
1955.5863,0,0,0,0
1955.589,0,0,0,0
1955.5918,0,0,0,0
1955.5945,0,0,0,0
1955.5973,0,0,0,0
1955.6,0,0,0,0
1955.6027,0,0,0,0
1955.6055,0,0,0,0
1955.6082,0,0,0,0
1955.611,0,0,0,0
1955.6137,0,0,0,0
1955.6164,0,0,0,0
1955.6192,0,0,0,0
1955.6219,0,0,0,0
1955.6247,0,0,0,0
1955.6274,0,0,0,0
1955.6301,0,0,0,0
1955.6329,0,0,0,0
1955.6356,0,0,0,0
1955.6384,0,0,0,0
1955.6411,0,0,0,0
1955.6438,0,0,0,0
1955.6466,0,0,0,0
1955.6493,0,0,0,0
1955.6521,0,0,0,0
1955.6548,0,0,0,0
1955.6575,0,0,0,0
1955.6603,0,0,0,0
1955.663,0,0,0,0
1955.6658,0,0,0,0
1955.6685,0,0,0,0
1955.6712,0,0,0,0
1955.674,0,0,0,0
1955.6767,0,0,0,0
1955.6795,0,0,0,0
1955.6822,0,0,0,0
1955.6849,0,0,0,0
1955.6877,0,0,0,0
1955.6904,0,0,0,0
1955.6932,0,0,0,0
1955.6959,0,0,0,0
1955.6986,0,0,0,0
1955.7014,0,0,0,0
1955.7041,0,0,0,0
1955.7068,0,0,0,0
1955.7096,0,0,0,0
1955.7123,0,0,0,0
1955.7151,0,0,0,0
1955.7178,0,0,0,0
1955.7205,0,0,0,0
1955.7233,0,0,0,0
1955.726,0,0,0,0
1955.7288,0,0,0,0
1955.7315,0,0,0,0
1955.7342,0,0,0,0
1955.737,0,0,0,0
1955.7397,0,0,0,0
1955.7425,0,0,0,0
1955.7452,0,0,0,0
1955.7479,0,0,0,0
1955.7507,0,0,0,0
1955.7534,0,0,0,0
1955.7562,0,0,0,0
1955.7589,0,0,0,0
1955.7616,0,0,0,0
1955.7644,0,0,0,0
1955.7671,0,0,0,0
1955.7699,0,0,0,0
1955.7726,0,0,0,0
1955.7753,0,0,0,0
1955.7781,0,0,0,0
1955.7808,0,0,0,0
1955.7836,0,0,0,0
1955.7863,0,0,0,0
1955.789,0,0,0,0
1955.7918,0,0,0,0
1955.7945,0,0,0,0
1955.7973,0,0,0,0
1955.8,0,0,0,0
1955.8027,0,0,0,0
1955.8055,0,0,0,0
1955.8082,0,0,0,0
1955.811,0,0,0,0
1955.8137,0,0,0,0
1955.8164,0,0,0,0
1955.8192,0,0,0,0
1955.8219,0,0,0,0
1955.8247,0,0,0,0
1955.8274,0,0,0,0
1955.8301,0,0,0,0
1955.8329,0,0,0,0
1955.8356,0,0,0,0
1955.8384,0,0,0,0
1955.8411,0,0,0,0
1955.8438,0,0,0,0
1955.8466,0,0,0,0
1955.8493,0,0,0,0
1955.8521,0,0,0,0
1955.8548,0,0,0,0
1955.8575,0,0,0,0
1955.8603,0,0,0,0
1955.863,0,0,0,0
1955.8658,0,0,0,0
1955.8685,0,0,0,0
1955.8712,0,0,0,0
1955.874,0,0,0,0
1955.8767,0,0,0,0
1955.8795,0,0,0,0
1955.8822,0,0,0,0
1955.8849,0,0,0,0
1955.8877,0,0,0,0
1955.8904,0,0,0,0
1955.8932,0,0,0,0
1955.8959,0,0,0,0
1955.8986,0,0,0,0
1955.9014,0,0,0,0
1955.9041,0,0,0,0
1955.9068,0,0,0,0
1955.9096,0,0,0,0
1955.9123,0,0,0,0
1955.9151,0,0,0,0
1955.9178,0,0,0,0
1955.9205,0,0,0,0
1955.9233,0,0,0,0
1955.926,0,0,0,0
1955.9288,0,0,0,0
1955.9315,0,0,0,0
1955.9342,0,0,0,0
1955.937,0,0,0,0
1955.9397,0,0,0,0
1955.9425,0,0,0,0
1955.9452,0,0,0,0
1955.9479,0,0,0,0
1955.9507,0,0,0,0
1955.9534,0,0,0,0
1955.9562,0,0,0,0
1955.9589,0,0,0,0
1955.9616,0,0,0,0
1955.9644,0,0,0,0
1955.9671,0,0,0,0
1955.9699,0,0,0,0
1955.9726,0,0,0,0
1955.9753,0,0,0,0
1955.9781,0,0,0,0
1955.9808,0,0,0,0
1955.9836,0,0,0,0
1955.9863,0,0,0,0
1955.989,0,0,0,0
1955.9918,0,0,0,0
1955.9945,0,0,0,0
1955.9973,0,0,0,0
1956,0,0,0,0
1956.0027,0,0,0,0
1956.0055,0,0,0,0
1956.0082,0,0,0,0
1956.011,0,0,0,0
1956.0137,0,0,0,0
1956.0164,0,0,0,0
1956.0192,0,0,0,0
1956.0219,0,0,0,0
1956.0247,0,0,0,0
1956.0274,0,0,0,0
1956.0301,0,0,0,0
1956.0329,0,0,0,0
1956.0356,0,0,0,0
1956.0384,0,0,0,0
1956.0411,0,0,0,0
1956.0438,0,0,0,0
1956.0466,0,0,0,0
1956.0493,0,0,0,0
1956.0521,0,0,0,0
1956.0548,0,0,0,0
1956.0575,0,0,0,0
1956.0603,0,0,0,0
1956.063,0,0,0,0
1956.0658,0,0,0,0
1956.0685,0,0,0,0
1956.0712,0,0,0,0
1956.074,0,0,0,0
1956.0767,0,0,0,0
1956.0795,0,0,0,0
1956.0822,0,0,0,0
1956.0849,0,0,0,0
1956.0877,0,0,0,0
1956.0904,0,0,0,0
1956.0932,0,0,0,0
1956.0959,0,0,0,0
1956.0986,0,0,0,0
1956.1014,0,0,0,0
1956.1041,0,0,0,0
1956.1068,0,0,0,0
1956.1096,0,0,0,0
1956.1123,0,0,0,0
1956.1151,0,0,0,0
1956.1178,0,0,0,0
1956.1205,0,0,0,0
1956.1233,0,0,0,0
1956.126,0,0,0,0
1956.1288,0,0,0,0
1956.1315,0,0,0,0
1956.1342,0,0,0,0
1956.137,0,0,0,0
1956.1397,0,0,0,0
1956.1425,0,0,0,0
1956.1452,0,0,0,0
1956.1479,0,0,0,0
1956.1507,0,0,0,0
1956.1534,0,0,0,0
1956.1562,0,0,0,0
1956.1589,0,0,0,0
1956.1616,0,0,0,0
1956.1644,0,0,0,0
1956.1671,0,0,0,0
1956.1699,0,0,0,0
1956.1726,0,0,0,0
1956.1753,0,0,0,0
1956.1781,0,0,0,0
1956.1808,0,0,0,0
1956.1836,0,0,0,0
1956.1863,0,0,0,0
1956.189,0,0,0,0
1956.1918,0,0,0,0
1956.1945,0,0,0,0
1956.1973,0,0,0,0
1956.2,0,0,0,0
1956.2027,0,0,0,0
1956.2055,0,0,0,0
1956.2082,0,0,0,0
1956.211,0,0,0,0
1956.2137,0,0,0,0
1956.2164,0,0,0,0
1956.2192,0,0,0,0
1956.2219,0,0,0,0
1956.2247,0,0,0,0
1956.2274,0,0,0,0
1956.2301,0,0,0,0
1956.2329,0,0,0,0
1956.2356,0,0,0,0
1956.2384,0,0,0,0
1956.2411,0,0,0,0
1956.2438,0,0,0,0
1956.2466,0,0,0,0
1956.2493,0,0,0,0
1956.2521,0,0,0,0
1956.2548,0,0,0,0
1956.2575,0,0,0,0
1956.2603,0,0,0,0
1956.263,0,0,0,0
1956.2658,0,0,0,0
1956.2685,0,0,0,0
1956.2712,0,0,0,0
1956.274,0,0,0,0
1956.2767,0,0,0,0
1956.2795,0,0,0,0
1956.2822,0,0,0,0
1956.2849,0,0,0,0
1956.2877,0,0,0,0
1956.2904,0,0,0,0
1956.2932,0,0,0,0
1956.2959,0,0,0,0
1956.2986,0,0,0,0
1956.3014,0,0,0,0
1956.3041,0,0,0,0
1956.3068,0,0,0,0
1956.3096,0,0,0,0
1956.3123,0,0,0,0
1956.3151,0,0,0,0
1956.3178,0,0,0,0
1956.3205,0,0,0,0
1956.3233,0,0,0,0
1956.326,0,0,0,0
1956.3288,0,0,0,0
1956.3315,0,0,0,0
1956.3342,0,0,0,0
1956.337,0,0,0,0
1956.3397,0,0,0,0
1956.3425,0,0,0,0
1956.3452,0,0,0,0
1956.3479,0,0,0,0
1956.3507,0,0,0,0
1956.3534,0,0,0,0
1956.3562,0,0,0,0
1956.3589,0,0,0,0
1956.3616,0,0,0,0
1956.3644,0,0,0,0
1956.3671,0,0,0,0
1956.3699,0,0,0,0
1956.3726,0,0,0,0
1956.3753,0,0,0,0
1956.3781,0,0,0,0
1956.3808,0,0,0,0
1956.3836,0,0,0,0
1956.3863,0,0,0,0
1956.389,0,0,0,0
1956.3918,0,0,0,0
1956.3945,0,0,0,0
1956.3973,0,0,0,0
1956.4,0,0,0,0
1956.4027,0,0,0,0
1956.4055,0,0,0,0
1956.4082,0,0,0,0
1956.411,0,0,0,0
1956.4137,0,0,0,0
1956.4164,0,0,0,0
1956.4192,0,0,0,0
1956.4219,0,0,0,0
1956.4247,0,0,0,0
1956.4274,0,0,0,0
1956.4301,0,0,0,0
1956.4329,0,0,0,0
1956.4356,0,0,0,0
1956.4384,0,0,0,0
1956.4411,0,0,0,0
1956.4438,0,0,0,0
1956.4466,0,0,0,0
1956.4493,0,0,0,0
1956.4521,0,0,0,0
1956.4548,0,0,0,0
1956.4575,0,0,0,0
1956.4603,0,0,0,0
1956.463,0,0,0,0
1956.4658,0,0,0,0
1956.4685,0,0,0,0
1956.4712,0,0,0,0
1956.474,0,0,0,0
1956.4767,0,0,0,0
1956.4795,0,0,0,0
1956.4822,0,0,0,0
1956.4849,0,0,0,0
1956.4877,0,0,0,0
1956.4904,0,0,0,0
1956.4932,0,0,0,0
1956.4959,0,0,0,0
1956.4986,0,0,0,0
1956.5014,0,0,0,0
1956.5041,0,0,0,0
1956.5068,0,0,0,0
1956.5096,0,0,0,0
1956.5123,0,0,0,0
1956.5151,0,0,0,0
1956.5178,0,0,0,0
1956.5205,0,0,0,0
1956.5233,0,0,0,0
1956.526,0,0,0,0
1956.5288,0,0,0,0
1956.5315,0,0,0,0
1956.5342,0,0,0,0
1956.537,0,0,0,0
1956.5397,0,0,0,0
1956.5425,0,0,0,0
1956.5452,0,0,0,0
1956.5479,0,0,0,0
1956.5507,0,0,0,0
1956.5534,0,0,0,0
1956.5562,0,0,0,0
1956.5589,0,0,0,0
1956.5616,0,0,0,0
1956.5644,0,0,0,0
1956.5671,0,0,0,0
1956.5699,0,0,0,0
1956.5726,0,0,0,0
1956.5753,0,0,0,0
1956.5781,0,0,0,0
1956.5808,0,0,0,0
1956.5836,0,0,0,0
1956.5863,0,0,0,0
1956.589,0,0,0,0
1956.5918,0,0,0,0
1956.5945,0,0,0,0
1956.5973,0,0,0,0
1956.6,0,0,0,0
1956.6027,0,0,0,0
1956.6055,0,0,0,0
1956.6082,0,0,0,0
1956.611,0,0,0,0
1956.6137,0,0,0,0
1956.6164,0,0,0,0
1956.6192,0,0,0,0
1956.6219,0,0,0,0
1956.6247,0,0,0,0
1956.6274,0,0,0,0
1956.6301,0,0,0,0
1956.6329,0,0,0,0
1956.6356,0,0,0,0
1956.6384,0,0,0,0
1956.6411,0,0,0,0
1956.6438,0,0,0,0
1956.6466,0,0,0,0
1956.6493,0,0,0,0
1956.6521,0,0,0,0
1956.6548,0,0,0,0
1956.6575,0,0,0,0
1956.6603,0,0,0,0
1956.663,0,0,0,0
1956.6658,0,0,0,0
1956.6685,0,0,0,0
1956.6712,0,0,0,0
1956.674,0,0,0,0
1956.6767,0,0,0,0
1956.6795,0,0,0,0
1956.6822,0,0,0,0
1956.6849,0,0,0,0
1956.6877,0,0,0,0
1956.6904,0,0,0,0
1956.6932,0,0,0,0
1956.6959,0,0,0,0
1956.6986,0,0,0,0
1956.7014,0,0,0,0
1956.7041,0,0,0,0
1956.7068,0,0,0,0
1956.7096,0,0,0,0
1956.7123,0,0,0,0
1956.7151,0,0,0,0
1956.7178,0,0,0,0
1956.7205,0,0,0,0
1956.7233,0,0,0,0
1956.726,0,0,0,0
1956.7288,0,0,0,0
1956.7315,0,0,0,0
1956.7342,0,0,0,0
1956.737,0,0,0,0
1956.7397,0,0,0,0
1956.7425,0,0,0,0
1956.7452,0,0,0,0
1956.7479,0,0,0,0
1956.7507,0,0,0,0
1956.7534,0,0,0,0
1956.7562,0,0,0,0
1956.7589,0,0,0,0
1956.7616,0,0,0,0
1956.7644,0,0,0,0
1956.7671,0,0,0,0
1956.7699,0,0,0,0
1956.7726,0,0,0,0
1956.7753,0,0,0,0
1956.7781,0,0,0,0
1956.7808,0,0,0,0
1956.7836,0,0,0,0
1956.7863,0,0,0,0
1956.789,0,0,0,0
1956.7918,0,0,0,0
1956.7945,0,0,0,0
1956.7973,0,0,0,0
1956.8,0,0,0,0
1956.8027,0,0,0,0
1956.8055,0,0,0,0
1956.8082,0,0,0,0
1956.811,0,0,0,0
1956.8137,0,0,0,0
1956.8164,0,0,0,0
1956.8192,0,0,0,0
1956.8219,0,0,0,0
1956.8247,0,0,0,0
1956.8274,0,0,0,0
1956.8301,0,0,0,0
1956.8329,0,0,0,0
1956.8356,0,0,0,0
1956.8384,0,0,0,0
1956.8411,0,0,0,0
1956.8438,0,0,0,0
1956.8466,0,0,0,0
1956.8493,0,0,0,0
1956.8521,0,0,0,0
1956.8548,0,0,0,0
1956.8575,0,0,0,0
1956.8603,0,0,0,0
1956.863,0,0,0,0
1956.8658,0,0,0,0
1956.8685,0,0,0,0
1956.8712,0,0,0,0
1956.874,0,0,0,0
1956.8767,0,0,0,0
1956.8795,0,0,0,0
1956.8822,0,0,0,0
1956.8849,0,0,0,0
1956.8877,0,0,0,0
1956.8904,0,0,0,0
1956.8932,0,0,0,0
1956.8959,0,0,0,0
1956.8986,0,0,0,0
1956.9014,0,0,0,0
1956.9041,0,0,0,0
1956.9068,0,0,0,0
1956.9096,0,0,0,0
1956.9123,0,0,0,0
1956.9151,0,0,0,0
1956.9178,0,0,0,0
1956.9205,0,0,0,0
1956.9233,0,0,0,0
1956.926,0,0,0,0
1956.9288,0,0,0,0
1956.9315,0,0,0,0
1956.9342,0,0,0,0
1956.937,0,0,0,0
1956.9397,0,0,0,0
1956.9425,0,0,0,0
1956.9452,0,0,0,0
1956.9479,0,0,0,0
1956.9507,0,0,0,0
1956.9534,0,0,0,0
1956.9562,0,0,0,0
1956.9589,0,0,0,0
1956.9616,0,0,0,0
1956.9644,0,0,0,0
1956.9671,0,0,0,0
1956.9699,0,0,0,0
1956.9726,0,0,0,0
1956.9753,0,0,0,0
1956.9781,0,0,0,0
1956.9808,0,0,0,0
1956.9836,0,0,0,0
1956.9863,0,0,0,0
1956.989,0,0,0,0
1956.9918,0,0,0,0
1956.9945,0,0,0,0
1956.9973,0,0,0,0
1957,0,0,0,0
1957,0,0,0,0
1957.0027,0,0,0,0
1957.0055,0,0,0,0
1957.0082,0,0,0,0
1957.011,0,0,0,0
1957.0137,0,0,0,0
1957.0164,0,0,0,0
1957.0192,0,0,0,0
1957.0219,0,0,0,0
1957.0247,0,0,0,0
1957.0274,0,0,0,0
1957.0301,0,0,0,0
1957.0329,0,0,0,0
1957.0356,0,0,0,0
1957.0384,0,0,0,0
1957.0411,0,0,0,0
1957.0438,0,0,0,0
1957.0466,0,0,0,0
1957.0493,0,0,0,0
1957.0521,0,0,0,0
1957.0548,0,0,0,0
1957.0575,0,0,0,0
1957.0603,0,0,0,0
1957.063,0,0,0,0
1957.0658,0,0,0,0
1957.0685,0,0,0,0
1957.0712,0,0,0,0
1957.074,0,0,0,0
1957.0767,0,0,0,0
1957.0795,0,0,0,0
1957.0822,0,0,0,0
1957.0849,0,0,0,0
1957.0877,0,0,0,0
1957.0904,0,0,0,0
1957.0932,0,0,0,0
1957.0959,0,0,0,0
1957.0986,0,0,0,0
1957.1014,0,0,0,0
1957.1041,0,0,0,0
1957.1068,0,0,0,0
1957.1096,0,0,0,0
1957.1123,0,0,0,0
1957.1151,0,0,0,0
1957.1178,0,0,0,0
1957.1205,0,0,0,0
1957.1233,0,0,0,0
1957.126,0,0,0,0
1957.1288,0,0,0,0
1957.1315,0,0,0,0
1957.1342,0,0,0,0
1957.137,0,0,0,0
1957.1397,0,0,0,0
1957.1425,0,0,0,0
1957.1452,0,0,0,0
1957.1479,0,0,0,0
1957.1507,0,0,0,0
1957.1534,0,0,0,0
1957.1562,0,0,0,0
1957.1589,0,0,0,0
1957.1616,0,0,0,0
1957.1644,0,0,0,0
1957.1671,0,0,0,0
1957.1699,0,0,0,0
1957.1726,0,0,0,0
1957.1753,0,0,0,0
1957.1781,0,0,0,0
1957.1808,0,0,0,0
1957.1836,0,0,0,0
1957.1863,0,0,0,0
1957.189,0,0,0,0
1957.1918,0,0,0,0
1957.1945,0,0,0,0
1957.1973,0,0,0,0
1957.2,0,0,0,0
1957.2027,0,0,0,0
1957.2055,0,0,0,0
1957.2082,0,0,0,0
1957.211,0,0,0,0
1957.2137,0,0,0,0
1957.2164,0,0,0,0
1957.2192,0,0,0,0
1957.2219,0,0,0,0
1957.2247,0,0,0,0
1957.2274,0,0,0,0
1957.2301,0,0,0,0
1957.2329,0,0,0,0
1957.2356,0,0,0,0
1957.2384,0,0,0,0
1957.2411,0,0,0,0
1957.2438,0,0,0,0
1957.2466,0,0,0,0
1957.2493,0,0,0,0
1957.2521,0,0,0,0
1957.2548,0,0,0,0
1957.2575,0,0,0,0
1957.2603,0,0,0,0
1957.263,0,0,0,0
1957.2658,0,0,0,0
1957.2685,0,0,0,0
1957.2712,0,0,0,0
1957.274,0,0,0,0
1957.2767,0,0,0,0
1957.2795,0,0,0,0
1957.2822,0,0,0,0
1957.2849,0,0,0,0
1957.2877,0,0,0,0
1957.2904,0,0,0,0
1957.2932,0,0,0,0
1957.2959,0,0,0,0
1957.2986,0,0,0,0
1957.3014,0,0,0,0
1957.3041,0,0,0,0
1957.3068,0,0,0,0
1957.3096,0,0,0,0
1957.3123,0,0,0,0
1957.3151,0,0,0,0
1957.3178,0,0,0,0
1957.3205,0,0,0,0
1957.3233,0,0,0,0
1957.326,0,0,0,0
1957.3288,0,0,0,0
1957.3315,0,0,0,0
1957.3342,0,0,0,0
1957.337,0,0,0,0
1957.3397,0,0,0,0
1957.3425,0,0,0,0
1957.3452,0,0,0,0
1957.3479,0,0,0,0
1957.3507,0,0,0,0
1957.3534,0,0,0,0
1957.3562,0,0,0,0
1957.3589,0,0,0,0
1957.3616,0,0,0,0
1957.3644,0,0,0,0
1957.3671,0,0,0,0
1957.3699,0,0,0,0
1957.3726,0,0,0,0
1957.3753,0,0,0,0
1957.3781,0,0,0,0
1957.3808,0,0,0,0
1957.3836,0,0,0,0
1957.3863,0,0,0,0
1957.389,0,0,0,0
1957.3918,0,0,0,0
1957.3945,0,0,0,0
1957.3973,0,0,0,0
1957.4,0,0,0,0
1957.4027,0,0,0,0
1957.4055,0,0,0,0
1957.4082,0,0,0,0
1957.411,0,0,0,0
1957.4137,0,0,0,0
1957.4164,0,0,0,0
1957.4192,0,0,0,0
1957.4219,0,0,0,0
1957.4247,0,0,0,0
1957.4274,0,0,0,0
1957.4301,0,0,0,0
1957.4329,0,0,0,0
1957.4356,0,0,0,0
1957.4384,0,0,0,0
1957.4411,0,0,0,0
1957.4438,0,0,0,0
1957.4466,0,0,0,0
1957.4493,1,0,0,0
1957.4521,0,0,0,0
1957.4548,0,0,0,0
1957.4575,0,0,0,0
1957.4603,0,0,0,0
1957.463,0,0,0,0
1957.4658,0,0,0,0
1957.4685,0,0,0,0
1957.4712,0,0,0,0
1957.474,0,0,0,0
1957.4767,0,0,0,0
1957.4795,0,0,0,0
1957.4822,0,0,0,0
1957.4849,0,0,0,0
1957.4877,0,0,0,0
1957.4904,0,0,0,0
1957.4932,0,0,0,0
1957.4959,0,0,0,0
1957.4986,0,0,0,0
1957.5014,0,0,0,0
1957.5041,0,0,0,0
1957.5068,0,0,0,0
1957.5096,0,0,0,0
1957.5123,0,0,0,0
1957.5151,0,0,0,0
1957.5178,0,0,0,0
1957.5205,0,0,0,0
1957.5233,0,0,0,0
1957.526,0,0,0,0
1957.5288,0,0,0,0
1957.5315,0,0,0,0
1957.5342,0,0,0,0
1957.537,0,0,0,0
1957.5397,0,0,0,0
1957.5425,0,0,0,0
1957.5452,0,0,0,0
1957.5479,0,0,0,0
1957.5507,0,0,0,0
1957.5534,0,0,0,0
1957.5562,0,0,0,0
1957.5589,0,0,0,0
1957.5616,0,0,0,0
1957.5644,0,0,0,0
1957.5671,0,0,0,0
1957.5699,0,0,0,0
1957.5726,0,0,0,0
1957.5753,0,0,0,0
1957.5781,0,0,0,0
1957.5808,0,0,0,0
1957.5836,0,0,0,0
1957.5863,0,0,0,0
1957.589,0,0,0,0
1957.5918,0,0,0,0
1957.5945,0,0,0,0
1957.5973,0,0,0,0
1957.6,0,0,0,0
1957.6027,0,0,0,0
1957.6055,0,0,0,0
1957.6082,0,0,0,0
1957.611,0,0,0,0
1957.6137,0,0,0,0
1957.6164,0,0,0,0
1957.6192,0,0,0,0
1957.6219,0,0,0,0
1957.6247,0,0,0,0
1957.6274,0,0,0,0
1957.6301,0,0,0,0
1957.6329,0,0,0,0
1957.6356,0,0,0,0
1957.6384,0,0,0,0
1957.6411,0,0,0,0
1957.6438,0,0,0,0
1957.6466,0,0,0,0
1957.6493,0,0,0,0
1957.6521,0,0,0,0
1957.6548,0,0,0,0
1957.6575,0,0,0,0
1957.6603,0,0,0,0
1957.663,0,0,0,0
1957.6658,0,0,0,0
1957.6685,0,0,0,0
1957.6712,0,0,0,0
1957.674,0,0,0,0
1957.6767,0,0,0,0
1957.6795,0,0,0,0
1957.6822,0,0,0,0
1957.6849,0,0,0,0
1957.6877,0,0,0,0
1957.6904,0,0,0,0
1957.6932,0,0,0,0
1957.6959,0,0,0,0
1957.6986,0,0,0,0
1957.7014,0,0,0,0
1957.7041,0,0,0,0
1957.7068,0,0,0,0
1957.7096,0,0,0,0
1957.7123,0,0,0,0
1957.7151,0,0,0,0
1957.7178,0,0,0,0
1957.7205,0,0,0,0
1957.7233,0,0,0,0
1957.726,0,0,0,0
1957.7288,0,0,0,0
1957.7315,0,0,0,0
1957.7342,0,0,0,0
1957.737,0,0,0,0
1957.7397,0,0,0,0
1957.7425,0,0,0,0
1957.7452,0,0,0,0
1957.7479,0,0,0,0
1957.7507,0,0,0,0
1957.7534,0,0,0,0
1957.7562,0,0,0,0
1957.7589,0,0,0,0
1957.7616,0,0,0,0
1957.7644,0,0,0,0
1957.7671,0,0,0,0
1957.7699,0,0,0,0
1957.7726,0,0,0,0
1957.7753,0,0,0,0
1957.7781,0,0,0,0
1957.7808,0,0,0,0
1957.7836,0,0,0,0
1957.7863,0,0,0,0
1957.789,0,0,0,0
1957.7918,0,0,0,0
1957.7945,0,0,0,0
1957.7973,0,0,0,0
1957.8,0,0,0,0
1957.8027,0,0,0,0
1957.8055,0,0,0,0
1957.8082,0,0,0,0
1957.811,0,0,0,0
1957.8137,0,0,0,0
1957.8164,0,0,0,0
1957.8192,0,0,0,0
1957.8219,0,0,0,0
1957.8247,0,0,0,0
1957.8274,0,0,0,0
1957.8301,0,0,0,0
1957.8329,0,0,0,0
1957.8356,0,0,0,0
1957.8384,0,0,0,0
1957.8411,0,0,0,0
1957.8438,0,0,0,0
1957.8466,0,0,0,0
1957.8493,0,0,0,0
1957.8521,0,0,0,0
1957.8548,0,0,0,0
1957.8575,0,0,0,0
1957.8603,0,0,0,0
1957.863,0,0,0,0
1957.8658,0,0,0,0
1957.8685,0,0,0,0
1957.8712,0,0,0,0
1957.874,0,0,0,0
1957.8767,0,0,0,0
1957.8795,0,0,0,0
1957.8822,0,0,0,0
1957.8849,0,0,0,0
1957.8877,0,0,0,0
1957.8904,0,0,0,0
1957.8932,0,0,0,0
1957.8959,0,0,0,0
1957.8986,0,0,0,0
1957.9014,0,0,0,0
1957.9041,0,0,0,0
1957.9068,0,0,0,0
1957.9096,0,0,0,0
1957.9123,0,0,0,0
1957.9151,0,0,0,0
1957.9178,0,0,0,0
1957.9205,0,0,0,0
1957.9233,0,0,0,0
1957.926,0,0,0,0
1957.9288,0,0,0,0
1957.9315,0,0,0,0
1957.9342,0,0,0,0
1957.937,0,0,0,0
1957.9397,0,0,0,0
1957.9425,0,0,0,0
1957.9452,0,0,0,0
1957.9479,0,0,0,0
1957.9507,0,0,0,0
1957.9534,0,0,0,0
1957.9562,0,0,0,0
1957.9589,0,0,0,0
1957.9616,0,0,0,0
1957.9644,0,0,0,0
1957.9671,0,0,0,0
1957.9699,0,0,0,0
1957.9726,0,0,0,0
1957.9753,0,0,0,0
1957.9781,0,0,0,0
1957.9808,0,0,0,0
1957.9836,0,0,0,0
1957.9863,0,0,0,0
1957.989,0,0,0,0
1957.9918,0,0,0,0
1957.9945,0,0,0,0
1957.9973,0,0,0,0
1958,0,0,0,0
1958.0027,0,0,0,0
1958.0055,0,0,0,0
1958.0082,0,0,0,0
1958.011,0,0,0,0
1958.0137,0,0,0,0
1958.0164,0,0,0,0
1958.0192,0,0,0,0
1958.0219,0,0,0,0
1958.0247,0,0,0,0
1958.0274,0,0,0,0
1958.0301,0,0,0,0
1958.0329,0,0,0,0
1958.0356,0,0,0,0
1958.0384,0,0,0,0
1958.0411,0,0,0,0
1958.0438,0,0,0,0
1958.0466,0,0,0,0
1958.0493,0,0,0,0
1958.0521,0,0,0,0
1958.0548,0,0,0,0
1958.0575,0,0,0,0
1958.0603,0,0,0,0
1958.063,0,0,0,0
1958.0658,0,0,0,0
1958.0685,0,0,0,0
1958.0712,0,0,0,0
1958.074,0,0,0,0
1958.0767,0,0,0,0
1958.0795,0,0,0,0
1958.0822,0,0,0,0
1958.0849,0,0,0,0
1958.0877,0,0,0,0
1958.0904,0,0,0,0
1958.0932,0,0,0,0
1958.0959,0,0,0,0
1958.0986,0,0,0,0
1958.1014,0,0,0,0
1958.1041,0,0,0,0
1958.1068,0,0,0,0
1958.1096,0,0,0,0
1958.1123,0,0,0,0
1958.1151,0,0,0,0
1958.1178,0,0,0,0
1958.1205,0,0,0,0
1958.1233,0,0,0,0
1958.126,0,0,0,0
1958.1288,0,0,0,0
1958.1315,0,0,0,0
1958.1342,0,0,0,0
1958.137,0,0,0,0
1958.1397,0,0,0,0
1958.1425,0,0,0,0
1958.1452,0,0,0,0
1958.1479,0,0,0,0
1958.1507,0,0,0,0
1958.1534,0,0,0,0
1958.1562,0,0,0,0
1958.1589,0,0,0,0
1958.1616,0,0,0,0
1958.1644,0,0,0,0
1958.1671,0,0,0,0
1958.1699,0,0,0,0
1958.1726,0,0,0,0
1958.1753,0,0,0,0
1958.1781,0,0,0,0
1958.1808,0,0,0,0
1958.1836,0,0,0,0
1958.1863,0,0,0,0
1958.189,0,0,0,0
1958.1918,0,0,0,0
1958.1945,0,0,0,0
1958.1973,0,0,0,0
1958.2,0,0,0,0
1958.2027,0,0,0,0
1958.2055,0,0,0,0
1958.2082,0,0,0,0
1958.211,0,0,0,0
1958.2137,0,0,0,0
1958.2164,0,0,0,0
1958.2192,0,0,0,0
1958.2219,0,0,0,0
1958.2247,0,0,0,0
1958.2274,0,0,0,0
1958.2301,0,0,0,0
1958.2329,0,0,0,0
1958.2356,0,0,0,0
1958.2384,0,0,0,0
1958.2411,0,0,0,0
1958.2438,0,0,0,0
1958.2466,0,0,0,0
1958.2493,0,0,0,0
1958.2521,0,0,0,0
1958.2548,0,0,0,0
1958.2575,0,0,0,0
1958.2603,0,0,0,0
1958.263,0,0,0,0
1958.2658,0,0,0,0
1958.2685,0,0,0,0
1958.2712,0,0,0,0
1958.274,0,0,0,0
1958.2767,0,0,0,0
1958.2795,0,0,0,0
1958.2822,0,0,0,0
1958.2849,0,0,0,0
1958.2877,0,0,0,0
1958.2904,0,0,0,0
1958.2932,0,0,0,0
1958.2959,0,0,0,0
1958.2986,0,0,0,0
1958.3014,0,0,0,0
1958.3041,0,0,0,0
1958.3068,0,0,0,0
1958.3096,0,0,0,0
1958.3123,0,0,0,0
1958.3151,0,0,0,0
1958.3178,0,0,0,0
1958.3205,0,0,0,0
1958.3233,0,0,0,0
1958.326,0,0,0,0
1958.3288,0,0,0,0
1958.3315,0,0,0,0
1958.3342,0,0,0,0
1958.337,0,0,0,0
1958.3397,0,0,0,0
1958.3425,0,0,0,0
1958.3452,0,0,0,0
1958.3479,0,0,0,0
1958.3507,0,0,0,0
1958.3534,0,0,0,0
1958.3562,0,0,0,0
1958.3589,0,0,0,0
1958.3616,0,0,0,0
1958.3644,0,0,0,0
1958.3671,0,0,0,0
1958.3699,0,0,0,0
1958.3726,0,0,0,0
1958.3753,0,0,0,0
1958.3781,0,0,0,0
1958.3808,0,0,0,0
1958.3836,0,0,0,0
1958.3863,0,0,0,0
1958.389,0,0,0,0
1958.3918,0,0,0,0
1958.3945,0,0,0,0
1958.3973,0,0,0,0
1958.4,0,0,0,0
1958.4027,0,0,0,0
1958.4055,0,0,0,0
1958.4082,0,0,0,0
1958.411,0,0,0,0
1958.4137,0,0,0,0
1958.4164,0,0,0,0
1958.4192,0,0,0,0
1958.4219,0,0,0,0
1958.4247,0,0,0,0
1958.4274,0,0,0,0
1958.4301,0,0,0,0
1958.4329,0,0,0,0
1958.4356,0,0,0,0
1958.4384,0,0,0,0
1958.4411,0,0,0,0
1958.4438,0,0,0,0
1958.4466,0,0,0,0
1958.4493,0,0,0,0
1958.4521,0,0,0,0
1958.4548,0,0,0,0
1958.4575,0,0,0,0
1958.4603,0,0,0,0
1958.463,0,0,0,0
1958.4658,0,0,0,0
1958.4685,0,0,0,0
1958.4712,0,0,0,0
1958.474,0,0,0,0
1958.4767,0,0,0,0
1958.4795,0,0,0,0
1958.4822,0,0,0,0
1958.4849,0,0,0,0
1958.4877,0,0,0,0
1958.4904,0,0,0,0
1958.4932,0,0,0,0
1958.4959,0,0,0,0
1958.4986,0,0,0,0
1958.5014,0,0,0,0
1958.5041,0,0,0,0
1958.5068,0,0,0,0
1958.5096,0,0,0,0
1958.5123,0,0,0,0
1958.5151,0,0,0,0
1958.5178,0,0,0,0
1958.5205,0,0,0,0
1958.5233,0,0,0,0
1958.526,0,0,0,0
1958.5288,0,0,0,0
1958.5315,0,0,0,0
1958.5342,0,0,0,0
1958.537,0,0,0,0
1958.5397,0,0,0,0
1958.5425,0,0,0,0
1958.5452,1,0,0,0
1958.5479,0,0,0,0
1958.5507,0,0,0,0
1958.5534,0,0,0,0
1958.5562,0,0,0,0
1958.5589,0,0,0,0
1958.5616,0,0,0,0
1958.5644,0,0,0,0
1958.5671,0,0,0,0
1958.5699,0,0,0,0
1958.5726,0,0,0,0
1958.5753,0,0,0,0
1958.5781,0,0,0,0
1958.5808,0,0,0,0
1958.5836,0,0,0,0
1958.5863,0,0,0,0
1958.589,0,0,0,0
1958.5918,0,0,0,0
1958.5945,0,0,0,0
1958.5973,0,0,0,0
1958.6,0,0,0,0
1958.6027,0,0,0,0
1958.6055,0,0,0,0
1958.6082,0,0,0,0
1958.611,0,0,0,0
1958.6137,0,0,0,0
1958.6164,0,0,0,0
1958.6192,0,0,0,0
1958.6219,0,0,0,0
1958.6247,0,0,0,0
1958.6274,0,0,0,0
1958.6301,0,0,0,0
1958.6329,0,0,0,0
1958.6356,0,0,0,0
1958.6384,0,0,0,0
1958.6411,0,0,0,0
1958.6438,0,0,0,0
1958.6466,0,0,0,0
1958.6493,0,0,0,0
1958.6521,0,0,0,0
1958.6548,0,0,0,0
1958.6575,0,0,0,0
1958.6603,0,0,0,0
1958.663,0,0,0,0
1958.6658,0,0,0,0
1958.6685,0,0,0,0
1958.6712,0,0,0,0
1958.674,0,0,0,0
1958.6767,0,0,0,0
1958.6795,0,0,0,0
1958.6822,0,0,0,0
1958.6849,0,0,0,0
1958.6877,0,0,0,0
1958.6904,0,0,0,0
1958.6932,0,0,0,0
1958.6959,0,0,0,0
1958.6986,0,0,0,0
1958.7014,0,0,0,0
1958.7041,0,0,0,0
1958.7068,0,0,0,0
1958.7096,0,0,0,0
1958.7123,0,0,0,0
1958.7151,0,0,0,0
1958.7178,0,0,0,0
1958.7205,0,0,0,0
1958.7233,0,0,0,0
1958.726,0,0,0,0
1958.7288,0,0,0,0
1958.7315,0,0,0,0
1958.7342,0,0,0,0
1958.737,0,0,0,0
1958.7397,0,0,0,0
1958.7425,0,0,0,0
1958.7452,0,0,0,0
1958.7479,0,0,0,0
1958.7507,0,0,0,0
1958.7534,0,0,0,0
1958.7562,0,0,0,0
1958.7589,0,0,0,0
1958.7616,0,0,0,0
1958.7644,0,0,0,0
1958.7671,0,0,0,0
1958.7699,0,0,0,0
1958.7726,0,0,0,0
1958.7753,0,0,0,0
1958.7781,0,0,0,0
1958.7808,0,0,0,0
1958.7836,0,0,0,0
1958.7863,0,0,0,0
1958.789,0,0,0,0
1958.7918,0,0,0,0
1958.7945,0,0,0,0
1958.7973,0,0,0,0
1958.8,0,0,0,0
1958.8027,0,0,0,0
1958.8055,0,0,0,0
1958.8082,0,0,0,0
1958.811,0,0,0,0
1958.8137,0,0,0,0
1958.8164,0,0,0,0
1958.8192,0,0,0,0
1958.8219,0,0,0,0
1958.8247,0,0,0,0
1958.8274,0,0,0,0
1958.8301,0,0,0,0
1958.8329,0,0,0,0
1958.8356,0,0,0,0
1958.8384,0,0,0,0
1958.8411,0,0,0,0
1958.8438,0,0,0,0
1958.8466,0,0,0,0
1958.8493,0,0,0,0
1958.8521,0,0,0,0
1958.8548,0,0,0,0
1958.8575,0,0,0,0
1958.8603,0,0,0,0
1958.863,0,0,0,0
1958.8658,0,0,0,0
1958.8685,0,0,0,0
1958.8712,0,0,0,0
1958.874,0,0,0,0
1958.8767,0,0,0,0
1958.8795,0,0,0,0
1958.8822,0,0,0,0
1958.8849,0,0,0,0
1958.8877,0,0,0,0
1958.8904,0,0,0,0
1958.8932,0,0,0,0
1958.8959,0,0,0,0
1958.8986,0,0,0,0
1958.9014,0,0,0,0
1958.9041,0,0,0,0
1958.9068,0,0,0,0
1958.9096,0,0,0,0
1958.9123,0,0,0,0
1958.9151,0,0,0,0
1958.9178,0,0,0,0
1958.9205,0,0,0,0
1958.9233,0,0,0,0
1958.926,0,0,0,0
1958.9288,0,0,0,0
1958.9315,0,0,0,0
1958.9342,0,0,0,0
1958.937,0,0,0,0
1958.9397,0,0,0,0
1958.9425,0,0,0,0
1958.9452,0,0,0,0
1958.9479,0,0,0,0
1958.9507,0,0,0,0
1958.9534,0,0,0,0
1958.9562,0,0,0,0
1958.9589,0,0,0,0
1958.9616,0,0,0,0
1958.9644,0,0,0,0
1958.9671,0,0,0,0
1958.9699,0,0,0,0
1958.9726,0,0,0,0
1958.9753,0,0,0,0
1958.9781,0,0,0,0
1958.9808,0,0,0,0
1958.9836,0,0,0,0
1958.9863,0,0,0,0
1958.989,0,0,0,0
1958.9918,0,0,0,0
1958.9945,0,0,0,0
1958.9973,0,0,0,0
1959,0,0,0,0
1959.0027,0,0,0,0
1959.0055,0,0,0,0
1959.0082,0,0,0,0
1959.011,0,0,0,0
1959.0137,0,0,0,0
1959.0164,0,0,0,0
1959.0192,0,0,0,0
1959.0219,0,0,0,0
1959.0247,0,0,0,0
1959.0274,0,0,0,0
1959.0301,0,0,0,0
1959.0329,0,0,0,0
1959.0356,0,0,0,0
1959.0384,0,0,0,0
1959.0411,0,0,0,0
1959.0438,0,0,0,0
1959.0466,0,0,0,0
1959.0493,0,0,0,0
1959.0521,0,0,0,0
1959.0548,0,0,0,0
1959.0575,0,0,0,0
1959.0603,0,0,0,0
1959.063,0,0,0,0
1959.0658,0,0,0,0
1959.0685,0,0,0,0
1959.0712,0,0,0,0
1959.074,0,0,0,0
1959.0767,0,0,0,0
1959.0795,0,0,0,0
1959.0822,0,0,0,0
1959.0849,0,0,0,0
1959.0877,0,0,0,0
1959.0904,0,0,0,0
1959.0932,0,0,0,0
1959.0959,0,0,0,0
1959.0986,0,0,0,0
1959.1014,0,0,0,0
1959.1041,0,0,0,0
1959.1068,0,0,0,0
1959.1096,0,0,0,0
1959.1123,0,0,0,0
1959.1151,0,0,0,0
1959.1178,0,0,0,0
1959.1205,0,0,0,0
1959.1233,0,0,0,0
1959.126,0,0,0,0
1959.1288,0,0,0,0
1959.1315,0,0,0,0
1959.1342,0,0,0,0
1959.137,0,0,0,0
1959.1397,0,0,0,0
1959.1425,0,0,0,0
1959.1452,0,0,0,0
1959.1479,0,0,0,0
1959.1507,0,0,0,0
1959.1534,0,0,0,0
1959.1562,0,0,0,0
1959.1589,0,0,0,0
1959.1616,0,0,0,0
1959.1644,0,0,0,0
1959.1671,0,0,0,0
1959.1699,0,0,0,0
1959.1726,0,0,0,0
1959.1753,0,0,0,0
1959.1781,0,0,0,0
1959.1808,0,0,0,0
1959.1836,0,0,0,0
1959.1863,0,0,0,0
1959.189,0,0,0,0
1959.1918,0,0,0,0
1959.1945,0,0,0,0
1959.1973,0,0,0,0
1959.2,0,0,0,0
1959.2027,0,0,0,0
1959.2055,0,0,0,0
1959.2082,0,0,0,0
1959.211,0,0,0,0
1959.2137,0,0,0,0
1959.2164,0,0,0,0
1959.2192,0,0,0,0
1959.2219,0,0,0,0
1959.2247,0,0,0,0
1959.2274,0,0,0,0
1959.2301,0,0,0,0
1959.2329,0,0,0,0
1959.2356,0,0,0,0
1959.2384,0,0,0,0
1959.2411,0,0,0,0
1959.2438,0,0,0,0
1959.2466,0,0,0,0
1959.2493,0,0,0,0
1959.2521,0,0,0,0
1959.2548,0,0,0,0
1959.2575,0,0,0,0
1959.2603,0,0,0,0
1959.263,0,0,0,0
1959.2658,0,0,0,0
1959.2685,0,0,0,0
1959.2712,0,0,0,0
1959.274,0,0,0,0
1959.2767,0,0,0,0
1959.2795,0,0,0,0
1959.2822,0,0,0,0
1959.2849,0,0,0,0
1959.2877,0,0,0,0
1959.2904,0,0,0,0
1959.2932,0,0,0,0
1959.2959,0,0,0,0
1959.2986,0,0,0,0
1959.3014,0,0,0,0
1959.3041,0,0,0,0
1959.3068,0,0,0,0
1959.3096,0,0,0,0
1959.3123,0,0,0,0
1959.3151,0,0,0,0
1959.3178,0,0,0,0
1959.3205,0,0,0,0
1959.3233,0,0,0,0
1959.326,0,0,0,0
1959.3288,0,0,0,0
1959.3315,0,0,0,0
1959.3342,0,0,0,0
1959.337,0,0,0,0
1959.3397,0,0,0,0
1959.3425,0,0,0,0
1959.3452,0,0,0,0
1959.3479,0,0,0,0
1959.3507,0,0,0,0
1959.3534,0,0,0,0
1959.3562,0,0,0,0
1959.3589,0,0,0,0
1959.3616,0,0,0,0
1959.3644,0,0,0,0
1959.3671,0,0,0,0
1959.3699,0,0,0,0
1959.3726,0,0,0,0
1959.3753,0,0,0,0
1959.3781,0,0,0,0
1959.3808,0,0,0,0
1959.3836,0,0,0,0
1959.3863,0,0,0,0
1959.389,0,0,0,0
1959.3918,0,0,0,0
1959.3945,0,0,0,0
1959.3973,0,0,0,0
1959.4,0,0,0,0
1959.4027,0,0,0,0
1959.4055,0,0,0,0
1959.4082,0,0,0,0
1959.411,0,0,0,0
1959.4137,0,0,0,0
1959.4164,0,0,0,0
1959.4192,0,0,0,0
1959.4219,0,0,0,0
1959.4247,0,0,0,0
1959.4274,0,0,0,0
1959.4301,0,0,0,0
1959.4329,0,0,0,0
1959.4356,0,0,0,0
1959.4384,0,0,0,0
1959.4411,0,0,0,0
1959.4438,0,0,0,0
1959.4466,0,0,0,0
1959.4493,0,0,0,0
1959.4521,0,0,0,0
1959.4548,0,0,0,0
1959.4575,0,0,0,0
1959.4603,0,0,0,0
1959.463,0,0,0,0
1959.4658,0,0,0,0
1959.4685,0,0,0,0
1959.4712,0,0,0,0
1959.474,0,0,0,0
1959.4767,0,0,0,0
1959.4795,0,0,0,0
1959.4822,0,0,0,0
1959.4849,0,0,0,0
1959.4877,0,0,0,0
1959.4904,0,0,0,0
1959.4932,0,0,0,0
1959.4959,0,0,0,0
1959.4986,0,0,0,0
1959.5014,0,0,0,0
1959.5041,0,0,0,0
1959.5068,0,0,0,0
1959.5096,0,0,0,0
1959.5123,0,0,0,0
1959.5151,0,0,0,0
1959.5178,0,0,0,0
1959.5205,0,0,0,0
1959.5233,0,0,0,0
1959.526,0,0,0,0
1959.5288,0,0,0,0
1959.5315,0,0,0,0
1959.5342,0,0,0,0
1959.537,0,0,0,0
1959.5397,0,0,0,0
1959.5425,0,0,0,0
1959.5452,0,0,0,0
1959.5479,0,0,0,0
1959.5507,0,0,0,0
1959.5534,0,0,0,0
1959.5562,0,0,0,0
1959.5589,0,0,0,0
1959.5616,0,0,0,0
1959.5644,0,0,0,0
1959.5671,0,0,0,0
1959.5699,0,0,0,0
1959.5726,0,0,0,0
1959.5753,0,0,0,0
1959.5781,0,0,0,0
1959.5808,0,0,0,0
1959.5836,0,0,0,0
1959.5863,0,0,0,0
1959.589,0,0,0,0
1959.5918,0,0,0,0
1959.5945,0,0,0,0
1959.5973,0,0,0,0
1959.6,0,0,0,0
1959.6027,0,0,0,0
1959.6055,0,0,0,0
1959.6082,0,0,0,0
1959.611,0,0,0,0
1959.6137,0,0,0,0
1959.6164,0,0,0,0
1959.6192,0,0,0,0
1959.6219,0,0,0,0
1959.6247,0,0,0,0
1959.6274,0,0,0,0
1959.6301,0,0,0,0
1959.6329,0,0,0,0
1959.6356,0,0,0,0
1959.6384,0,0,0,0
1959.6411,0,0,0,0
1959.6438,0,0,0,0
1959.6466,0,0,0,0
1959.6493,0,0,0,0
1959.6521,0,0,0,0
1959.6548,0,0,0,0
1959.6575,0,0,0,0
1959.6603,0,0,0,0
1959.663,0,0,0,0
1959.6658,0,0,0,0
1959.6685,0,0,0,0
1959.6712,0,0,0,0
1959.674,0,0,0,0
1959.6767,0,0,0,0
1959.6795,0,0,0,0
1959.6822,0,0,0,0
1959.6849,0,0,0,0
1959.6877,0,0,0,0
1959.6904,0,0,0,0
1959.6932,0,0,0,0
1959.6959,0,0,0,0
1959.6986,0,0,0,0
1959.7014,0,0,0,0
1959.7041,0,0,0,0
1959.7068,0,0,0,0
1959.7096,0,0,0,0
1959.7123,0,0,0,0
1959.7151,0,0,0,0
1959.7178,0,0,0,0
1959.7205,0,0,0,0
1959.7233,0,0,0,0
1959.726,0,0,0,0
1959.7288,0,0,0,0
1959.7315,0,0,0,0
1959.7342,0,0,0,0
1959.737,0,0,0,0
1959.7397,0,0,0,0
1959.7425,0,0,0,0
1959.7452,0,0,0,0
1959.7479,0,0,0,0
1959.7507,0,0,0,0
1959.7534,0,0,0,0
1959.7562,0,0,0,0
1959.7589,0,0,0,0
1959.7616,0,0,0,0
1959.7644,0,0,0,0
1959.7671,0,0,0,0
1959.7699,0,0,0,0
1959.7726,0,0,0,0
1959.7753,0,0,0,0
1959.7781,0,0,0,0
1959.7808,0,0,0,0
1959.7836,0,0,0,0
1959.7863,0,0,0,0
1959.789,0,0,0,0
1959.7918,0,0,0,0
1959.7945,0,0,0,0
1959.7973,0,0,0,0
1959.8,0,0,0,0
1959.8027,0,0,0,0
1959.8055,0,0,0,0
1959.8082,0,0,0,0
1959.811,0,0,0,0
1959.8137,0,0,0,0
1959.8164,0,0,0,0
1959.8192,0,0,0,0
1959.8219,0,0,0,0
1959.8247,0,0,0,0
1959.8274,0,0,0,0
1959.8301,0,0,0,0
1959.8329,0,0,0,0
1959.8356,0,0,0,0
1959.8384,0,0,0,0
1959.8411,0,0,0,0
1959.8438,0,0,0,0
1959.8466,0,0,0,0
1959.8493,0,0,0,0
1959.8521,0,0,0,0
1959.8548,0,0,0,0
1959.8575,0,0,0,0
1959.8603,0,0,0,0
1959.863,0,0,0,0
1959.8658,0,0,0,0
1959.8685,0,0,0,0
1959.8712,0,0,0,0
1959.874,0,0,0,0
1959.8767,0,0,0,0
1959.8795,0,0,0,0
1959.8822,0,0,0,0
1959.8849,0,0,0,0
1959.8877,0,0,0,0
1959.8904,0,0,0,0
1959.8932,0,0,0,0
1959.8959,0,0,0,0
1959.8986,0,0,0,0
1959.9014,0,0,0,0
1959.9041,0,0,0,0
1959.9068,0,0,0,0
1959.9096,0,0,0,0
1959.9123,0,0,0,0
1959.9151,0,0,0,0
1959.9178,0,0,0,0
1959.9205,0,0,0,0
1959.9233,0,0,0,0
1959.926,0,0,0,0
1959.9288,0,0,0,0
1959.9315,0,0,0,0
1959.9342,0,0,0,0
1959.937,0,0,0,0
1959.9397,0,0,0,0
1959.9425,0,0,0,0
1959.9452,0,0,0,0
1959.9479,0,0,0,0
1959.9507,0,0,0,0
1959.9534,0,0,0,0
1959.9562,0,0,0,0
1959.9589,0,0,0,0
1959.9616,0,0,0,0
1959.9644,0,0,0,0
1959.9671,0,0,0,0
1959.9699,0,0,0,0
1959.9726,0,0,0,0
1959.9753,0,0,0,0
1959.9781,0,0,0,0
1959.9808,0,0,0,0
1959.9836,0,0,0,0
1959.9863,0,0,0,0
1959.989,0,0,0,0
1959.9918,0,0,0,0
1959.9945,0,0,0,0
1959.9973,0,0,0,0
1960,0,0,0,0
1960.0027,0,0,0,0
1960.0055,0,0,0,0
1960.0082,0,0,0,0
1960.011,0,0,0,0
1960.0137,0,0,0,0
1960.0164,0,0,0,0
1960.0192,0,0,0,0
1960.0219,0,0,0,0
1960.0247,0,0,0,0
1960.0274,0,0,0,0
1960.0301,0,0,0,0
1960.0329,0,0,0,0
1960.0356,0,0,0,0
1960.0384,0,0,0,0
1960.0411,0,0,0,0
1960.0438,0,0,0,0
1960.0466,0,0,0,0
1960.0493,0,0,0,0
1960.0521,0,0,0,0
1960.0548,0,0,0,0
1960.0575,0,0,0,0
1960.0603,0,0,0,0
1960.063,0,0,0,0
1960.0658,0,0,0,0
1960.0685,0,0,0,0
1960.0712,0,0,0,0
1960.074,0,0,0,0
1960.0767,0,0,0,0
1960.0795,0,0,0,0
1960.0822,0,0,0,0
1960.0849,0,0,0,0
1960.0877,0,0,0,0
1960.0904,0,0,0,0
1960.0932,0,0,0,0
1960.0959,0,0,0,0
1960.0986,0,0,0,0
1960.1014,0,0,0,0
1960.1041,0,0,0,0
1960.1068,0,0,0,0
1960.1096,0,0,0,0
1960.1123,0,0,0,0
1960.1151,0,0,0,0
1960.1178,0,0,0,0
1960.1205,0,0,0,0
1960.1233,0,0,0,0
1960.126,0,0,0,0
1960.1288,0,0,0,0
1960.1315,0,0,0,0
1960.1342,0,0,0,0
1960.137,0,0,0,0
1960.1397,0,0,0,0
1960.1425,0,0,0,0
1960.1452,0,0,0,0
1960.1479,0,0,0,0
1960.1507,0,0,0,0
1960.1534,0,0,0,0
1960.1562,0,0,0,0
1960.1589,0,0,0,0
1960.1616,0,0,0,0
1960.1644,0,0,0,0
1960.1671,0,0,0,0
1960.1699,0,0,0,0
1960.1726,0,0,0,0
1960.1753,0,0,0,0
1960.1781,0,0,0,0
1960.1808,0,0,0,0
1960.1836,0,0,0,0
1960.1863,0,0,0,0
1960.189,0,0,0,0
1960.1918,0,0,0,0
1960.1945,0,0,0,0
1960.1973,0,0,0,0
1960.2,0,0,0,0
1960.2027,0,0,0,0
1960.2055,0,0,0,0
1960.2082,0,0,0,0
1960.211,0,0,0,0
1960.2137,0,0,0,0
1960.2164,0,0,0,0
1960.2192,0,0,0,0
1960.2219,0,0,0,0
1960.2247,0,0,0,0
1960.2274,0,0,0,0
1960.2301,0,0,0,0
1960.2329,0,0,0,0
1960.2356,0,0,0,0
1960.2384,0,0,0,0
1960.2411,0,0,0,0
1960.2438,0,0,0,0
1960.2466,0,0,0,0
1960.2493,0,0,0,0
1960.2521,0,0,0,0
1960.2548,0,0,0,0
1960.2575,0,0,0,0
1960.2603,0,0,0,0
1960.263,0,0,0,0
1960.2658,0,0,0,0
1960.2685,0,0,0,0
1960.2712,0,0,0,0
1960.274,0,0,0,0
1960.2767,0,0,0,0
1960.2795,0,0,0,0
1960.2822,0,0,0,0
1960.2849,0,0,0,0
1960.2877,0,0,0,0
1960.2904,0,0,0,0
1960.2932,0,0,0,0
1960.2959,0,0,0,0
1960.2986,0,0,0,0
1960.3014,0,0,0,0
1960.3041,0,0,0,0
1960.3068,0,0,0,0
1960.3096,0,0,0,0
1960.3123,0,0,0,0
1960.3151,0,0,0,0
1960.3178,0,0,0,0
1960.3205,0,0,0,0
1960.3233,0,0,0,0
1960.326,0,0,0,0
1960.3288,0,0,0,0
1960.3315,0,0,0,0
1960.3342,0,0,0,0
1960.337,0,0,0,0
1960.3397,0,0,0,0
1960.3425,0,0,0,0
1960.3452,0,0,0,0
1960.3479,0,0,0,0
1960.3507,0,0,0,0
1960.3534,0,0,0,0
1960.3562,0,0,0,0
1960.3589,0,0,0,0
1960.3616,0,0,0,0
1960.3644,0,0,0,0
1960.3671,0,0,0,0
1960.3699,0,0,0,0
1960.3726,0,0,0,0
1960.3753,0,0,0,0
1960.3781,0,0,0,0
1960.3808,0,0,0,0
1960.3836,0,0,0,0
1960.3863,0,0,0,0
1960.389,0,0,0,0
1960.3918,0,0,0,0
1960.3945,0,0,0,0
1960.3973,0,0,0,0
1960.4,0,0,0,0
1960.4027,0,0,0,0
1960.4055,0,0,0,0
1960.4082,0,0,0,0
1960.411,0,0,0,0
1960.4137,0,0,0,0
1960.4164,0,0,0,0
1960.4192,0,0,0,0
1960.4219,0,0,0,0
1960.4247,0,0,0,0
1960.4274,0,0,0,0
1960.4301,0,0,0,0
1960.4329,0,0,0,0
1960.4356,0,0,0,0
1960.4384,0,0,0,0
1960.4411,0,0,0,0
1960.4438,0,0,0,0
1960.4466,0,0,0,0
1960.4493,0,0,0,0
1960.4521,0,0,0,0
1960.4548,0,0,0,0
1960.4575,0,0,0,0
1960.4603,0,0,0,0
1960.463,0,0,0,0
1960.4658,0,0,0,0
1960.4685,0,0,0,0
1960.4712,0,0,0,0
1960.474,0,0,0,0
1960.4767,0,0,0,0
1960.4795,0,0,0,0
1960.4822,0,0,0,0
1960.4849,0,0,0,0
1960.4877,0,0,0,0
1960.4904,0,0,0,0
1960.4932,0,0,0,0
1960.4959,0,0,0,0
1960.4986,0,0,0,0
1960.5014,0,0,0,0
1960.5041,0,0,0,0
1960.5068,0,0,0,0
1960.5096,0,0,0,0
1960.5123,0,0,0,0
1960.5151,0,0,0,0
1960.5178,0,0,0,0
1960.5205,0,0,0,0
1960.5233,0,0,0,0
1960.526,0,0,0,0
1960.5288,0,0,0,0
1960.5315,0,0,0,0
1960.5342,0,0,0,0
1960.537,0,0,0,0
1960.5397,0,0,0,0
1960.5425,0,0,0,0
1960.5452,0,0,0,0
1960.5479,0,0,0,0
1960.5507,0,0,0,0
1960.5534,0,0,0,0
1960.5562,0,0,0,0
1960.5589,0,0,0,0
1960.5616,0,0,0,0
1960.5644,0,0,0,0
1960.5671,0,0,0,0
1960.5699,0,0,0,0
1960.5726,0,0,0,0
1960.5753,0,0,0,0
1960.5781,0,0,0,0
1960.5808,0,0,0,0
1960.5836,0,0,0,0
1960.5863,0,0,0,0
1960.589,0,0,0,0
1960.5918,0,0,0,0
1960.5945,0,0,0,0
1960.5973,0,0,0,0
1960.6,0,0,0,0
1960.6027,0,0,0,0
1960.6055,0,0,0,0
1960.6082,0,0,0,0
1960.611,0,0,0,0
1960.6137,0,0,0,0
1960.6164,0,0,0,0
1960.6192,0,0,0,0
1960.6219,0,0,0,0
1960.6247,0,0,0,0
1960.6274,0,0,0,0
1960.6301,0,0,0,0
1960.6329,0,0,0,0
1960.6356,0,0,0,0
1960.6384,0,0,0,0
1960.6411,0,0,0,0
1960.6438,0,0,0,0
1960.6466,0,0,0,0
1960.6493,0,0,0,0
1960.6521,0,0,0,0
1960.6548,0,0,0,0
1960.6575,0,0,0,0
1960.6603,0,0,0,0
1960.663,0,0,0,0
1960.6658,0,0,0,0
1960.6685,0,0,0,0
1960.6712,0,0,0,0
1960.674,0,0,0,0
1960.6767,0,0,0,0
1960.6795,0,0,0,0
1960.6822,0,0,0,0
1960.6849,0,0,0,0
1960.6877,0,0,0,0
1960.6904,0,0,0,0
1960.6932,0,0,0,0
1960.6959,0,0,0,0
1960.6986,0,0,0,0
1960.7014,0,0,0,0
1960.7041,0,0,0,0
1960.7068,0,0,0,0
1960.7096,0,0,0,0
1960.7123,0,0,0,0
1960.7151,0,0,0,0
1960.7178,0,0,0,0
1960.7205,0,0,0,0
1960.7233,0,0,0,0
1960.726,0,0,0,0
1960.7288,0,0,0,0
1960.7315,0,0,0,0
1960.7342,0,0,0,0
1960.737,0,0,0,0
1960.7397,0,0,0,0
1960.7425,0,0,0,0
1960.7452,0,0,0,0
1960.7479,0,0,0,0
1960.7507,0,0,0,0
1960.7534,0,0,0,0
1960.7562,0,0,0,0
1960.7589,0,0,0,0
1960.7616,0,0,0,0
1960.7644,0,0,0,0
1960.7671,0,0,0,0
1960.7699,0,0,0,0
1960.7726,0,0,0,0
1960.7753,0,0,0,0
1960.7781,0,0,0,0
1960.7808,0,0,0,0
1960.7836,0,0,0,0
1960.7863,0,0,0,0
1960.789,0,0,0,0
1960.7918,0,0,0,0
1960.7945,0,0,0,0
1960.7973,0,0,0,0
1960.8,0,0,0,0
1960.8027,0,0,0,0
1960.8055,0,0,0,0
1960.8082,0,0,0,0
1960.811,0,0,0,0
1960.8137,0,0,0,0
1960.8164,0,0,0,0
1960.8192,0,0,0,0
1960.8219,0,0,0,0
1960.8247,0,0,0,0
1960.8274,0,0,0,0
1960.8301,0,0,0,0
1960.8329,0,0,0,0
1960.8356,0,0,0,0
1960.8384,0,0,0,0
1960.8411,0,0,0,0
1960.8438,0,0,0,0
1960.8466,0,0,0,0
1960.8493,0,0,0,0
1960.8521,0,0,0,0
1960.8548,0,0,0,0
1960.8575,0,0,0,0
1960.8603,0,0,0,0
1960.863,0,0,0,0
1960.8658,0,0,0,0
1960.8685,0,0,0,0
1960.8712,0,0,0,0
1960.874,0,0,0,0
1960.8767,0,0,0,0
1960.8795,0,0,0,0
1960.8822,0,0,0,0
1960.8849,0,0,0,0
1960.8877,0,0,0,0
1960.8904,0,0,0,0
1960.8932,0,0,0,0
1960.8959,0,0,0,0
1960.8986,0,0,0,0
1960.9014,0,0,0,0
1960.9041,0,0,0,0
1960.9068,0,0,0,0
1960.9096,0,0,0,0
1960.9123,0,0,0,0
1960.9151,0,0,0,0
1960.9178,0,0,0,0
1960.9205,0,0,0,0
1960.9233,0,0,0,0
1960.926,0,0,0,0
1960.9288,0,0,0,0
1960.9315,0,0,0,0
1960.9342,0,0,0,0
1960.937,0,0,0,0
1960.9397,0,0,0,0
1960.9425,0,0,0,0
1960.9452,0,0,0,0
1960.9479,0,0,0,0
1960.9507,0,0,0,0
1960.9534,0,0,0,0
1960.9562,0,0,0,0
1960.9589,0,0,0,0
1960.9616,0,0,0,0
1960.9644,0,0,0,0
1960.9671,0,0,0,0
1960.9699,0,0,0,0
1960.9726,0,0,0,0
1960.9753,0,0,0,0
1960.9781,0,0,0,0
1960.9808,0,0,0,0
1960.9836,0,0,0,0
1960.9863,0,0,0,0
1960.989,0,0,0,0
1960.9918,0,0,0,0
1960.9945,0,0,0,0
1960.9973,0,0,0,0
1961,0,0,0,0
1961,0,0,0,0
1961.0027,0,0,0,0
1961.0055,0,0,0,0
1961.0082,0,0,0,0
1961.011,0,0,0,0
1961.0137,0,0,0,0
1961.0164,0,0,0,0
1961.0192,0,0,0,0
1961.0219,0,0,0,0
1961.0247,0,0,0,0
1961.0274,0,0,0,0
1961.0301,0,0,0,0
1961.0329,0,0,0,0
1961.0356,0,0,0,0
1961.0384,0,0,0,0
1961.0411,0,0,0,0
1961.0438,0,0,0,0
1961.0466,0,0,0,0
1961.0493,0,0,0,0
1961.0521,0,0,0,0
1961.0548,0,0,0,0
1961.0575,0,0,0,0
1961.0603,0,0,0,0
1961.063,0,0,0,0
1961.0658,0,0,0,0
1961.0685,0,0,0,0
1961.0712,0,0,0,0
1961.074,0,0,0,0
1961.0767,0,0,0,0
1961.0795,0,0,0,0
1961.0822,0,0,0,0
1961.0849,0,0,0,0
1961.0877,0,0,0,0
1961.0904,0,0,0,0
1961.0932,0,0,0,0
1961.0959,0,0,0,0
1961.0986,0,0,0,0
1961.1014,0,0,0,0
1961.1041,0,0,0,0
1961.1068,0,0,0,0
1961.1096,0,0,0,0
1961.1123,0,0,0,0
1961.1151,0,0,0,0
1961.1178,0,0,0,0
1961.1205,0,0,0,0
1961.1233,0,0,0,0
1961.126,0,0,0,0
1961.1288,0,0,0,0
1961.1315,0,0,0,0
1961.1342,0,0,0,0
1961.137,0,0,0,0
1961.1397,0,0,0,0
1961.1425,0,0,0,0
1961.1452,0,0,0,0
1961.1479,0,0,0,0
1961.1507,0,0,0,0
1961.1534,0,0,0,0
1961.1562,0,0,0,0
1961.1589,0,0,0,0
1961.1616,0,0,0,0
1961.1644,0,0,0,0
1961.1671,0,0,0,0
1961.1699,0,0,0,0
1961.1726,0,0,0,0
1961.1753,0,0,0,0
1961.1781,0,0,0,0
1961.1808,0,0,0,0
1961.1836,0,0,0,0
1961.1863,0,0,0,0
1961.189,0,0,0,0
1961.1918,0,0,0,0
1961.1945,0,0,0,0
1961.1973,0,0,0,0
1961.2,0,0,0,0
1961.2027,0,0,0,0
1961.2055,0,0,0,0
1961.2082,0,0,0,0
1961.211,0,0,0,0
1961.2137,0,0,0,0
1961.2164,0,0,0,0
1961.2192,0,0,0,0
1961.2219,0,0,0,0
1961.2247,0,0,0,0
1961.2274,0,0,0,0
1961.2301,0,0,0,0
1961.2329,0,0,0,0
1961.2356,0,0,0,0
1961.2384,0,0,0,0
1961.2411,0,0,0,0
1961.2438,0,0,0,0
1961.2466,0,0,0,0
1961.2493,0,0,0,0
1961.2521,0,0,0,0
1961.2548,0,0,0,0
1961.2575,0,0,0,0
1961.2603,0,0,0,0
1961.263,0,0,0,0
1961.2658,0,0,0,0
1961.2685,0,0,0,0
1961.2712,0,0,0,0
1961.274,0,0,0,0
1961.2767,0,0,0,0
1961.2795,0,0,0,0
1961.2822,0,0,0,0
1961.2849,0,0,0,0
1961.2877,0,0,0,0
1961.2904,0,0,0,0
1961.2932,0,0,0,0
1961.2959,0,0,0,0
1961.2986,0,0,0,0
1961.3014,0,0,0,0
1961.3041,0,0,0,0
1961.3068,0,0,0,0
1961.3096,0,0,0,0
1961.3123,0,0,0,0
1961.3151,0,0,0,0
1961.3178,0,0,0,0
1961.3205,0,0,0,0
1961.3233,0,0,0,0
1961.326,0,0,0,0
1961.3288,0,0,0,0
1961.3315,0,0,0,0
1961.3342,0,0,0,0
1961.337,0,0,0,0
1961.3397,0,0,0,0
1961.3425,0,0,0,0
1961.3452,0,0,0,0
1961.3479,0,0,0,0
1961.3507,0,0,0,0
1961.3534,0,0,0,0
1961.3562,0,0,0,0
1961.3589,0,0,0,0
1961.3616,0,0,0,0
1961.3644,0,0,0,0
1961.3671,0,0,0,0
1961.3699,0,0,0,0
1961.3726,0,0,0,0
1961.3753,0,0,0,0
1961.3781,0,0,0,0
1961.3808,0,0,0,0
1961.3836,0,0,0,0
1961.3863,0,0,0,0
1961.389,0,0,0,0
1961.3918,0,0,0,0
1961.3945,0,0,0,0
1961.3973,0,0,0,0
1961.4,0,0,0,0
1961.4027,0,0,0,0
1961.4055,0,0,0,0
1961.4082,0,0,0,0
1961.411,0,0,0,0
1961.4137,0,0,0,0
1961.4164,0,0,0,0
1961.4192,0,0,0,0
1961.4219,0,0,0,0
1961.4247,0,0,0,0
1961.4274,0,0,0,0
1961.4301,0,0,0,0
1961.4329,0,0,0,0
1961.4356,0,0,0,0
1961.4384,0,0,0,0
1961.4411,0,0,0,0
1961.4438,0,0,0,0
1961.4466,0,0,0,0
1961.4493,0,0,0,0
1961.4521,0,0,0,0
1961.4548,0,0,0,0
1961.4575,0,0,0,0
1961.4603,0,0,0,0
1961.463,0,0,0,0
1961.4658,0,0,0,0
1961.4685,0,0,0,0
1961.4712,0,0,0,0
1961.474,0,0,0,0
1961.4767,0,0,0,0
1961.4795,0,0,0,0
1961.4822,0,0,0,0
1961.4849,0,0,0,0
1961.4877,0,0,0,0
1961.4904,0,0,0,0
1961.4932,0,0,0,0
1961.4959,0,0,0,0
1961.4986,0,0,0,0
1961.5014,0,0,0,0
1961.5041,0,0,0,0
1961.5068,0,0,0,0
1961.5096,0,0,0,0
1961.5123,0,0,0,0
1961.5151,0,0,0,0
1961.5178,0,0,0,0
1961.5205,0,0,0,0
1961.5233,0,0,0,0
1961.526,0,0,0,0
1961.5288,0,0,0,0
1961.5315,0,0,0,0
1961.5342,0,0,0,0
1961.537,0,0,0,0
1961.5397,0,0,0,0
1961.5425,0,0,0,0
1961.5452,0,0,0,0
1961.5479,0,0,0,0
1961.5507,0,0,0,0
1961.5534,0,0,0,0
1961.5562,0,0,0,0
1961.5589,0,0,0,0
1961.5616,0,0,0,0
1961.5644,0,0,0,0
1961.5671,0,0,0,0
1961.5699,0,0,0,0
1961.5726,0,0,0,0
1961.5753,0,0,0,0
1961.5781,0,0,0,0
1961.5808,0,0,0,0
1961.5836,0,0,0,0
1961.5863,0,0,0,0
1961.589,0,0,0,0
1961.5918,0,0,0,0
1961.5945,0,0,0,0
1961.5973,0,0,0,0
1961.6,0,0,0,0
1961.6027,0,0,0,0
1961.6055,0,0,0,0
1961.6082,0,0,0,0
1961.611,0,0,0,0
1961.6137,0,0,0,0
1961.6164,0,0,0,0
1961.6192,0,0,0,0
1961.6219,0,0,0,0
1961.6247,0,0,0,0
1961.6274,0,0,0,0
1961.6301,0,0,0,0
1961.6329,0,0,0,0
1961.6356,0,0,0,0
1961.6384,0,0,0,0
1961.6411,0,0,0,0
1961.6438,0,0,0,0
1961.6466,0,0,0,0
1961.6493,0,0,0,0
1961.6521,0,0,0,0
1961.6548,0,0,0,0
1961.6575,0,0,0,0
1961.6603,0,0,0,0
1961.663,0,0,0,0
1961.6658,0,0,0,0
1961.6685,0,0,0,0
1961.6712,0,0,0,0
1961.674,0,0,0,0
1961.6767,0,0,0,0
1961.6795,0,0,0,0
1961.6822,0,0,0,0
1961.6849,0,0,0,0
1961.6877,0,0,0,0
1961.6904,0,0,0,0
1961.6932,0,0,0,0
1961.6959,0,0,0,0
1961.6986,0,0,0,0
1961.7014,0,0,0,0
1961.7041,0,0,0,0
1961.7068,0,0,0,0
1961.7096,0,0,0,0
1961.7123,0,0,0,0
1961.7151,0,0,0,0
1961.7178,0,0,0,0
1961.7205,0,0,0,0
1961.7233,0,0,0,0
1961.726,0,0,0,0
1961.7288,0,0,0,0
1961.7315,0,0,0,0
1961.7342,0,0,0,0
1961.737,0,0,0,0
1961.7397,0,0,0,0
1961.7425,0,0,0,0
1961.7452,0,0,0,0
1961.7479,0,0,0,0
1961.7507,0,0,0,0
1961.7534,0,0,0,0
1961.7562,0,0,0,0
1961.7589,0,0,0,0
1961.7616,0,0,0,0
1961.7644,0,0,0,0
1961.7671,0,0,0,0
1961.7699,0,0,0,0
1961.7726,0,0,0,0
1961.7753,0,0,0,0
1961.7781,0,0,0,0
1961.7808,0,0,0,0
1961.7836,0,0,0,0
1961.7863,0,0,0,0
1961.789,0,0,0,0
1961.7918,0,0,0,0
1961.7945,0,0,0,0
1961.7973,0,0,0,0
1961.8,0,0,0,0
1961.8027,0,0,0,0
1961.8055,0,0,0,0
1961.8082,0,0,0,0
1961.811,0,0,0,0
1961.8137,0,0,0,0
1961.8164,0,0,0,0
1961.8192,0,0,0,0
1961.8219,0,0,0,0
1961.8247,0,0,0,0
1961.8274,0,0,0,0
1961.8301,0,0,0,0
1961.8329,0,0,0,0
1961.8356,0,0,0,0
1961.8384,0,0,0,0
1961.8411,0,0,0,0
1961.8438,0,0,0,0
1961.8466,0,0,0,0
1961.8493,0,0,0,0
1961.8521,0,0,0,0
1961.8548,0,0,0,0
1961.8575,0,0,0,0
1961.8603,0,0,0,0
1961.863,0,0,0,0
1961.8658,0,0,0,0
1961.8685,0,0,0,0
1961.8712,0,0,0,0
1961.874,0,0,0,0
1961.8767,0,0,0,0
1961.8795,0,0,0,0
1961.8822,0,0,0,0
1961.8849,0,0,0,0
1961.8877,0,0,0,0
1961.8904,0,0,0,0
1961.8932,0,0,0,0
1961.8959,0,0,0,0
1961.8986,0,0,0,0
1961.9014,0,0,0,0
1961.9041,0,0,0,0
1961.9068,0,0,0,0
1961.9096,0,0,0,0
1961.9123,0,0,0,0
1961.9151,0,0,0,0
1961.9178,0,0,0,0
1961.9205,0,0,0,0
1961.9233,0,0,0,0
1961.926,0,0,0,0
1961.9288,0,0,0,0
1961.9315,0,0,0,0
1961.9342,0,0,0,0
1961.937,0,0,0,0
1961.9397,0,0,0,0
1961.9425,0,0,0,0
1961.9452,0,0,0,0
1961.9479,0,0,0,0
1961.9507,0,0,0,0
1961.9534,0,0,0,0
1961.9562,0,0,0,0
1961.9589,0,0,0,0
1961.9616,0,0,0,0
1961.9644,0,0,0,0
1961.9671,0,0,0,0
1961.9699,0,0,0,0
1961.9726,0,0,0,0
1961.9753,0,0,0,0
1961.9781,0,0,0,0
1961.9808,0,0,0,0
1961.9836,0,0,0,0
1961.9863,0,0,0,0
1961.989,0,0,0,0
1961.9918,0,0,0,0
1961.9945,0,0,0,0
1961.9973,0,0,0,0
1962,0,0,0,0
1962.0027,0,0,0,0
1962.0055,0,0,0,0
1962.0082,0,0,0,0
1962.011,0,0,0,0
1962.0137,0,0,0,0
1962.0164,0,0,0,0
1962.0192,0,0,0,0
1962.0219,0,0,0,0
1962.0247,0,0,0,0
1962.0274,0,0,0,0
1962.0301,0,0,0,0
1962.0329,0,0,0,0
1962.0356,0,0,0,0
1962.0384,0,0,0,0
1962.0411,0,0,0,0
1962.0438,0,0,0,0
1962.0466,0,0,0,0
1962.0493,0,0,0,0
1962.0521,0,0,0,0
1962.0548,0,0,0,0
1962.0575,0,0,0,0
1962.0603,0,0,0,0
1962.063,0,0,0,0
1962.0658,0,0,0,0
1962.0685,0,0,0,0
1962.0712,0,0,0,0
1962.074,0,0,0,0
1962.0767,0,0,0,0
1962.0795,0,0,0,0
1962.0822,0,0,0,0
1962.0849,0,0,0,0
1962.0877,0,0,0,0
1962.0904,0,0,0,0
1962.0932,0,0,0,0
1962.0959,0,0,0,0
1962.0986,0,0,0,0
1962.1014,0,0,0,0
1962.1041,0,0,0,0
1962.1068,0,0,0,0
1962.1096,0,0,0,0
1962.1123,0,0,0,0
1962.1151,0,0,0,0
1962.1178,0,0,0,0
1962.1205,0,0,0,0
1962.1233,0,0,0,0
1962.126,0,0,0,0
1962.1288,0,0,0,0
1962.1315,0,0,0,0
1962.1342,0,0,0,0
1962.137,0,0,0,0
1962.1397,0,0,0,0
1962.1425,0,0,0,0
1962.1452,0,0,0,0
1962.1479,0,0,0,0
1962.1507,0,0,0,0
1962.1534,0,0,0,0
1962.1562,0,0,0,0
1962.1589,0,0,0,0
1962.1616,0,0,0,0
1962.1644,0,0,0,0
1962.1671,0,0,0,0
1962.1699,0,0,0,0
1962.1726,0,0,0,0
1962.1753,0,0,0,0
1962.1781,0,0,0,0
1962.1808,0,0,0,0
1962.1836,0,0,0,0
1962.1863,0,0,0,0
1962.189,0,0,0,0
1962.1918,0,0,0,0
1962.1945,0,0,0,0
1962.1973,0,0,0,0
1962.2,0,0,0,0
1962.2027,0,0,0,0
1962.2055,0,0,0,0
1962.2082,0,0,0,0
1962.211,0,0,0,0
1962.2137,0,0,0,0
1962.2164,0,0,0,0
1962.2192,0,0,0,0
1962.2219,0,0,0,0
1962.2247,0,0,0,0
1962.2274,0,0,0,0
1962.2301,0,0,0,0
1962.2329,0,0,0,0
1962.2356,0,0,0,0
1962.2384,0,0,0,0
1962.2411,0,0,0,0
1962.2438,0,0,0,0
1962.2466,0,0,0,0
1962.2493,0,0,0,0
1962.2521,0,0,0,0
1962.2548,0,0,0,0
1962.2575,0,0,0,0
1962.2603,0,0,0,0
1962.263,0,0,0,0
1962.2658,0,0,0,0
1962.2685,0,0,0,0
1962.2712,0,0,0,0
1962.274,0,0,0,0
1962.2767,0,0,0,0
1962.2795,0,0,0,0
1962.2822,0,0,0,0
1962.2849,0,0,0,0
1962.2877,0,0,0,0
1962.2904,0,0,0,0
1962.2932,0,0,0,0
1962.2959,0,0,0,0
1962.2986,0,0,0,0
1962.3014,0,0,0,0
1962.3041,0,0,0,0
1962.3068,0,0,0,0
1962.3096,0,0,0,0
1962.3123,0,0,0,0
1962.3151,0,0,0,0
1962.3178,0,0,0,0
1962.3205,0,0,0,0
1962.3233,0,0,0,0
1962.326,0,0,0,0
1962.3288,0,0,0,0
1962.3315,0,0,0,0
1962.3342,0,0,0,0
1962.337,0,0,0,0
1962.3397,0,0,0,0
1962.3425,0,0,0,0
1962.3452,0,0,0,0
1962.3479,0,0,0,0
1962.3507,0,0,0,0
1962.3534,0,0,0,0
1962.3562,0,0,0,0
1962.3589,0,0,0,0
1962.3616,0,0,0,0
1962.3644,0,0,0,0
1962.3671,0,0,0,0
1962.3699,0,0,0,0
1962.3726,0,0,0,0
1962.3753,0,0,0,0
1962.3781,0,0,0,0
1962.3808,0,0,0,0
1962.3836,0,0,0,0
1962.3863,0,0,0,0
1962.389,0,0,0,0
1962.3918,0,0,0,0
1962.3945,0,0,0,0
1962.3973,0,0,0,0
1962.4,0,0,0,0
1962.4027,0,0,0,0
1962.4055,0,0,0,0
1962.4082,0,0,0,0
1962.411,0,0,0,0
1962.4137,0,0,0,0
1962.4164,0,0,0,0
1962.4192,0,0,0,0
1962.4219,0,0,0,0
1962.4247,0,0,0,0
1962.4274,0,0,0,0
1962.4301,0,0,0,0
1962.4329,0,0,0,0
1962.4356,0,0,0,0
1962.4384,0,0,0,0
1962.4411,0,0,0,0
1962.4438,0,0,0,0
1962.4466,0,0,0,0
1962.4493,0,0,0,0
1962.4521,0,0,0,0
1962.4548,0,0,0,0
1962.4575,0,0,0,0
1962.4603,0,0,0,0
1962.463,0,0,0,0
1962.4658,0,0,0,0
1962.4685,0,0,0,0
1962.4712,0,0,0,0
1962.474,0,0,0,0
1962.4767,0,0,0,0
1962.4795,0,0,0,0
1962.4822,0,0,0,0
1962.4849,0,0,0,0
1962.4877,0,0,0,0
1962.4904,0,0,0,0
1962.4932,0,0,0,0
1962.4959,0,0,0,0
1962.4986,0,0,0,0
1962.5014,0,0,0,0
1962.5041,0,0,0,0
1962.5068,0,0,0,0
1962.5096,0,0,0,0
1962.5123,0,0,0,0
1962.5151,0,0,0,0
1962.5178,0,0,0,0
1962.5205,0,0,0,0
1962.5233,0,0,0,0
1962.526,0,0,0,0
1962.5288,0,0,0,0
1962.5315,0,0,0,0
1962.5342,0,0,0,0
1962.537,0,0,0,0
1962.5397,0,0,0,0
1962.5425,0,0,0,0
1962.5452,0,0,0,0
1962.5479,0,0,0,0
1962.5507,0,0,0,0
1962.5534,0,0,0,0
1962.5562,0,0,0,0
1962.5589,0,0,0,0
1962.5616,0,0,0,0
1962.5644,0,0,0,0
1962.5671,0,0,0,0
1962.5699,0,0,0,0
1962.5726,0,0,0,0
1962.5753,0,0,0,0
1962.5781,0,0,0,0
1962.5808,0,0,0,0
1962.5836,0,0,0,0
1962.5863,0,0,0,0
1962.589,0,0,0,0
1962.5918,0,0,0,0
1962.5945,0,0,0,0
1962.5973,0,0,0,0
1962.6,0,0,0,0
1962.6027,0,0,0,0
1962.6055,0,0,0,0
1962.6082,0,0,0,0
1962.611,0,0,0,0
1962.6137,0,0,0,0
1962.6164,0,0,0,0
1962.6192,0,0,0,0
1962.6219,0,0,0,0
1962.6247,0,0,0,0
1962.6274,0,0,0,0
1962.6301,0,0,0,0
1962.6329,0,0,0,0
1962.6356,0,0,0,0
1962.6384,0,0,0,0
1962.6411,0,0,0,0
1962.6438,0,0,0,0
1962.6466,0,0,0,0
1962.6493,0,0,0,0
1962.6521,0,0,0,0
1962.6548,0,0,0,0
1962.6575,0,0,0,0
1962.6603,0,0,0,0
1962.663,0,0,0,0
1962.6658,0,0,0,0
1962.6685,0,0,0,0
1962.6712,0,0,0,0
1962.674,0,0,0,0
1962.6767,0,0,0,0
1962.6795,0,0,0,0
1962.6822,0,0,0,0
1962.6849,0,0,0,0
1962.6877,0,0,0,0
1962.6904,0,0,0,0
1962.6932,0,0,0,0
1962.6959,0,0,0,0
1962.6986,0,0,0,0
1962.7014,0,0,0,0
1962.7041,0,0,0,0
1962.7068,0,0,0,0
1962.7096,0,0,0,0
1962.7123,0,0,0,0
1962.7151,0,0,0,0
1962.7178,0,0,0,0
1962.7205,0,0,0,0
1962.7233,0,0,0,0
1962.726,0,0,0,0
1962.7288,0,0,0,0
1962.7315,0,0,0,0
1962.7342,0,0,0,0
1962.737,0,0,0,0
1962.7397,0,0,0,0
1962.7425,0,0,0,0
1962.7452,0,0,0,0
1962.7479,0,0,0,0
1962.7507,0,0,0,0
1962.7534,0,0,0,0
1962.7562,0,0,0,0
1962.7589,0,0,0,0
1962.7616,0,0,0,0
1962.7644,0,0,0,0
1962.7671,0,0,0,0
1962.7699,0,0,0,0
1962.7726,0,0,0,0
1962.7753,0,0,0,0
1962.7781,0,0,0,0
1962.7808,0,0,0,0
1962.7836,0,0,0,0
1962.7863,0,0,0,0
1962.789,0,0,0,0
1962.7918,0,0,0,0
1962.7945,0,0,0,0
1962.7973,0,0,0,0
1962.8,0,0,0,0
1962.8027,0,0,0,0
1962.8055,0,0,0,0
1962.8082,0,0,0,0
1962.811,0,0,0,0
1962.8137,0,0,0,0
1962.8164,0,0,0,0
1962.8192,0,0,0,0
1962.8219,0,0,0,0
1962.8247,0,0,0,0
1962.8274,0,0,0,0
1962.8301,0,0,0,0
1962.8329,0,0,0,0
1962.8356,0,0,0,0
1962.8384,0,0,0,0
1962.8411,0,0,0,0
1962.8438,0,0,0,0
1962.8466,0,0,0,0
1962.8493,0,0,0,0
1962.8521,0,0,0,0
1962.8548,0,0,0,0
1962.8575,0,0,0,0
1962.8603,0,0,0,0
1962.863,0,0,0,0
1962.8658,0,0,0,0
1962.8685,0,0,0,0
1962.8712,0,0,0,0
1962.874,0,0,0,0
1962.8767,0,0,0,0
1962.8795,0,0,0,0
1962.8822,0,0,0,0
1962.8849,0,0,0,0
1962.8877,0,0,0,0
1962.8904,0,0,0,0
1962.8932,0,0,0,0
1962.8959,0,0,0,0
1962.8986,0,0,0,0
1962.9014,0,0,0,0
1962.9041,0,0,0,0
1962.9068,0,0,0,0
1962.9096,0,0,0,0
1962.9123,0,0,0,0
1962.9151,0,0,0,0
1962.9178,0,0,0,0
1962.9205,0,0,0,0
1962.9233,0,0,0,0
1962.926,0,0,0,0
1962.9288,0,0,0,0
1962.9315,0,0,0,0
1962.9342,0,0,0,0
1962.937,0,0,0,0
1962.9397,0,0,0,0
1962.9425,0,0,0,0
1962.9452,0,0,0,0
1962.9479,0,0,0,0
1962.9507,0,0,0,0
1962.9534,0,0,0,0
1962.9562,0,0,0,0
1962.9589,0,0,0,0
1962.9616,0,0,0,0
1962.9644,0,0,0,0
1962.9671,0,0,0,0
1962.9699,0,0,0,0
1962.9726,0,0,0,0
1962.9753,0,0,0,0
1962.9781,0,0,0,0
1962.9808,0,0,0,0
1962.9836,0,0,0,0
1962.9863,0,0,0,0
1962.989,0,0,0,0
1962.9918,0,0,0,0
1962.9945,0,0,0,0
1962.9973,0,0,0,0
1963,0,0,0,0
1963.0027,0,0,0,0
1963.0055,0,0,0,0
1963.0082,0,0,0,0
1963.011,0,0,0,0
1963.0137,0,0,0,0
1963.0164,0,0,0,0
1963.0192,0,0,0,0
1963.0219,0,0,0,0
1963.0247,0,0,0,0
1963.0274,0,0,0,0
1963.0301,0,0,0,0
1963.0329,0,0,0,0
1963.0356,0,0,0,0
1963.0384,0,0,0,0
1963.0411,0,0,0,0
1963.0438,0,0,0,0
1963.0466,0,0,0,0
1963.0493,0,0,0,0
1963.0521,0,0,0,0
1963.0548,0,0,0,0
1963.0575,0,0,0,0
1963.0603,0,0,0,0
1963.063,0,0,0,0
1963.0658,0,0,0,0
1963.0685,0,0,0,0
1963.0712,0,0,0,0
1963.074,0,0,0,0
1963.0767,0,0,0,0
1963.0795,0,0,0,0
1963.0822,0,0,0,0
1963.0849,0,0,0,0
1963.0877,0,0,0,0
1963.0904,0,0,0,0
1963.0932,0,0,0,0
1963.0959,0,0,0,0
1963.0986,0,0,0,0
1963.1014,0,0,0,0
1963.1041,0,0,0,0
1963.1068,0,0,0,0
1963.1096,0,0,0,0
1963.1123,0,0,0,0
1963.1151,0,0,0,0
1963.1178,0,0,0,0
1963.1205,0,0,0,0
1963.1233,0,0,0,0
1963.126,0,0,0,0
1963.1288,0,0,0,0
1963.1315,0,0,0,0
1963.1342,0,0,0,0
1963.137,0,0,0,0
1963.1397,0,0,0,0
1963.1425,0,0,0,0
1963.1452,0,0,0,0
1963.1479,0,0,0,0
1963.1507,0,0,0,0
1963.1534,0,0,0,0
1963.1562,0,0,0,0
1963.1589,0,0,0,0
1963.1616,0,0,0,0
1963.1644,0,0,0,0
1963.1671,0,0,0,0
1963.1699,0,0,0,0
1963.1726,0,0,0,0
1963.1753,0,0,0,0
1963.1781,0,0,0,0
1963.1808,0,0,0,0
1963.1836,0,0,0,0
1963.1863,0,0,0,0
1963.189,0,0,0,0
1963.1918,0,0,0,0
1963.1945,0,0,0,0
1963.1973,0,0,0,0
1963.2,0,0,0,0
1963.2027,0,0,0,0
1963.2055,0,0,0,0
1963.2082,0,0,0,0
1963.211,0,0,0,0
1963.2137,0,0,0,0
1963.2164,0,0,0,0
1963.2192,0,0,0,0
1963.2219,0,0,0,0
1963.2247,0,0,0,0
1963.2274,0,0,0,0
1963.2301,0,0,0,0
1963.2329,0,0,0,0
1963.2356,0,0,0,0
1963.2384,0,0,0,0
1963.2411,0,0,0,0
1963.2438,0,0,0,0
1963.2466,0,0,0,0
1963.2493,0,0,0,0
1963.2521,0,0,0,0
1963.2548,0,0,0,0
1963.2575,0,0,0,0
1963.2603,0,0,0,0
1963.263,0,0,0,0
1963.2658,0,0,0,0
1963.2685,0,0,0,0
1963.2712,0,0,0,0
1963.274,0,0,0,0
1963.2767,0,0,0,0
1963.2795,0,0,0,0
1963.2822,0,0,0,0
1963.2849,0,0,0,0
1963.2877,0,0,0,0
1963.2904,0,0,0,0
1963.2932,0,0,0,0
1963.2959,0,0,0,0
1963.2986,0,0,0,0
1963.3014,0,0,0,0
1963.3041,0,0,0,0
1963.3068,0,0,0,0
1963.3096,0,0,0,0
1963.3123,0,0,0,0
1963.3151,0,0,0,0
1963.3178,0,0,0,0
1963.3205,0,0,0,0
1963.3233,0,0,0,0
1963.326,0,0,0,0
1963.3288,0,0,0,0
1963.3315,0,0,0,0
1963.3342,0,0,0,0
1963.337,0,0,0,0
1963.3397,0,0,0,0
1963.3425,0,0,0,0
1963.3452,0,0,0,0
1963.3479,0,0,0,0
1963.3507,0,0,0,0
1963.3534,0,0,0,0
1963.3562,0,0,0,0
1963.3589,0,0,0,0
1963.3616,0,0,0,0
1963.3644,0,0,0,0
1963.3671,0,0,0,0
1963.3699,0,0,0,0
1963.3726,0,0,0,0
1963.3753,0,0,0,0
1963.3781,0,0,0,0
1963.3808,0,0,0,0
1963.3836,0,0,0,0
1963.3863,0,0,0,0
1963.389,0,0,0,0
1963.3918,0,0,0,0
1963.3945,0,0,0,0
1963.3973,0,0,0,0
1963.4,0,0,0,0
1963.4027,0,0,0,0
1963.4055,0,0,0,0
1963.4082,0,0,0,0
1963.411,0,0,0,0
1963.4137,0,0,0,0
1963.4164,0,0,0,0
1963.4192,0,0,0,0
1963.4219,0,0,0,0
1963.4247,0,0,0,0
1963.4274,0,0,0,0
1963.4301,0,0,0,0
1963.4329,0,0,0,0
1963.4356,0,0,0,0
1963.4384,0,0,0,0
1963.4411,0,0,0,0
1963.4438,0,0,0,0
1963.4466,0,0,0,0
1963.4493,0,0,0,0
1963.4521,0,0,0,0
1963.4548,0,0,0,0
1963.4575,0,0,0,0
1963.4603,0,0,0,0
1963.463,0,0,0,0
1963.4658,0,0,0,0
1963.4685,0,0,0,0
1963.4712,0,0,0,0
1963.474,0,0,0,0
1963.4767,0,0,0,0
1963.4795,0,0,0,0
1963.4822,0,0,0,0
1963.4849,0,0,0,0
1963.4877,0,0,0,0
1963.4904,0,0,0,0
1963.4932,0,0,0,0
1963.4959,0,0,0,0
1963.4986,0,0,0,0
1963.5014,0,0,0,0
1963.5041,0,0,0,0
1963.5068,0,0,0,0
1963.5096,0,0,0,0
1963.5123,0,0,0,0
1963.5151,0,0,0,0
1963.5178,0,0,0,0
1963.5205,0,0,0,0
1963.5233,0,0,0,0
1963.526,0,0,0,0
1963.5288,0,0,0,0
1963.5315,0,0,0,0
1963.5342,0,0,0,0
1963.537,0,0,0,0
1963.5397,0,0,0,0
1963.5425,0,0,0,0
1963.5452,0,0,0,0
1963.5479,0,0,0,0
1963.5507,0,0,0,0
1963.5534,0,0,0,0
1963.5562,0,0,0,0
1963.5589,0,0,0,0
1963.5616,0,0,0,0
1963.5644,0,0,0,0
1963.5671,0,0,0,0
1963.5699,0,0,0,0
1963.5726,0,0,0,0
1963.5753,0,0,0,0
1963.5781,0,0,0,0
1963.5808,0,0,0,0
1963.5836,0,0,0,0
1963.5863,0,0,0,0
1963.589,0,0,0,0
1963.5918,0,0,0,0
1963.5945,0,0,0,0
1963.5973,0,0,0,0
1963.6,0,0,0,0
1963.6027,0,0,0,0
1963.6055,0,0,0,0
1963.6082,0,0,0,0
1963.611,0,0,0,0
1963.6137,0,0,0,0
1963.6164,0,0,0,0
1963.6192,0,0,0,0
1963.6219,0,0,0,0
1963.6247,0,0,0,0
1963.6274,0,0,0,0
1963.6301,0,0,0,0
1963.6329,0,0,0,0
1963.6356,0,0,0,0
1963.6384,0,0,0,0
1963.6411,0,0,0,0
1963.6438,0,0,0,0
1963.6466,0,0,0,0
1963.6493,0,0,0,0
1963.6521,0,0,0,0
1963.6548,0,0,0,0
1963.6575,0,0,0,0
1963.6603,0,0,0,0
1963.663,0,0,0,0
1963.6658,0,0,0,0
1963.6685,0,0,0,0
1963.6712,0,0,0,0
1963.674,0,0,0,0
1963.6767,0,0,0,0
1963.6795,0,0,0,0
1963.6822,0,0,0,0
1963.6849,0,0,0,0
1963.6877,0,0,0,0
1963.6904,0,0,0,0
1963.6932,0,0,0,0
1963.6959,0,0,0,0
1963.6986,0,0,0,0
1963.7014,0,0,0,0
1963.7041,0,0,0,0
1963.7068,0,0,0,0
1963.7096,0,0,0,0
1963.7123,0,0,0,0
1963.7151,0,0,0,0
1963.7178,0,0,0,0
1963.7205,0,0,0,0
1963.7233,0,0,0,0
1963.726,0,0,0,0
1963.7288,0,0,0,0
1963.7315,0,0,0,0
1963.7342,0,0,0,0
1963.737,0,0,0,0
1963.7397,0,0,0,0
1963.7425,0,0,0,0
1963.7452,0,0,0,0
1963.7479,0,0,0,0
1963.7507,0,0,0,0
1963.7534,0,0,0,0
1963.7562,0,0,0,0
1963.7589,0,0,0,0
1963.7616,0,0,0,0
1963.7644,0,0,0,0
1963.7671,0,0,0,0
1963.7699,0,0,0,0
1963.7726,0,0,0,0
1963.7753,0,0,0,0
1963.7781,0,0,0,0
1963.7808,0,0,0,0
1963.7836,0,0,0,0
1963.7863,0,0,0,0
1963.789,0,0,0,0
1963.7918,0,0,0,0
1963.7945,0,0,0,0
1963.7973,0,0,0,0
1963.8,0,0,0,0
1963.8027,0,0,0,0
1963.8055,0,0,0,0
1963.8082,0,0,0,0
1963.811,0,0,0,0
1963.8137,0,0,0,0
1963.8164,0,0,0,0
1963.8192,0,0,0,0
1963.8219,0,0,0,0
1963.8247,0,0,0,0
1963.8274,0,0,0,0
1963.8301,0,0,0,0
1963.8329,0,0,0,0
1963.8356,0,0,0,0
1963.8384,0,0,0,0
1963.8411,0,0,0,0
1963.8438,0,0,0,0
1963.8466,0,0,0,0
1963.8493,0,0,0,0
1963.8521,0,0,0,0
1963.8548,0,0,0,0
1963.8575,0,0,0,0
1963.8603,0,0,0,0
1963.863,0,0,0,0
1963.8658,0,0,0,0
1963.8685,0,0,0,0
1963.8712,0,0,0,0
1963.874,0,0,0,0
1963.8767,0,0,0,0
1963.8795,0,0,0,0
1963.8822,0,0,0,0
1963.8849,0,0,0,0
1963.8877,0,0,0,0
1963.8904,0,0,0,0
1963.8932,0,0,0,0
1963.8959,0,0,0,0
1963.8986,0,0,0,0
1963.9014,0,0,0,0
1963.9041,0,0,0,0
1963.9068,0,0,0,0
1963.9096,0,0,0,0
1963.9123,0,0,0,0
1963.9151,0,0,0,0
1963.9178,0,0,0,0
1963.9205,0,0,0,0
1963.9233,0,0,0,0
1963.926,0,0,0,0
1963.9288,0,0,0,0
1963.9315,0,0,0,0
1963.9342,0,0,0,0
1963.937,0,0,0,0
1963.9397,0,0,0,0
1963.9425,0,0,0,0
1963.9452,0,0,0,0
1963.9479,0,0,0,0
1963.9507,0,0,0,0
1963.9534,0,0,0,0
1963.9562,0,0,0,0
1963.9589,0,0,0,0
1963.9616,0,0,0,0
1963.9644,0,0,0,0
1963.9671,0,0,0,0
1963.9699,0,0,0,0
1963.9726,0,0,0,0
1963.9753,0,0,0,0
1963.9781,0,0,0,0
1963.9808,0,0,0,0
1963.9836,0,0,0,0
1963.9863,0,0,0,0
1963.989,0,0,0,0
1963.9918,0,0,0,0
1963.9945,0,0,0,0
1963.9973,0,0,0,0
1964,0,0,0,0
1964.0027,0,0,0,0
1964.0055,0,0,0,0
1964.0082,0,0,0,0
1964.011,0,0,0,0
1964.0137,0,0,0,0
1964.0164,0,0,0,0
1964.0192,0,0,0,0
1964.0219,0,0,0,0
1964.0247,0,0,0,0
1964.0274,0,0,0,0
1964.0301,0,0,0,0
1964.0329,0,0,0,0
1964.0356,0,0,0,0
1964.0384,0,0,0,0
1964.0411,0,0,0,0
1964.0438,0,0,0,0
1964.0466,0,0,0,0
1964.0493,0,0,0,0
1964.0521,0,0,0,0
1964.0548,0,0,0,0
1964.0575,0,0,0,0
1964.0603,0,0,0,0
1964.063,0,0,0,0
1964.0658,0,0,0,0
1964.0685,0,0,0,0
1964.0712,0,0,0,0
1964.074,0,0,0,0
1964.0767,0,0,0,0
1964.0795,0,0,0,0
1964.0822,0,0,0,0
1964.0849,0,0,0,0
1964.0877,0,0,0,0
1964.0904,0,0,0,0
1964.0932,0,0,0,0
1964.0959,0,0,0,0
1964.0986,0,0,0,0
1964.1014,0,0,0,0
1964.1041,0,0,0,0
1964.1068,0,0,0,0
1964.1096,0,0,0,0
1964.1123,0,0,0,0
1964.1151,0,0,0,0
1964.1178,0,0,0,0
1964.1205,0,0,0,0
1964.1233,0,0,0,0
1964.126,0,0,0,0
1964.1288,0,0,0,0
1964.1315,0,0,0,0
1964.1342,0,0,0,0
1964.137,0,0,0,0
1964.1397,0,0,0,0
1964.1425,0,0,0,0
1964.1452,0,0,0,0
1964.1479,0,0,0,0
1964.1507,0,0,0,0
1964.1534,0,0,0,0
1964.1562,0,0,0,0
1964.1589,0,0,0,0
1964.1616,0,0,0,0
1964.1644,0,0,0,0
1964.1671,0,0,0,0
1964.1699,0,0,0,0
1964.1726,0,0,0,0
1964.1753,0,0,0,0
1964.1781,0,0,0,0
1964.1808,0,0,0,0
1964.1836,0,0,0,0
1964.1863,0,0,0,0
1964.189,0,0,0,0
1964.1918,0,0,0,0
1964.1945,0,0,0,0
1964.1973,0,0,0,0
1964.2,0,0,0,0
1964.2027,0,0,0,0
1964.2055,0,0,0,0
1964.2082,0,0,0,0
1964.211,0,0,0,0
1964.2137,0,0,0,0
1964.2164,0,0,0,0
1964.2192,0,0,0,0
1964.2219,0,0,0,0
1964.2247,0,0,0,0
1964.2274,0,0,0,0
1964.2301,0,0,0,0
1964.2329,0,0,0,0
1964.2356,0,0,0,0
1964.2384,0,0,0,0
1964.2411,0,0,0,0
1964.2438,0,0,0,0
1964.2466,0,0,0,0
1964.2493,0,0,0,0
1964.2521,0,0,0,0
1964.2548,0,0,0,0
1964.2575,0,0,0,0
1964.2603,0,0,0,0
1964.263,0,0,0,0
1964.2658,0,0,0,0
1964.2685,0,0,0,0
1964.2712,0,0,0,0
1964.274,0,0,0,0
1964.2767,0,0,0,0
1964.2795,0,0,0,0
1964.2822,0,0,0,0
1964.2849,0,0,0,0
1964.2877,0,0,0,0
1964.2904,0,0,0,0
1964.2932,0,0,0,0
1964.2959,0,0,0,0
1964.2986,0,0,0,0
1964.3014,0,0,0,0
1964.3041,0,0,0,0
1964.3068,0,0,0,0
1964.3096,0,0,0,0
1964.3123,0,0,0,0
1964.3151,0,0,0,0
1964.3178,0,0,0,0
1964.3205,0,0,0,0
1964.3233,0,0,0,0
1964.326,0,0,0,0
1964.3288,0,0,0,0
1964.3315,0,0,0,0
1964.3342,0,0,0,0
1964.337,0,0,0,0
1964.3397,0,0,0,0
1964.3425,0,0,0,0
1964.3452,0,0,0,0
1964.3479,0,0,0,0
1964.3507,0,0,0,0
1964.3534,0,0,0,0
1964.3562,0,0,0,0
1964.3589,0,0,0,0
1964.3616,0,0,0,0
1964.3644,0,0,0,0
1964.3671,0,0,0,0
1964.3699,0,0,0,0
1964.3726,0,0,0,0
1964.3753,0,0,0,0
1964.3781,0,0,0,0
1964.3808,0,0,0,0
1964.3836,0,0,0,0
1964.3863,0,0,0,0
1964.389,0,0,0,0
1964.3918,0,0,0,0
1964.3945,0,0,0,0
1964.3973,0,0,0,0
1964.4,0,0,0,0
1964.4027,0,0,0,0
1964.4055,0,0,0,0
1964.4082,0,0,0,0
1964.411,0,0,0,0
1964.4137,0,0,0,0
1964.4164,0,0,0,0
1964.4192,0,0,0,0
1964.4219,0,0,0,0
1964.4247,0,0,0,0
1964.4274,0,0,0,0
1964.4301,0,0,0,0
1964.4329,0,0,0,0
1964.4356,0,0,0,0
1964.4384,0,0,0,0
1964.4411,0,0,0,0
1964.4438,0,0,0,0
1964.4466,0,0,0,0
1964.4493,0,0,0,0
1964.4521,0,0,0,0
1964.4548,0,0,0,0
1964.4575,0,0,0,0
1964.4603,0,0,0,0
1964.463,0,0,0,0
1964.4658,0,0,0,0
1964.4685,0,0,0,0
1964.4712,0,0,0,0
1964.474,0,0,0,0
1964.4767,0,0,0,0
1964.4795,0,0,0,0
1964.4822,0,0,0,0
1964.4849,0,0,0,0
1964.4877,0,0,0,0
1964.4904,0,0,0,0
1964.4932,0,0,0,0
1964.4959,0,0,0,0
1964.4986,0,0,0,0
1964.5014,0,0,0,0
1964.5041,0,0,0,0
1964.5068,0,0,0,0
1964.5096,0,0,0,0
1964.5123,0,0,0,0
1964.5151,0,0,0,0
1964.5178,0,0,0,0
1964.5205,0,0,0,0
1964.5233,0,0,0,0
1964.526,0,0,0,0
1964.5288,0,0,0,0
1964.5315,0,0,0,0
1964.5342,0,0,0,0
1964.537,0,0,0,0
1964.5397,0,0,0,0
1964.5425,0,0,0,0
1964.5452,0,0,0,0
1964.5479,0,0,0,0
1964.5507,0,0,0,0
1964.5534,0,0,0,0
1964.5562,0,0,0,0
1964.5589,0,0,0,0
1964.5616,0,0,0,0
1964.5644,0,0,0,0
1964.5671,0,0,0,0
1964.5699,0,0,0,0
1964.5726,0,0,0,0
1964.5753,0,0,0,0
1964.5781,0,0,0,0
1964.5808,0,0,0,0
1964.5836,0,0,0,0
1964.5863,0,0,0,0
1964.589,0,0,0,0
1964.5918,0,0,0,0
1964.5945,0,0,0,0
1964.5973,0,0,0,0
1964.6,0,0,0,0
1964.6027,0,0,0,0
1964.6055,0,0,0,0
1964.6082,0,0,0,0
1964.611,0,0,0,0
1964.6137,0,0,0,0
1964.6164,0,0,0,0
1964.6192,0,0,0,0
1964.6219,0,0,0,0
1964.6247,0,0,0,0
1964.6274,0,0,0,0
1964.6301,0,0,0,0
1964.6329,0,0,0,0
1964.6356,0,0,0,0
1964.6384,0,0,0,0
1964.6411,0,0,0,0
1964.6438,0,0,0,0
1964.6466,0,0,0,0
1964.6493,0,0,0,0
1964.6521,0,0,0,0
1964.6548,0,0,0,0
1964.6575,0,0,0,0
1964.6603,0,0,0,0
1964.663,0,0,0,0
1964.6658,0,0,0,0
1964.6685,0,0,0,0
1964.6712,0,0,0,0
1964.674,0,0,0,0
1964.6767,0,0,0,0
1964.6795,0,0,0,0
1964.6822,0,0,0,0
1964.6849,0,0,0,0
1964.6877,0,0,0,0
1964.6904,0,0,0,0
1964.6932,0,0,0,0
1964.6959,0,0,0,0
1964.6986,0,0,0,0
1964.7014,0,0,0,0
1964.7041,0,0,0,0
1964.7068,0,0,0,0
1964.7096,0,0,0,0
1964.7123,0,0,0,0
1964.7151,0,0,0,0
1964.7178,0,0,0,0
1964.7205,0,0,0,0
1964.7233,0,0,0,0
1964.726,0,0,0,0
1964.7288,0,0,0,0
1964.7315,0,0,0,0
1964.7342,0,0,0,0
1964.737,0,0,0,0
1964.7397,0,0,0,0
1964.7425,0,0,0,0
1964.7452,0,0,0,0
1964.7479,0,0,0,0
1964.7507,0,0,0,0
1964.7534,0,0,0,0
1964.7562,0,0,0,0
1964.7589,0,0,0,0
1964.7616,0,0,0,0
1964.7644,0,0,0,0
1964.7671,0,0,0,0
1964.7699,0,0,0,0
1964.7726,0,0,0,0
1964.7753,0,0,0,0
1964.7781,0,0,0,0
1964.7808,0,0,0,0
1964.7836,0,0,0,0
1964.7863,0,0,0,0
1964.789,0,0,0,0
1964.7918,0,0,0,0
1964.7945,0,0,0,0
1964.7973,0,0,0,0
1964.8,0,0,0,0
1964.8027,0,0,0,0
1964.8055,0,0,0,0
1964.8082,0,0,0,0
1964.811,0,0,0,0
1964.8137,0,0,0,0
1964.8164,0,0,0,0
1964.8192,0,0,0,0
1964.8219,0,0,0,0
1964.8247,0,0,0,0
1964.8274,0,0,0,0
1964.8301,0,0,0,0
1964.8329,0,0,0,0
1964.8356,0,0,0,0
1964.8384,0,0,0,0
1964.8411,0,0,0,0
1964.8438,0,0,0,0
1964.8466,0,0,0,0
1964.8493,0,0,0,0
1964.8521,0,0,0,0
1964.8548,0,0,0,0
1964.8575,0,0,0,0
1964.8603,0,0,0,0
1964.863,0,0,0,0
1964.8658,0,0,0,0
1964.8685,0,0,0,0
1964.8712,0,0,0,0
1964.874,0,0,0,0
1964.8767,0,0,0,0
1964.8795,0,0,0,0
1964.8822,0,0,0,0
1964.8849,0,0,0,0
1964.8877,0,0,0,0
1964.8904,0,0,0,0
1964.8932,0,0,0,0
1964.8959,0,0,0,0
1964.8986,0,0,0,0
1964.9014,0,0,0,0
1964.9041,0,0,0,0
1964.9068,0,0,0,0
1964.9096,0,0,0,0
1964.9123,0,0,0,0
1964.9151,0,0,0,0
1964.9178,0,0,0,0
1964.9205,0,0,0,0
1964.9233,0,0,0,0
1964.926,0,0,0,0
1964.9288,0,0,0,0
1964.9315,0,0,0,0
1964.9342,0,0,0,0
1964.937,0,0,0,0
1964.9397,0,0,0,0
1964.9425,0,0,0,0
1964.9452,0,0,0,0
1964.9479,0,0,0,0
1964.9507,0,0,0,0
1964.9534,0,0,0,0
1964.9562,0,0,0,0
1964.9589,0,0,0,0
1964.9616,0,0,0,0
1964.9644,0,0,0,0
1964.9671,0,0,0,0
1964.9699,0,0,0,0
1964.9726,0,0,0,0
1964.9753,0,0,0,0
1964.9781,0,0,0,0
1964.9808,0,0,0,0
1964.9836,0,0,0,0
1964.9863,0,0,0,0
1964.989,0,0,0,0
1964.9918,0,0,0,0
1964.9945,0,0,0,0
1964.9973,0,0,0,0
1965,0,0,0,0
1965,0,0,0,0
1965.0027,0,0,0,0
1965.0055,0,0,0,0
1965.0082,0,0,0,0
1965.011,0,0,0,0
1965.0137,0,0,0,0
1965.0164,0,0,0,0
1965.0192,0,0,0,0
1965.0219,0,0,0,0
1965.0247,0,0,0,0
1965.0274,0,0,0,0
1965.0301,0,0,0,0
1965.0329,0,0,0,0
1965.0356,0,0,0,0
1965.0384,0,0,0,0
1965.0411,0,0,0,0
1965.0438,0,0,0,0
1965.0466,0,0,0,0
1965.0493,0,0,0,0
1965.0521,0,0,0,0
1965.0548,0,0,0,0
1965.0575,0,0,0,0
1965.0603,0,0,0,0
1965.063,0,0,0,0
1965.0658,0,0,0,0
1965.0685,0,0,0,0
1965.0712,0,0,0,0
1965.074,0,0,0,0
1965.0767,0,0,0,0
1965.0795,0,0,0,0
1965.0822,0,0,0,0
1965.0849,0,0,0,0
1965.0877,0,0,0,0
1965.0904,0,0,0,0
1965.0932,0,0,0,0
1965.0959,0,0,0,0
1965.0986,0,0,0,0
1965.1014,0,0,0,0
1965.1041,0,0,0,0
1965.1068,0,0,0,0
1965.1096,0,0,0,0
1965.1123,0,0,0,0
1965.1151,0,0,0,0
1965.1178,0,0,0,0
1965.1205,0,0,0,0
1965.1233,0,0,0,0
1965.126,0,0,0,0
1965.1288,0,0,0,0
1965.1315,0,0,0,0
1965.1342,0,0,0,0
1965.137,0,0,0,0
1965.1397,0,0,0,0
1965.1425,0,0,0,0
1965.1452,0,0,0,0
1965.1479,0,0,0,0
1965.1507,0,0,0,0
1965.1534,0,0,0,0
1965.1562,0,0,0,0
1965.1589,0,0,0,0
1965.1616,0,0,0,0
1965.1644,0,0,0,0
1965.1671,0,0,0,0
1965.1699,0,0,0,0
1965.1726,0,0,0,0
1965.1753,0,0,0,0
1965.1781,0,0,0,0
1965.1808,0,0,0,0
1965.1836,0,0,0,0
1965.1863,0,0,0,0
1965.189,0,0,0,0
1965.1918,0,0,0,0
1965.1945,0,0,0,0
1965.1973,0,0,0,0
1965.2,0,0,0,0
1965.2027,0,0,0,0
1965.2055,0,0,0,0
1965.2082,0,0,0,0
1965.211,0,0,0,0
1965.2137,0,0,0,0
1965.2164,0,0,0,0
1965.2192,0,0,0,0
1965.2219,0,0,0,0
1965.2247,0,0,0,0
1965.2274,0,0,0,0
1965.2301,0,0,0,0
1965.2329,0,0,0,0
1965.2356,0,0,0,0
1965.2384,0,0,0,0
1965.2411,0,0,0,0
1965.2438,0,0,0,0
1965.2466,0,0,0,0
1965.2493,0,0,0,0
1965.2521,0,0,0,0
1965.2548,0,0,0,0
1965.2575,0,0,0,0
1965.2603,0,0,0,0
1965.263,0,0,0,0
1965.2658,0,0,0,0
1965.2685,0,0,0,0
1965.2712,0,0,0,0
1965.274,0,0,0,0
1965.2767,0,0,0,0
1965.2795,0,0,0,0
1965.2822,0,0,0,0
1965.2849,0,0,0,0
1965.2877,0,0,0,0
1965.2904,0,0,0,0
1965.2932,0,0,0,0
1965.2959,0,0,0,0
1965.2986,0,0,0,0
1965.3014,0,0,0,0
1965.3041,0,0,0,0
1965.3068,0,0,0,0
1965.3096,0,0,0,0
1965.3123,0,0,0,0
1965.3151,0,0,0,0
1965.3178,0,0,0,0
1965.3205,0,0,0,0
1965.3233,0,0,0,0
1965.326,0,0,0,0
1965.3288,0,0,0,0
1965.3315,0,0,0,0
1965.3342,0,0,0,0
1965.337,0,0,0,0
1965.3397,0,0,0,0
1965.3425,0,0,0,0
1965.3452,0,0,0,0
1965.3479,0,0,0,0
1965.3507,0,0,0,0
1965.3534,0,0,0,0
1965.3562,0,0,0,0
1965.3589,0,0,0,0
1965.3616,0,0,0,0
1965.3644,0,0,0,0
1965.3671,0,0,0,0
1965.3699,0,0,0,0
1965.3726,0,0,0,0
1965.3753,0,0,0,0
1965.3781,0,0,0,0
1965.3808,0,0,0,0
1965.3836,0,0,0,0
1965.3863,0,0,0,0
1965.389,0,0,0,0
1965.3918,0,0,0,0
1965.3945,0,0,0,0
1965.3973,0,0,0,0
1965.4,0,0,0,0
1965.4027,0,0,0,0
1965.4055,0,0,0,0
1965.4082,0,0,0,0
1965.411,0,0,0,0
1965.4137,0,0,0,0
1965.4164,0,0,0,0
1965.4192,0,0,0,0
1965.4219,0,0,0,0
1965.4247,0,0,0,0
1965.4274,0,0,0,0
1965.4301,0,0,0,0
1965.4329,0,0,0,0
1965.4356,0,0,0,0
1965.4384,0,0,0,0
1965.4411,0,0,0,0
1965.4438,0,0,0,0
1965.4466,0,0,0,0
1965.4493,0,0,0,0
1965.4521,0,0,0,0
1965.4548,0,0,0,0
1965.4575,0,0,0,0
1965.4603,0,0,0,0
1965.463,0,0,0,0
1965.4658,0,0,0,0
1965.4685,0,0,0,0
1965.4712,0,0,0,0
1965.474,0,0,0,0
1965.4767,0,0,0,0
1965.4795,0,0,0,0
1965.4822,0,0,0,0
1965.4849,0,0,0,0
1965.4877,0,0,0,0
1965.4904,0,0,0,0
1965.4932,0,0,0,0
1965.4959,0,0,0,0
1965.4986,0,0,0,0
1965.5014,0,0,0,0
1965.5041,0,0,0,0
1965.5068,0,0,0,0
1965.5096,0,0,0,0
1965.5123,0,0,0,0
1965.5151,0,0,0,0
1965.5178,0,0,0,0
1965.5205,0,0,0,0
1965.5233,0,0,0,0
1965.526,0,0,0,0
1965.5288,0,0,0,0
1965.5315,0,0,0,0
1965.5342,0,0,0,0
1965.537,0,0,0,0
1965.5397,0,0,0,0
1965.5425,0,0,0,0
1965.5452,0,0,0,0
1965.5479,0,0,0,0
1965.5507,0,0,0,0
1965.5534,0,0,0,0
1965.5562,0,0,0,0
1965.5589,0,0,0,0
1965.5616,0,0,0,0
1965.5644,0,0,0,0
1965.5671,0,0,0,0
1965.5699,0,0,0,0
1965.5726,0,0,0,0
1965.5753,0,0,0,0
1965.5781,0,0,0,0
1965.5808,0,0,0,0
1965.5836,0,0,0,0
1965.5863,0,0,0,0
1965.589,0,0,0,0
1965.5918,0,0,0,0
1965.5945,0,0,0,0
1965.5973,0,0,0,0
1965.6,0,0,0,0
1965.6027,0,0,0,0
1965.6055,0,0,0,0
1965.6082,0,0,0,0
1965.611,0,0,0,0
1965.6137,0,0,0,0
1965.6164,0,0,0,0
1965.6192,0,0,0,0
1965.6219,0,0,0,0
1965.6247,0,0,0,0
1965.6274,0,0,0,0
1965.6301,0,0,0,0
1965.6329,0,0,0,0
1965.6356,0,0,0,0
1965.6384,0,0,0,0
1965.6411,0,0,0,0
1965.6438,0,0,0,0
1965.6466,0,0,0,0
1965.6493,0,0,0,0
1965.6521,0,0,0,0
1965.6548,0,0,0,0
1965.6575,0,0,0,0
1965.6603,0,0,0,0
1965.663,0,0,0,0
1965.6658,0,0,0,0
1965.6685,0,0,0,0
1965.6712,0,0,0,0
1965.674,0,0,0,0
1965.6767,0,0,0,0
1965.6795,0,0,0,0
1965.6822,0,0,0,0
1965.6849,0,0,0,0
1965.6877,0,0,0,0
1965.6904,0,0,0,0
1965.6932,0,0,0,0
1965.6959,0,0,0,0
1965.6986,0,0,0,0
1965.7014,0,0,0,0
1965.7041,0,0,0,0
1965.7068,0,0,0,0
1965.7096,0,0,0,0
1965.7123,0,0,0,0
1965.7151,0,0,0,0
1965.7178,0,0,0,0
1965.7205,0,0,0,0
1965.7233,0,0,0,0
1965.726,0,0,0,0
1965.7288,0,0,0,0
1965.7315,0,0,0,0
1965.7342,0,0,0,0
1965.737,0,0,0,0
1965.7397,0,0,0,0
1965.7425,0,0,0,0
1965.7452,0,0,0,0
1965.7479,0,0,0,0
1965.7507,0,0,0,0
1965.7534,0,0,0,0
1965.7562,0,0,0,0
1965.7589,0,0,0,0
1965.7616,0,0,0,0
1965.7644,0,0,0,0
1965.7671,0,0,0,0
1965.7699,0,0,0,0
1965.7726,0,0,0,0
1965.7753,0,0,0,0
1965.7781,0,0,0,0
1965.7808,0,0,0,0
1965.7836,0,0,0,0
1965.7863,0,0,0,0
1965.789,0,0,0,0
1965.7918,0,0,0,0
1965.7945,0,0,0,0
1965.7973,0,0,0,0
1965.8,0,0,0,0
1965.8027,0,0,0,0
1965.8055,0,0,0,0
1965.8082,0,0,0,0
1965.811,0,0,0,0
1965.8137,0,0,0,0
1965.8164,0,0,0,0
1965.8192,0,0,0,0
1965.8219,0,0,0,0
1965.8247,0,0,0,0
1965.8274,0,0,0,0
1965.8301,0,0,0,0
1965.8329,0,0,0,0
1965.8356,0,0,0,0
1965.8384,0,0,0,0
1965.8411,0,0,0,0
1965.8438,0,0,0,0
1965.8466,0,0,0,0
1965.8493,0,0,0,0
1965.8521,0,0,0,0
1965.8548,0,0,0,0
1965.8575,0,0,0,0
1965.8603,0,0,0,0
1965.863,0,0,0,0
1965.8658,0,0,0,0
1965.8685,0,0,0,0
1965.8712,0,0,0,0
1965.874,0,0,0,0
1965.8767,0,0,0,0
1965.8795,0,0,0,0
1965.8822,0,0,0,0
1965.8849,0,0,0,0
1965.8877,0,0,0,0
1965.8904,0,0,0,0
1965.8932,0,0,0,0
1965.8959,0,0,0,0
1965.8986,0,0,0,0
1965.9014,0,0,0,0
1965.9041,0,0,0,0
1965.9068,0,0,0,0
1965.9096,0,0,0,0
1965.9123,0,0,0,0
1965.9151,0,0,0,0
1965.9178,0,0,0,0
1965.9205,0,0,0,0
1965.9233,0,0,0,0
1965.926,0,0,0,0
1965.9288,0,0,0,0
1965.9315,0,0,0,0
1965.9342,0,0,0,0
1965.937,0,0,0,0
1965.9397,0,0,0,0
1965.9425,0,0,0,0
1965.9452,0,0,0,0
1965.9479,0,0,0,0
1965.9507,0,0,0,0
1965.9534,0,0,0,0
1965.9562,0,0,0,0
1965.9589,0,0,0,0
1965.9616,0,0,0,0
1965.9644,0,0,0,0
1965.9671,0,0,0,0
1965.9699,0,0,0,0
1965.9726,0,0,0,0
1965.9753,0,0,0,0
1965.9781,0,0,0,0
1965.9808,0,0,0,0
1965.9836,0,0,0,0
1965.9863,0,0,0,0
1965.989,0,0,0,0
1965.9918,0,0,0,0
1965.9945,0,0,0,0
1965.9973,0,0,0,0
1966,0,0,0,0
1966.0027,0,0,0,0
1966.0055,0,0,0,0
1966.0082,0,0,0,0
1966.011,0,0,0,0
1966.0137,0,0,0,0
1966.0164,0,0,0,0
1966.0192,0,0,0,0
1966.0219,0,0,0,0
1966.0247,0,0,0,0
1966.0274,0,0,0,0
1966.0301,0,0,0,0
1966.0329,0,0,0,0
1966.0356,0,0,0,0
1966.0384,0,0,0,0
1966.0411,0,0,0,0
1966.0438,0,0,0,0
1966.0466,0,0,0,0
1966.0493,0,0,0,0
1966.0521,0,0,0,0
1966.0548,0,0,0,0
1966.0575,0,0,0,0
1966.0603,0,0,0,0
1966.063,0,0,0,0
1966.0658,0,0,0,0
1966.0685,0,0,0,0
1966.0712,0,0,0,0
1966.074,0,0,0,0
1966.0767,0,0,0,0
1966.0795,0,0,0,0
1966.0822,0,0,0,0
1966.0849,0,0,0,0
1966.0877,0,0,0,0
1966.0904,0,0,0,0
1966.0932,0,0,0,0
1966.0959,0,0,0,0
1966.0986,0,0,0,0
1966.1014,0,0,0,0
1966.1041,0,0,0,0
1966.1068,0,0,0,0
1966.1096,0,0,0,0
1966.1123,0,0,0,0
1966.1151,0,0,0,0
1966.1178,0,0,0,0
1966.1205,0,0,0,0
1966.1233,0,0,0,0
1966.126,0,0,0,0
1966.1288,0,0,0,0
1966.1315,0,0,0,0
1966.1342,0,0,0,0
1966.137,0,0,0,0
1966.1397,0,0,0,0
1966.1425,0,0,0,0
1966.1452,0,0,0,0
1966.1479,0,0,0,0
1966.1507,0,0,0,0
1966.1534,0,0,0,0
1966.1562,0,0,0,0
1966.1589,0,0,0,0
1966.1616,0,0,0,0
1966.1644,0,0,0,0
1966.1671,0,0,0,0
1966.1699,0,0,0,0
1966.1726,0,0,0,0
1966.1753,0,0,0,0
1966.1781,0,0,0,0
1966.1808,0,0,0,0
1966.1836,0,0,0,0
1966.1863,0,0,0,0
1966.189,0,0,0,0
1966.1918,0,0,0,0
1966.1945,0,0,0,0
1966.1973,0,0,0,0
1966.2,0,0,0,0
1966.2027,0,0,0,0
1966.2055,0,0,0,0
1966.2082,0,0,0,0
1966.211,0,0,0,0
1966.2137,0,0,0,0
1966.2164,0,0,0,0
1966.2192,0,0,0,0
1966.2219,0,0,0,0
1966.2247,0,0,0,0
1966.2274,0,0,0,0
1966.2301,0,0,0,0
1966.2329,0,0,0,0
1966.2356,0,0,0,0
1966.2384,0,0,0,0
1966.2411,0,0,0,0
1966.2438,0,0,0,0
1966.2466,0,0,0,0
1966.2493,0,0,0,0
1966.2521,0,0,0,0
1966.2548,0,0,0,0
1966.2575,0,0,0,0
1966.2603,0,0,0,0
1966.263,0,0,0,0
1966.2658,0,0,0,0
1966.2685,0,0,0,0
1966.2712,0,0,0,0
1966.274,0,0,0,0
1966.2767,0,0,0,0
1966.2795,0,0,0,0
1966.2822,0,0,0,0
1966.2849,0,0,0,0
1966.2877,0,0,0,0
1966.2904,0,0,0,0
1966.2932,0,0,0,0
1966.2959,0,0,0,0
1966.2986,0,0,0,0
1966.3014,0,0,0,0
1966.3041,0,0,0,0
1966.3068,0,0,0,0
1966.3096,0,0,0,0
1966.3123,0,0,0,0
1966.3151,0,0,0,0
1966.3178,0,0,0,0
1966.3205,0,0,0,0
1966.3233,0,0,0,0
1966.326,0,0,0,0
1966.3288,0,0,0,0
1966.3315,0,0,0,0
1966.3342,0,0,0,0
1966.337,0,0,0,0
1966.3397,0,0,0,0
1966.3425,0,0,0,0
1966.3452,0,0,0,0
1966.3479,0,0,0,0
1966.3507,0,0,0,0
1966.3534,0,0,0,0
1966.3562,0,0,0,0
1966.3589,0,0,0,0
1966.3616,0,0,0,0
1966.3644,0,0,0,0
1966.3671,0,0,0,0
1966.3699,0,0,0,0
1966.3726,0,0,0,0
1966.3753,0,0,0,0
1966.3781,0,0,0,0
1966.3808,0,0,0,0
1966.3836,0,0,0,0
1966.3863,0,0,0,0
1966.389,0,0,0,0
1966.3918,0,0,0,0
1966.3945,0,0,0,0
1966.3973,0,0,0,0
1966.4,0,0,0,0
1966.4027,0,0,0,0
1966.4055,0,0,0,0
1966.4082,0,0,0,0
1966.411,0,0,0,0
1966.4137,0,0,0,0
1966.4164,0,0,0,0
1966.4192,0,0,0,0
1966.4219,0,0,0,0
1966.4247,0,0,0,0
1966.4274,0,0,0,0
1966.4301,0,0,0,0
1966.4329,0,0,0,0
1966.4356,0,0,0,0
1966.4384,0,0,0,0
1966.4411,0,0,0,0
1966.4438,0,0,0,0
1966.4466,0,0,0,0
1966.4493,0,0,0,0
1966.4521,0,0,0,0
1966.4548,0,0,0,0
1966.4575,0,0,0,0
1966.4603,0,0,0,0
1966.463,0,0,0,0
1966.4658,0,0,0,0
1966.4685,0,0,0,0
1966.4712,0,0,0,0
1966.474,0,0,0,0
1966.4767,0,0,0,0
1966.4795,0,0,0,0
1966.4822,0,0,0,0
1966.4849,0,0,0,0
1966.4877,0,0,0,0
1966.4904,0,0,0,0
1966.4932,0,0,0,0
1966.4959,0,0,0,0
1966.4986,0,0,0,0
1966.5014,0,0,0,0
1966.5041,0,0,0,0
1966.5068,0,0,0,0
1966.5096,0,0,0,0
1966.5123,0,0,0,0
1966.5151,0,0,0,0
1966.5178,0,0,0,0
1966.5205,0,0,0,0
1966.5233,0,0,0,0
1966.526,0,0,0,0
1966.5288,0,0,0,0
1966.5315,0,0,0,0
1966.5342,0,0,0,0
1966.537,0,0,0,0
1966.5397,0,0,0,0
1966.5425,0,0,0,0
1966.5452,0,0,0,0
1966.5479,0,0,0,0
1966.5507,0,0,0,0
1966.5534,0,0,0,0
1966.5562,0,0,0,0
1966.5589,0,0,0,0
1966.5616,0,0,0,0
1966.5644,0,0,0,0
1966.5671,0,0,0,0
1966.5699,0,0,0,0
1966.5726,0,0,0,0
1966.5753,0,0,0,0
1966.5781,0,0,0,0
1966.5808,0,0,0,0
1966.5836,0,0,0,0
1966.5863,0,0,0,0
1966.589,0,0,0,0
1966.5918,0,0,0,0
1966.5945,0,0,0,0
1966.5973,0,0,0,0
1966.6,0,0,0,0
1966.6027,0,0,0,0
1966.6055,0,0,0,0
1966.6082,0,0,0,0
1966.611,0,0,0,0
1966.6137,0,0,0,0
1966.6164,0,0,0,0
1966.6192,0,0,0,0
1966.6219,0,0,0,0
1966.6247,0,0,0,0
1966.6274,0,0,0,0
1966.6301,0,0,0,0
1966.6329,0,0,0,0
1966.6356,0,0,0,0
1966.6384,0,0,0,0
1966.6411,0,0,0,0
1966.6438,0,0,0,0
1966.6466,0,0,0,0
1966.6493,0,0,0,0
1966.6521,0,0,0,0
1966.6548,0,0,0,0
1966.6575,0,0,0,0
1966.6603,0,0,0,0
1966.663,0,0,0,0
1966.6658,0,0,0,0
1966.6685,0,0,0,0
1966.6712,0,0,0,0
1966.674,0,0,0,0
1966.6767,0,0,0,0
1966.6795,0,0,0,0
1966.6822,0,0,0,0
1966.6849,0,0,0,0
1966.6877,0,0,0,0
1966.6904,0,0,0,0
1966.6932,0,0,0,0
1966.6959,0,0,0,0
1966.6986,0,0,0,0
1966.7014,0,0,0,0
1966.7041,0,0,0,0
1966.7068,0,0,0,0
1966.7096,0,0,0,0
1966.7123,0,0,0,0
1966.7151,0,0,0,0
1966.7178,0,0,0,0
1966.7205,0,0,0,0
1966.7233,0,0,0,0
1966.726,0,0,0,0
1966.7288,0,0,0,0
1966.7315,0,0,0,0
1966.7342,0,0,0,0
1966.737,0,0,0,0
1966.7397,0,0,0,0
1966.7425,0,0,0,0
1966.7452,0,0,0,0
1966.7479,0,0,0,0
1966.7507,0,0,0,0
1966.7534,0,0,0,0
1966.7562,0,0,0,0
1966.7589,0,0,0,0
1966.7616,0,0,0,0
1966.7644,0,0,0,0
1966.7671,0,0,0,0
1966.7699,0,0,0,0
1966.7726,0,0,0,0
1966.7753,0,0,0,0
1966.7781,0,0,0,0
1966.7808,0,0,0,0
1966.7836,0,0,0,0
1966.7863,0,0,0,0
1966.789,0,0,0,0
1966.7918,0,0,0,0
1966.7945,0,0,0,0
1966.7973,0,0,0,0
1966.8,0,0,0,0
1966.8027,0,0,0,0
1966.8055,0,0,0,0
1966.8082,0,0,0,0
1966.811,0,0,0,0
1966.8137,0,0,0,0
1966.8164,0,0,0,0
1966.8192,0,0,0,0
1966.8219,0,0,0,0
1966.8247,0,0,0,0
1966.8274,0,0,0,0
1966.8301,0,0,0,0
1966.8329,0,0,0,0
1966.8356,0,0,0,0
1966.8384,0,0,0,0
1966.8411,0,0,0,0
1966.8438,0,0,0,0
1966.8466,0,0,0,0
1966.8493,0,0,0,0
1966.8521,0,0,0,0
1966.8548,0,0,0,0
1966.8575,0,0,0,0
1966.8603,0,0,0,0
1966.863,0,0,0,0
1966.8658,0,0,0,0
1966.8685,0,0,0,0
1966.8712,0,0,0,0
1966.874,0,0,0,0
1966.8767,0,0,0,0
1966.8795,0,0,0,0
1966.8822,0,0,0,0
1966.8849,0,0,0,0
1966.8877,0,0,0,0
1966.8904,0,0,0,0
1966.8932,0,0,0,0
1966.8959,0,0,0,0
1966.8986,0,0,0,0
1966.9014,0,0,0,0
1966.9041,0,0,0,0
1966.9068,0,0,0,0
1966.9096,0,0,0,0
1966.9123,0,0,0,0
1966.9151,0,0,0,0
1966.9178,0,0,0,0
1966.9205,0,0,0,0
1966.9233,0,0,0,0
1966.926,0,0,0,0
1966.9288,0,0,0,0
1966.9315,0,0,0,0
1966.9342,0,0,0,0
1966.937,0,0,0,0
1966.9397,0,0,0,0
1966.9425,0,0,0,0
1966.9452,0,0,0,0
1966.9479,0,0,0,0
1966.9507,0,0,0,0
1966.9534,0,0,0,0
1966.9562,0,0,0,0
1966.9589,0,0,0,0
1966.9616,0,0,0,0
1966.9644,0,0,0,0
1966.9671,0,0,0,0
1966.9699,0,0,0,0
1966.9726,0,0,0,0
1966.9753,0,0,0,0
1966.9781,0,0,0,0
1966.9808,0,0,0,0
1966.9836,0,0,0,0
1966.9863,0,0,0,0
1966.989,0,0,0,0
1966.9918,0,0,0,0
1966.9945,0,0,0,0
1966.9973,0,0,0,0
1967,0,0,0,0
1967.0027,0,0,0,0
1967.0055,0,0,0,0
1967.0082,0,0,0,0
1967.011,0,0,0,0
1967.0137,0,0,0,0
1967.0164,0,0,0,0
1967.0192,0,0,0,0
1967.0219,0,0,0,0
1967.0247,0,0,0,0
1967.0274,0,0,0,0
1967.0301,0,0,0,0
1967.0329,0,0,0,0
1967.0356,0,0,0,0
1967.0384,0,0,0,0
1967.0411,0,0,0,0
1967.0438,0,0,0,0
1967.0466,0,0,0,0
1967.0493,0,0,0,0
1967.0521,0,0,0,0
1967.0548,0,0,0,0
1967.0575,0,0,0,0
1967.0603,0,0,0,0
1967.063,0,0,0,0
1967.0658,0,0,0,0
1967.0685,0,0,0,0
1967.0712,0,0,0,0
1967.074,0,0,0,0
1967.0767,0,0,0,0
1967.0795,0,0,0,0
1967.0822,0,0,0,0
1967.0849,0,0,0,0
1967.0877,0,0,0,0
1967.0904,0,0,0,0
1967.0932,0,0,0,0
1967.0959,0,0,0,0
1967.0986,0,0,0,0
1967.1014,0,0,0,0
1967.1041,0,0,0,0
1967.1068,0,0,0,0
1967.1096,0,0,0,0
1967.1123,0,0,0,0
1967.1151,0,0,0,0
1967.1178,0,0,0,0
1967.1205,0,0,0,0
1967.1233,0,0,0,0
1967.126,0,0,0,0
1967.1288,0,0,0,0
1967.1315,0,0,0,0
1967.1342,0,0,0,0
1967.137,0,0,0,0
1967.1397,0,0,0,0
1967.1425,0,0,0,0
1967.1452,0,0,0,0
1967.1479,0,0,0,0
1967.1507,0,0,0,0
1967.1534,0,0,0,0
1967.1562,0,0,0,0
1967.1589,0,0,0,0
1967.1616,0,0,0,0
1967.1644,0,0,0,0
1967.1671,0,0,0,0
1967.1699,0,0,0,0
1967.1726,0,0,0,0
1967.1753,0,0,0,0
1967.1781,0,0,0,0
1967.1808,0,0,0,0
1967.1836,0,0,0,0
1967.1863,0,0,0,0
1967.189,0,0,0,0
1967.1918,0,0,0,0
1967.1945,0,0,0,0
1967.1973,0,0,0,0
1967.2,0,0,0,0
1967.2027,0,0,0,0
1967.2055,0,0,0,0
1967.2082,0,0,0,0
1967.211,0,0,0,0
1967.2137,0,0,0,0
1967.2164,0,0,0,0
1967.2192,0,0,0,0
1967.2219,0,0,0,0
1967.2247,0,0,0,0
1967.2274,0,0,0,0
1967.2301,0,0,0,0
1967.2329,0,0,0,0
1967.2356,0,0,0,0
1967.2384,0,0,0,0
1967.2411,0,0,0,0
1967.2438,0,0,0,0
1967.2466,0,0,0,0
1967.2493,0,0,0,0
1967.2521,0,0,0,0
1967.2548,0,0,0,0
1967.2575,0,0,0,0
1967.2603,0,0,0,0
1967.263,0,0,0,0
1967.2658,0,0,0,0
1967.2685,0,0,0,0
1967.2712,0,0,0,0
1967.274,0,0,0,0
1967.2767,0,0,0,0
1967.2795,0,0,0,0
1967.2822,0,0,0,0
1967.2849,0,0,0,0
1967.2877,0,0,0,0
1967.2904,0,0,0,0
1967.2932,0,0,0,0
1967.2959,0,0,0,0
1967.2986,0,0,0,0
1967.3014,0,0,0,0
1967.3041,0,0,0,0
1967.3068,0,0,0,0
1967.3096,0,0,0,0
1967.3123,0,0,0,0
1967.3151,0,0,0,0
1967.3178,0,0,0,0
1967.3205,0,0,0,0
1967.3233,0,0,0,0
1967.326,0,0,0,0
1967.3288,0,0,0,0
1967.3315,0,0,0,0
1967.3342,0,0,0,0
1967.337,0,0,0,0
1967.3397,0,0,0,0
1967.3425,0,0,0,0
1967.3452,0,0,0,0
1967.3479,0,0,0,0
1967.3507,0,0,0,0
1967.3534,0,0,0,0
1967.3562,0,0,0,0
1967.3589,0,0,0,0
1967.3616,0,0,0,0
1967.3644,0,0,0,0
1967.3671,0,0,0,0
1967.3699,0,0,0,0
1967.3726,0,0,0,0
1967.3753,0,0,0,0
1967.3781,0,0,0,0
1967.3808,0,0,0,0
1967.3836,0,0,0,0
1967.3863,0,0,0,0
1967.389,0,0,0,0
1967.3918,0,0,0,0
1967.3945,0,0,0,0
1967.3973,0,0,0,0
1967.4,0,0,0,0
1967.4027,0,0,0,0
1967.4055,0,0,0,0
1967.4082,0,0,0,0
1967.411,0,0,0,0
1967.4137,0,0,0,0
1967.4164,0,0,0,0
1967.4192,0,0,0,0
1967.4219,0,0,0,0
1967.4247,0,0,0,0
1967.4274,0,0,0,0
1967.4301,0,0,0,0
1967.4329,0,0,0,0
1967.4356,0,0,0,0
1967.4384,0,0,0,0
1967.4411,0,0,0,0
1967.4438,0,0,0,0
1967.4466,0,0,0,0
1967.4493,0,0,0,0
1967.4521,0,0,0,0
1967.4548,0,0,0,0
1967.4575,0,0,0,0
1967.4603,0,0,0,0
1967.463,0,0,0,0
1967.4658,0,0,0,0
1967.4685,0,0,0,0
1967.4712,0,0,0,0
1967.474,0,0,0,0
1967.4767,0,0,0,0
1967.4795,0,0,0,0
1967.4822,0,0,0,0
1967.4849,0,0,0,0
1967.4877,0,0,0,0
1967.4904,0,0,0,0
1967.4932,0,0,0,0
1967.4959,0,0,0,0
1967.4986,0,0,0,0
1967.5014,0,0,0,0
1967.5041,0,0,0,0
1967.5068,0,0,0,0
1967.5096,0,0,0,0
1967.5123,0,0,0,0
1967.5151,0,0,0,0
1967.5178,0,0,0,0
1967.5205,0,0,0,0
1967.5233,0,0,0,0
1967.526,0,0,0,0
1967.5288,0,0,0,0
1967.5315,0,0,0,0
1967.5342,0,0,0,0
1967.537,0,0,0,0
1967.5397,0,0,0,0
1967.5425,0,0,0,0
1967.5452,0,0,0,0
1967.5479,0,0,0,0
1967.5507,0,0,0,0
1967.5534,0,0,0,0
1967.5562,0,0,0,0
1967.5589,0,0,0,0
1967.5616,0,0,0,0
1967.5644,0,0,0,0
1967.5671,0,0,0,0
1967.5699,0,0,0,0
1967.5726,0,0,0,0
1967.5753,0,0,0,0
1967.5781,0,0,0,0
1967.5808,0,0,0,0
1967.5836,0,0,0,0
1967.5863,0,0,0,0
1967.589,0,0,0,0
1967.5918,0,0,0,0
1967.5945,0,0,0,0
1967.5973,0,0,0,0
1967.6,0,0,0,0
1967.6027,0,0,0,0
1967.6055,0,0,0,0
1967.6082,0,0,0,0
1967.611,0,0,0,0
1967.6137,0,0,0,0
1967.6164,0,0,0,0
1967.6192,0,0,0,0
1967.6219,0,0,0,0
1967.6247,0,0,0,0
1967.6274,0,0,0,0
1967.6301,0,0,0,0
1967.6329,0,0,0,0
1967.6356,0,0,0,0
1967.6384,0,0,0,0
1967.6411,0,0,0,0
1967.6438,0,0,0,0
1967.6466,0,0,0,0
1967.6493,0,0,0,0
1967.6521,0,0,0,0
1967.6548,0,0,0,0
1967.6575,0,0,0,0
1967.6603,0,0,0,0
1967.663,0,0,0,0
1967.6658,0,0,0,0
1967.6685,0,0,0,0
1967.6712,0,0,0,0
1967.674,0,0,0,0
1967.6767,0,0,0,0
1967.6795,0,0,0,0
1967.6822,0,0,0,0
1967.6849,0,0,0,0
1967.6877,0,0,0,0
1967.6904,0,0,0,0
1967.6932,0,0,0,0
1967.6959,0,0,0,0
1967.6986,0,0,0,0
1967.7014,0,0,0,0
1967.7041,0,0,0,0
1967.7068,0,0,0,0
1967.7096,0,0,0,0
1967.7123,0,0,0,0
1967.7151,0,0,0,0
1967.7178,0,0,0,0
1967.7205,0,0,0,0
1967.7233,0,0,0,0
1967.726,0,0,0,0
1967.7288,0,0,0,0
1967.7315,0,0,0,0
1967.7342,0,0,0,0
1967.737,0,0,0,0
1967.7397,0,0,0,0
1967.7425,0,0,0,0
1967.7452,0,0,0,0
1967.7479,0,0,0,0
1967.7507,0,0,0,0
1967.7534,0,0,0,0
1967.7562,0,0,0,0
1967.7589,0,0,0,0
1967.7616,0,0,0,0
1967.7644,0,0,0,0
1967.7671,0,0,0,0
1967.7699,0,0,0,0
1967.7726,0,0,0,0
1967.7753,0,0,0,0
1967.7781,0,0,0,0
1967.7808,0,0,0,0
1967.7836,0,0,0,0
1967.7863,0,0,0,0
1967.789,0,0,0,0
1967.7918,0,0,0,0
1967.7945,0,0,0,0
1967.7973,0,0,0,0
1967.8,0,0,0,0
1967.8027,0,0,0,0
1967.8055,0,0,0,0
1967.8082,0,0,0,0
1967.811,0,0,0,0
1967.8137,0,0,0,0
1967.8164,0,0,0,0
1967.8192,0,0,0,0
1967.8219,0,0,0,0
1967.8247,0,0,0,0
1967.8274,0,0,0,0
1967.8301,0,0,0,0
1967.8329,0,0,0,0
1967.8356,0,0,0,0
1967.8384,0,0,0,0
1967.8411,0,0,0,0
1967.8438,0,0,0,0
1967.8466,0,0,0,0
1967.8493,0,0,0,0
1967.8521,0,0,0,0
1967.8548,0,0,0,0
1967.8575,0,0,0,0
1967.8603,0,0,0,0
1967.863,0,0,0,0
1967.8658,0,0,0,0
1967.8685,0,0,0,0
1967.8712,0,0,0,0
1967.874,0,0,0,0
1967.8767,0,0,0,0
1967.8795,0,0,0,0
1967.8822,0,0,0,0
1967.8849,0,0,0,0
1967.8877,0,0,0,0
1967.8904,0,0,0,0
1967.8932,0,0,0,0
1967.8959,0,0,0,0
1967.8986,0,0,0,0
1967.9014,0,0,0,0
1967.9041,0,0,0,0
1967.9068,0,0,0,0
1967.9096,0,0,0,0
1967.9123,0,0,0,0
1967.9151,0,0,0,0
1967.9178,0,0,0,0
1967.9205,0,0,0,0
1967.9233,0,0,0,0
1967.926,0,0,0,0
1967.9288,0,0,0,0
1967.9315,0,0,0,0
1967.9342,0,0,0,0
1967.937,0,0,0,0
1967.9397,0,0,0,0
1967.9425,0,0,0,0
1967.9452,0,0,0,0
1967.9479,0,0,0,0
1967.9507,0,0,0,0
1967.9534,0,0,0,0
1967.9562,0,0,0,0
1967.9589,0,0,0,0
1967.9616,0,0,0,0
1967.9644,0,0,0,0
1967.9671,0,0,0,0
1967.9699,0,0,0,0
1967.9726,0,0,0,0
1967.9753,0,0,0,0
1967.9781,0,0,0,0
1967.9808,0,0,0,0
1967.9836,0,0,0,0
1967.9863,0,0,0,0
1967.989,0,0,0,0
1967.9918,0,0,0,0
1967.9945,0,0,0,0
1967.9973,0,0,0,0
1968,0,0,0,0
1968.0027,0,0,0,0
1968.0055,0,0,0,0
1968.0082,0,0,0,0
1968.011,0,0,0,0
1968.0137,0,0,0,0
1968.0164,0,0,0,0
1968.0192,0,0,0,0
1968.0219,0,0,0,0
1968.0247,0,0,0,0
1968.0274,0,0,0,0
1968.0301,0,0,0,0
1968.0329,0,0,0,0
1968.0356,0,0,0,0
1968.0384,0,0,0,0
1968.0411,0,0,0,0
1968.0438,0,0,0,0
1968.0466,0,0,0,0
1968.0493,0,0,0,0
1968.0521,0,0,0,0
1968.0548,0,0,0,0
1968.0575,0,0,0,0
1968.0603,0,0,0,0
1968.063,0,0,0,0
1968.0658,0,0,0,0
1968.0685,0,0,0,0
1968.0712,0,0,0,0
1968.074,0,0,0,0
1968.0767,0,0,0,0
1968.0795,0,0,0,0
1968.0822,0,0,0,0
1968.0849,0,0,0,0
1968.0877,0,0,0,0
1968.0904,0,0,0,0
1968.0932,0,0,0,0
1968.0959,0,0,0,0
1968.0986,0,0,0,0
1968.1014,0,0,0,0
1968.1041,0,0,0,0
1968.1068,0,0,0,0
1968.1096,0,0,0,0
1968.1123,0,0,0,0
1968.1151,0,0,0,0
1968.1178,0,0,0,0
1968.1205,0,0,0,0
1968.1233,0,0,0,0
1968.126,0,0,0,0
1968.1288,0,0,0,0
1968.1315,0,0,0,0
1968.1342,0,0,0,0
1968.137,0,0,0,0
1968.1397,0,0,0,0
1968.1425,0,0,0,0
1968.1452,0,0,0,0
1968.1479,0,0,0,0
1968.1507,0,0,0,0
1968.1534,0,0,0,0
1968.1562,0,0,0,0
1968.1589,0,0,0,0
1968.1616,0,0,0,0
1968.1644,0,0,0,0
1968.1671,0,0,0,0
1968.1699,0,0,0,0
1968.1726,0,0,0,0
1968.1753,0,0,0,0
1968.1781,0,0,0,0
1968.1808,0,0,0,0
1968.1836,0,0,0,0
1968.1863,0,0,0,0
1968.189,0,0,0,0
1968.1918,0,0,0,0
1968.1945,0,0,0,0
1968.1973,0,0,0,0
1968.2,0,0,0,0
1968.2027,0,0,0,0
1968.2055,0,0,0,0
1968.2082,0,0,0,0
1968.211,0,0,0,0
1968.2137,0,0,0,0
1968.2164,0,0,0,0
1968.2192,0,0,0,0
1968.2219,0,0,0,0
1968.2247,0,0,0,0
1968.2274,0,0,0,0
1968.2301,0,0,0,0
1968.2329,0,0,0,0
1968.2356,0,0,0,0
1968.2384,0,0,0,0
1968.2411,0,0,0,0
1968.2438,0,0,0,0
1968.2466,0,0,0,0
1968.2493,0,0,0,0
1968.2521,0,0,0,0
1968.2548,0,0,0,0
1968.2575,0,0,0,0
1968.2603,0,0,0,0
1968.263,0,0,0,0
1968.2658,0,0,0,0
1968.2685,0,0,0,0
1968.2712,0,0,0,0
1968.274,0,0,0,0
1968.2767,0,0,0,0
1968.2795,0,0,0,0
1968.2822,0,0,0,0
1968.2849,0,0,0,0
1968.2877,0,0,0,0
1968.2904,0,0,0,0
1968.2932,0,0,0,0
1968.2959,0,0,0,0
1968.2986,0,0,0,0
1968.3014,0,0,0,0
1968.3041,0,0,0,0
1968.3068,0,0,0,0
1968.3096,0,0,0,0
1968.3123,0,0,0,0
1968.3151,0,0,0,0
1968.3178,0,0,0,0
1968.3205,0,0,0,0
1968.3233,0,0,0,0
1968.326,0,0,0,0
1968.3288,0,0,0,0
1968.3315,0,0,0,0
1968.3342,0,0,0,0
1968.337,0,0,0,0
1968.3397,0,0,0,0
1968.3425,0,0,0,0
1968.3452,0,0,0,0
1968.3479,0,0,0,0
1968.3507,0,0,0,0
1968.3534,0,0,0,0
1968.3562,0,0,0,0
1968.3589,0,0,0,0
1968.3616,0,0,0,0
1968.3644,0,0,0,0
1968.3671,0,0,0,0
1968.3699,0,0,0,0
1968.3726,0,0,0,0
1968.3753,0,0,0,0
1968.3781,0,0,0,0
1968.3808,0,0,0,0
1968.3836,0,0,0,0
1968.3863,0,0,0,0
1968.389,0,0,0,0
1968.3918,0,0,0,0
1968.3945,0,0,0,0
1968.3973,0,0,0,0
1968.4,0,0,0,0
1968.4027,0,0,0,0
1968.4055,0,0,0,0
1968.4082,0,0,0,0
1968.411,0,0,0,0
1968.4137,0,0,0,0
1968.4164,0,0,0,0
1968.4192,0,0,0,0
1968.4219,0,0,0,0
1968.4247,0,0,0,0
1968.4274,0,0,0,0
1968.4301,0,0,0,0
1968.4329,0,0,0,0
1968.4356,0,0,0,0
1968.4384,0,0,0,0
1968.4411,0,0,0,0
1968.4438,0,0,0,0
1968.4466,0,0,0,0
1968.4493,0,0,0,0
1968.4521,0,0,0,0
1968.4548,0,0,0,0
1968.4575,0,0,0,0
1968.4603,0,0,0,0
1968.463,0,0,0,0
1968.4658,0,0,0,0
1968.4685,0,0,0,0
1968.4712,0,0,0,0
1968.474,0,0,0,0
1968.4767,0,0,0,0
1968.4795,0,0,0,0
1968.4822,0,0,0,0
1968.4849,0,0,0,0
1968.4877,0,0,0,0
1968.4904,0,0,0,0
1968.4932,0,0,0,0
1968.4959,0,0,0,0
1968.4986,0,0,0,0
1968.5014,0,0,0,0
1968.5041,0,0,0,0
1968.5068,0,0,0,0
1968.5096,0,0,0,0
1968.5123,0,0,0,0
1968.5151,0,0,0,0
1968.5178,0,0,0,0
1968.5205,0,0,0,0
1968.5233,0,0,0,0
1968.526,0,0,0,0
1968.5288,0,0,0,0
1968.5315,0,0,0,0
1968.5342,0,0,0,0
1968.537,0,0,0,0
1968.5397,0,0,0,0
1968.5425,0,0,0,0
1968.5452,0,0,0,0
1968.5479,0,0,0,0
1968.5507,0,0,0,0
1968.5534,0,0,0,0
1968.5562,0,0,0,0
1968.5589,0,0,0,0
1968.5616,0,0,0,0
1968.5644,0,0,0,0
1968.5671,0,0,0,0
1968.5699,0,0,0,0
1968.5726,0,0,0,0
1968.5753,0,0,0,0
1968.5781,0,0,0,0
1968.5808,0,0,0,0
1968.5836,0,0,0,0
1968.5863,0,0,0,0
1968.589,0,0,0,0
1968.5918,0,0,0,0
1968.5945,0,0,0,0
1968.5973,0,0,0,0
1968.6,0,0,0,0
1968.6027,0,0,0,0
1968.6055,0,0,0,0
1968.6082,0,0,0,0
1968.611,0,0,0,0
1968.6137,0,0,0,0
1968.6164,0,0,0,0
1968.6192,0,0,0,0
1968.6219,0,0,0,0
1968.6247,0,0,0,0
1968.6274,0,0,0,0
1968.6301,0,0,0,0
1968.6329,0,0,0,0
1968.6356,0,0,0,0
1968.6384,0,0,0,0
1968.6411,0,0,0,0
1968.6438,0,0,0,0
1968.6466,0,0,0,0
1968.6493,0,0,0,0
1968.6521,0,0,0,0
1968.6548,0,0,0,0
1968.6575,0,0,0,0
1968.6603,0,0,0,0
1968.663,0,0,0,0
1968.6658,0,0,0,0
1968.6685,0,0,0,0
1968.6712,0,0,0,0
1968.674,0,0,0,0
1968.6767,0,0,0,0
1968.6795,0,0,0,0
1968.6822,0,0,0,0
1968.6849,0,0,0,0
1968.6877,0,0,0,0
1968.6904,0,0,0,0
1968.6932,0,0,0,0
1968.6959,0,0,0,0
1968.6986,0,0,0,0
1968.7014,0,0,0,0
1968.7041,0,0,0,0
1968.7068,0,0,0,0
1968.7096,0,0,0,0
1968.7123,0,0,0,0
1968.7151,0,0,0,0
1968.7178,0,0,0,0
1968.7205,0,0,0,0
1968.7233,0,0,0,0
1968.726,0,0,0,0
1968.7288,0,0,0,0
1968.7315,0,0,0,0
1968.7342,0,0,0,0
1968.737,0,0,0,0
1968.7397,0,0,0,0
1968.7425,0,0,0,0
1968.7452,0,0,0,0
1968.7479,0,0,0,0
1968.7507,0,0,0,0
1968.7534,0,0,0,0
1968.7562,0,0,0,0
1968.7589,0,0,0,0
1968.7616,0,0,0,0
1968.7644,0,0,0,0
1968.7671,0,0,0,0
1968.7699,0,0,0,0
1968.7726,0,0,0,0
1968.7753,0,0,0,0
1968.7781,0,0,0,0
1968.7808,0,0,0,0
1968.7836,0,0,0,0
1968.7863,0,0,0,0
1968.789,0,0,0,0
1968.7918,0,0,0,0
1968.7945,0,0,0,0
1968.7973,0,0,0,0
1968.8,0,0,0,0
1968.8027,0,0,0,0
1968.8055,0,0,0,0
1968.8082,0,0,0,0
1968.811,0,0,0,0
1968.8137,0,0,0,0
1968.8164,0,0,0,0
1968.8192,0,0,0,0
1968.8219,0,0,0,0
1968.8247,0,0,0,0
1968.8274,0,0,0,0
1968.8301,0,0,0,0
1968.8329,0,0,0,0
1968.8356,0,0,0,0
1968.8384,0,0,0,0
1968.8411,0,0,0,0
1968.8438,0,0,0,0
1968.8466,0,0,0,0
1968.8493,0,0,0,0
1968.8521,0,0,0,0
1968.8548,0,0,0,0
1968.8575,0,0,0,0
1968.8603,0,0,0,0
1968.863,0,0,0,0
1968.8658,0,0,0,0
1968.8685,0,0,0,0
1968.8712,0,0,0,0
1968.874,0,0,0,0
1968.8767,0,0,0,0
1968.8795,0,0,0,0
1968.8822,0,0,0,0
1968.8849,0,0,0,0
1968.8877,0,0,0,0
1968.8904,0,0,0,0
1968.8932,0,0,0,0
1968.8959,0,0,0,0
1968.8986,0,0,0,0
1968.9014,0,0,0,0
1968.9041,0,0,0,0
1968.9068,0,0,0,0
1968.9096,0,0,0,0
1968.9123,0,0,0,0
1968.9151,0,0,0,0
1968.9178,0,0,0,0
1968.9205,0,0,0,0
1968.9233,0,0,0,0
1968.926,0,0,0,0
1968.9288,0,0,0,0
1968.9315,0,0,0,0
1968.9342,0,0,0,0
1968.937,0,0,0,0
1968.9397,0,0,0,0
1968.9425,0,0,0,0
1968.9452,0,0,0,0
1968.9479,0,0,0,0
1968.9507,0,0,0,0
1968.9534,0,0,0,0
1968.9562,0,0,0,0
1968.9589,0,0,0,0
1968.9616,0,0,0,0
1968.9644,0,0,0,0
1968.9671,0,0,0,0
1968.9699,0,0,0,0
1968.9726,0,0,0,0
1968.9753,0,0,0,0
1968.9781,0,0,0,0
1968.9808,0,0,0,0
1968.9836,0,0,0,0
1968.9863,0,0,0,0
1968.989,0,0,0,0
1968.9918,0,0,0,0
1968.9945,0,0,0,0
1968.9973,0,0,0,0
1969,0,0,0,0
1969,0,0,0,0
1969.0027,0,0,0,0
1969.0055,0,0,0,0
1969.0082,0,0,0,0
1969.011,0,0,0,0
1969.0137,0,0,0,0
1969.0164,0,0,0,0
1969.0192,0,0,0,0
1969.0219,0,0,0,0
1969.0247,0,0,0,0
1969.0274,0,0,0,0
1969.0301,0,0,0,0
1969.0329,0,0,0,0
1969.0356,0,0,0,0
1969.0384,0,0,0,0
1969.0411,0,0,0,0
1969.0438,0,0,0,0
1969.0466,0,0,0,0
1969.0493,0,0,0,0
1969.0521,0,0,0,0
1969.0548,0,0,0,0
1969.0575,0,0,0,0
1969.0603,0,0,0,0
1969.063,0,0,0,0
1969.0658,0,0,0,0
1969.0685,0,0,0,0
1969.0712,0,0,0,0
1969.074,0,0,0,0
1969.0767,0,0,0,0
1969.0795,0,0,0,0
1969.0822,0,0,0,0
1969.0849,0,0,0,0
1969.0877,0,0,0,0
1969.0904,0,0,0,0
1969.0932,0,0,0,0
1969.0959,0,0,0,0
1969.0986,0,0,0,0
1969.1014,0,0,0,0
1969.1041,0,0,0,0
1969.1068,0,0,0,0
1969.1096,0,0,0,0
1969.1123,0,0,0,0
1969.1151,0,0,0,0
1969.1178,0,0,0,0
1969.1205,0,0,0,0
1969.1233,0,0,0,0
1969.126,0,0,0,0
1969.1288,0,0,0,0
1969.1315,0,0,0,0
1969.1342,0,0,0,0
1969.137,0,0,0,0
1969.1397,0,0,0,0
1969.1425,0,0,0,0
1969.1452,0,0,0,0
1969.1479,0,0,0,0
1969.1507,0,0,0,0
1969.1534,0,0,0,0
1969.1562,0,0,0,0
1969.1589,0,0,0,0
1969.1616,0,0,0,0
1969.1644,0,0,0,0
1969.1671,0,0,0,0
1969.1699,0,0,0,0
1969.1726,0,0,0,0
1969.1753,0,0,0,0
1969.1781,0,0,0,0
1969.1808,0,0,0,0
1969.1836,0,0,0,0
1969.1863,0,0,0,0
1969.189,0,0,0,0
1969.1918,0,0,0,0
1969.1945,0,0,0,0
1969.1973,0,0,0,0
1969.2,0,0,0,0
1969.2027,0,0,0,0
1969.2055,0,0,0,0
1969.2082,0,0,0,0
1969.211,0,0,0,0
1969.2137,0,0,0,0
1969.2164,0,0,0,0
1969.2192,0,0,0,0
1969.2219,0,0,0,0
1969.2247,0,0,0,0
1969.2274,0,0,0,0
1969.2301,0,0,0,0
1969.2329,0,0,0,0
1969.2356,0,0,0,0
1969.2384,0,0,0,0
1969.2411,0,0,0,0
1969.2438,0,0,0,0
1969.2466,0,0,0,0
1969.2493,0,0,0,0
1969.2521,0,0,0,0
1969.2548,0,0,0,0
1969.2575,0,0,0,0
1969.2603,0,0,0,0
1969.263,0,0,0,0
1969.2658,0,0,0,0
1969.2685,0,0,0,0
1969.2712,0,0,0,0
1969.274,0,0,0,0
1969.2767,0,0,0,0
1969.2795,0,0,0,0
1969.2822,0,0,0,0
1969.2849,0,0,0,0
1969.2877,0,0,0,0
1969.2904,0,0,0,0
1969.2932,0,0,0,0
1969.2959,0,0,0,0
1969.2986,0,0,0,0
1969.3014,0,0,0,0
1969.3041,0,0,0,0
1969.3068,0,0,0,0
1969.3096,0,0,0,0
1969.3123,0,0,0,0
1969.3151,0,0,0,0
1969.3178,0,0,0,0
1969.3205,0,0,0,0
1969.3233,0,0,0,0
1969.326,0,0,0,0
1969.3288,0,0,0,0
1969.3315,0,0,0,0
1969.3342,0,0,0,0
1969.337,0,0,0,0
1969.3397,0,0,0,0
1969.3425,0,0,0,0
1969.3452,0,0,0,0
1969.3479,0,0,0,0
1969.3507,0,0,0,0
1969.3534,0,0,0,0
1969.3562,0,0,0,0
1969.3589,0,0,0,0
1969.3616,0,0,0,0
1969.3644,0,0,0,0
1969.3671,0,0,0,0
1969.3699,0,0,0,0
1969.3726,0,0,0,0
1969.3753,0,0,0,0
1969.3781,0,0,0,0
1969.3808,0,0,0,0
1969.3836,0,0,0,0
1969.3863,0,0,0,0
1969.389,0,0,0,0
1969.3918,0,0,0,0
1969.3945,0,0,0,0
1969.3973,0,0,0,0
1969.4,0,0,0,0
1969.4027,0,0,0,0
1969.4055,0,0,0,0
1969.4082,0,0,0,0
1969.411,0,0,0,0
1969.4137,0,0,0,0
1969.4164,0,0,0,0
1969.4192,0,0,0,0
1969.4219,0,0,0,0
1969.4247,0,0,0,0
1969.4274,0,0,0,0
1969.4301,0,0,0,0
1969.4329,0,0,0,0
1969.4356,0,0,0,0
1969.4384,0,0,0,0
1969.4411,0,0,0,0
1969.4438,0,0,0,0
1969.4466,0,0,0,0
1969.4493,0,0,0,0
1969.4521,0,0,0,0
1969.4548,0,0,0,0
1969.4575,0,0,0,0
1969.4603,0,0,0,0
1969.463,0,0,0,0
1969.4658,0,0,0,0
1969.4685,0,0,0,0
1969.4712,0,0,0,0
1969.474,0,0,0,0
1969.4767,0,0,0,0
1969.4795,0,0,0,0
1969.4822,0,0,0,0
1969.4849,0,0,0,0
1969.4877,0,0,0,0
1969.4904,0,0,0,0
1969.4932,0,0,0,0
1969.4959,0,0,0,0
1969.4986,0,0,0,0
1969.5014,0,0,0,0
1969.5041,0,0,0,0
1969.5068,0,0,0,0
1969.5096,0,0,0,0
1969.5123,0,0,0,0
1969.5151,0,0,0,0
1969.5178,0,0,0,0
1969.5205,0,0,0,0
1969.5233,0,0,0,0
1969.526,0,0,0,0
1969.5288,0,0,0,0
1969.5315,0,0,0,0
1969.5342,0,0,0,0
1969.537,0,0,0,0
1969.5397,0,0,0,0
1969.5425,0,0,0,0
1969.5452,0,0,0,0
1969.5479,0,0,0,0
1969.5507,0,0,0,0
1969.5534,0,0,0,0
1969.5562,0,0,0,0
1969.5589,0,0,0,0
1969.5616,0,0,0,0
1969.5644,0,0,0,0
1969.5671,0,0,0,0
1969.5699,0,0,0,0
1969.5726,0,0,0,0
1969.5753,0,0,0,0
1969.5781,0,0,0,0
1969.5808,0,0,0,0
1969.5836,0,0,0,0
1969.5863,0,0,0,0
1969.589,0,0,0,0
1969.5918,0,0,0,0
1969.5945,0,0,0,0
1969.5973,0,0,0,0
1969.6,0,0,0,0
1969.6027,0,0,0,0
1969.6055,0,0,0,0
1969.6082,0,0,0,0
1969.611,0,0,0,0
1969.6137,0,0,0,0
1969.6164,0,0,0,0
1969.6192,0,0,0,0
1969.6219,0,0,0,0
1969.6247,0,0,0,0
1969.6274,0,0,0,0
1969.6301,0,0,0,0
1969.6329,0,0,0,0
1969.6356,0,0,0,0
1969.6384,0,0,0,0
1969.6411,0,0,0,0
1969.6438,0,0,0,0
1969.6466,0,0,0,0
1969.6493,0,0,0,0
1969.6521,0,0,0,0
1969.6548,0,0,0,0
1969.6575,0,0,0,0
1969.6603,0,0,0,0
1969.663,0,0,0,0
1969.6658,0,0,0,0
1969.6685,0,0,0,0
1969.6712,0,0,0,0
1969.674,0,0,0,0
1969.6767,0,0,0,0
1969.6795,0,0,0,0
1969.6822,0,0,0,0
1969.6849,0,0,0,0
1969.6877,0,0,0,0
1969.6904,0,0,0,0
1969.6932,0,0,0,0
1969.6959,0,0,0,0
1969.6986,0,0,0,0
1969.7014,0,0,0,0
1969.7041,0,0,0,0
1969.7068,0,0,0,0
1969.7096,0,0,0,0
1969.7123,0,0,0,0
1969.7151,0,0,0,0
1969.7178,0,0,0,0
1969.7205,0,0,0,0
1969.7233,0,0,0,0
1969.726,0,0,0,0
1969.7288,0,0,0,0
1969.7315,0,0,0,0
1969.7342,0,0,0,0
1969.737,0,0,0,0
1969.7397,0,0,0,0
1969.7425,0,0,0,0
1969.7452,0,0,0,0
1969.7479,0,0,0,0
1969.7507,0,0,0,0
1969.7534,0,0,0,0
1969.7562,0,0,0,0
1969.7589,0,0,0,0
1969.7616,0,0,0,0
1969.7644,0,0,0,0
1969.7671,0,0,0,0
1969.7699,0,0,0,0
1969.7726,0,0,0,0
1969.7753,0,0,0,0
1969.7781,0,0,0,0
1969.7808,0,0,0,0
1969.7836,0,0,0,0
1969.7863,0,0,0,0
1969.789,0,0,0,0
1969.7918,0,0,0,0
1969.7945,0,0,0,0
1969.7973,0,0,0,0
1969.8,0,0,0,0
1969.8027,0,0,0,0
1969.8055,0,0,0,0
1969.8082,0,0,0,0
1969.811,0,0,0,0
1969.8137,0,0,0,0
1969.8164,0,0,0,0
1969.8192,0,0,0,0
1969.8219,0,0,0,0
1969.8247,0,0,0,0
1969.8274,0,0,0,0
1969.8301,0,0,0,0
1969.8329,0,0,0,0
1969.8356,0,0,0,0
1969.8384,0,0,0,0
1969.8411,0,0,0,0
1969.8438,0,0,0,0
1969.8466,0,0,0,0
1969.8493,0,0,0,0
1969.8521,0,0,0,0
1969.8548,0,0,0,0
1969.8575,0,0,0,0
1969.8603,0,0,0,0
1969.863,0,0,0,0
1969.8658,0,0,0,0
1969.8685,0,0,0,0
1969.8712,0,0,0,0
1969.874,0,0,0,0
1969.8767,0,0,0,0
1969.8795,0,0,0,0
1969.8822,0,0,0,0
1969.8849,0,0,0,0
1969.8877,0,0,0,0
1969.8904,0,0,0,0
1969.8932,0,0,0,0
1969.8959,0,0,0,0
1969.8986,0,0,0,0
1969.9014,0,0,0,0
1969.9041,0,0,0,0
1969.9068,0,0,0,0
1969.9096,0,0,0,0
1969.9123,0,0,0,0
1969.9151,0,0,0,0
1969.9178,0,0,0,0
1969.9205,0,0,0,0
1969.9233,0,0,0,0
1969.926,0,0,0,0
1969.9288,0,0,0,0
1969.9315,0,0,0,0
1969.9342,0,0,0,0
1969.937,0,0,0,0
1969.9397,0,0,0,0
1969.9425,0,0,0,0
1969.9452,0,0,0,0
1969.9479,0,0,0,0
1969.9507,0,0,0,0
1969.9534,0,0,0,0
1969.9562,0,0,0,0
1969.9589,0,0,0,0
1969.9616,0,0,0,0
1969.9644,0,0,0,0
1969.9671,0,0,0,0
1969.9699,0,0,0,0
1969.9726,0,0,0,0
1969.9753,0,0,0,0
1969.9781,0,0,0,0
1969.9808,0,0,0,0
1969.9836,0,0,0,0
1969.9863,0,0,0,0
1969.989,0,0,0,0
1969.9918,0,0,0,0
1969.9945,0,0,0,0
1969.9973,0,0,0,0
1970,0,0,0,0
1970.0027,0,0,0,0
1970.0055,0,0,0,0
1970.0082,0,0,0,0
1970.011,0,0,0,0
1970.0137,0,0,0,0
1970.0164,0,0,0,0
1970.0192,0,0,0,0
1970.0219,0,0,0,0
1970.0247,0,0,0,0
1970.0274,0,0,0,0
1970.0301,0,0,0,0
1970.0329,0,0,0,0
1970.0356,0,0,0,0
1970.0384,0,0,0,0
1970.0411,0,0,0,0
1970.0438,0,0,0,0
1970.0466,0,0,0,0
1970.0493,0,0,0,0
1970.0521,0,0,0,0
1970.0548,0,0,0,0
1970.0575,0,0,0,0
1970.0603,0,0,0,0
1970.063,0,0,0,0
1970.0658,0,0,0,0
1970.0685,0,0,0,0
1970.0712,0,0,0,0
1970.074,0,0,0,0
1970.0767,0,0,0,0
1970.0795,0,0,0,0
1970.0822,0,0,0,0
1970.0849,0,0,0,0
1970.0877,0,0,0,0
1970.0904,0,0,0,0
1970.0932,0,0,0,0
1970.0959,0,0,0,0
1970.0986,0,0,0,0
1970.1014,0,0,0,0
1970.1041,0,0,0,0
1970.1068,0,0,0,0
1970.1096,0,0,0,0
1970.1123,0,0,0,0
1970.1151,0,0,0,0
1970.1178,0,0,0,0
1970.1205,0,0,0,0
1970.1233,0,0,0,0
1970.126,0,0,0,0
1970.1288,0,0,0,0
1970.1315,0,0,0,0
1970.1342,0,0,0,0
1970.137,0,0,0,0
1970.1397,0,0,0,0
1970.1425,0,0,0,0
1970.1452,0,0,0,0
1970.1479,0,0,0,0
1970.1507,0,0,0,0
1970.1534,0,0,0,0
1970.1562,0,0,0,0
1970.1589,0,0,0,0
1970.1616,0,0,0,0
1970.1644,0,0,0,0
1970.1671,0,0,0,0
1970.1699,0,0,0,0
1970.1726,0,0,0,0
1970.1753,0,0,0,0
1970.1781,0,0,0,0
1970.1808,0,0,0,0
1970.1836,0,0,0,0
1970.1863,0,0,0,0
1970.189,0,0,0,0
1970.1918,0,0,0,0
1970.1945,0,0,0,0
1970.1973,0,0,0,0
1970.2,0,0,0,0
1970.2027,0,0,0,0
1970.2055,0,0,0,0
1970.2082,0,0,0,0
1970.211,0,0,0,0
1970.2137,0,0,0,0
1970.2164,0,0,0,0
1970.2192,0,0,0,0
1970.2219,0,0,0,0
1970.2247,0,0,0,0
1970.2274,0,0,0,0
1970.2301,0,0,0,0
1970.2329,0,0,0,0
1970.2356,0,0,0,0
1970.2384,0,0,0,0
1970.2411,0,0,0,0
1970.2438,0,0,0,0
1970.2466,0,0,0,0
1970.2493,0,0,0,0
1970.2521,0,0,0,0
1970.2548,0,0,0,0
1970.2575,0,0,0,0
1970.2603,0,0,0,0
1970.263,0,0,0,0
1970.2658,0,0,0,0
1970.2685,0,0,0,0
1970.2712,0,0,0,0
1970.274,0,0,0,0
1970.2767,0,0,0,0
1970.2795,0,0,0,0
1970.2822,0,0,0,0
1970.2849,0,0,0,0
1970.2877,0,0,0,0
1970.2904,0,0,0,0
1970.2932,0,0,0,0
1970.2959,0,0,0,0
1970.2986,0,0,0,0
1970.3014,0,0,0,0
1970.3041,0,0,0,0
1970.3068,0,0,0,0
1970.3096,0,0,0,0
1970.3123,0,0,0,0
1970.3151,0,0,0,0
1970.3178,0,0,0,0
1970.3205,0,0,0,0
1970.3233,0,0,0,0
1970.326,0,0,0,0
1970.3288,0,0,0,0
1970.3315,0,0,0,0
1970.3342,0,0,0,0
1970.337,0,0,0,0
1970.3397,0,0,0,0
1970.3425,0,0,0,0
1970.3452,0,0,0,0
1970.3479,0,0,0,0
1970.3507,0,0,0,0
1970.3534,0,0,0,0
1970.3562,0,0,0,0
1970.3589,0,0,0,0
1970.3616,0,0,0,0
1970.3644,0,0,0,0
1970.3671,0,0,0,0
1970.3699,0,0,0,0
1970.3726,0,0,0,0
1970.3753,0,0,0,0
1970.3781,0,0,0,0
1970.3808,0,0,0,0
1970.3836,0,0,0,0
1970.3863,0,0,0,0
1970.389,0,0,0,0
1970.3918,0,0,0,0
1970.3945,0,0,0,0
1970.3973,0,0,0,0
1970.4,0,0,0,0
1970.4027,0,0,0,0
1970.4055,0,0,0,0
1970.4082,0,0,0,0
1970.411,0,0,0,0
1970.4137,0,0,0,0
1970.4164,0,0,0,0
1970.4192,0,0,0,0
1970.4219,0,0,0,0
1970.4247,0,0,0,0
1970.4274,0,0,0,0
1970.4301,0,0,0,0
1970.4329,0,0,0,0
1970.4356,0,0,0,0
1970.4384,0,0,0,0
1970.4411,0,0,0,0
1970.4438,0,0,0,0
1970.4466,0,0,0,0
1970.4493,0,0,0,0
1970.4521,0,0,0,0
1970.4548,0,0,0,0
1970.4575,0,0,0,0
1970.4603,0,0,0,0
1970.463,0,0,0,0
1970.4658,0,0,0,0
1970.4685,0,0,0,0
1970.4712,0,0,0,0
1970.474,0,0,0,0
1970.4767,0,0,0,0
1970.4795,0,0,0,0
1970.4822,0,0,0,0
1970.4849,0,0,0,0
1970.4877,0,0,0,0
1970.4904,0,0,0,0
1970.4932,0,0,0,0
1970.4959,0,0,0,0
1970.4986,0,0,0,0
1970.5014,0,0,0,0
1970.5041,0,0,0,0
1970.5068,0,0,0,0
1970.5096,0,0,0,0
1970.5123,0,0,0,0
1970.5151,0,0,0,0
1970.5178,0,0,0,0
1970.5205,0,0,0,0
1970.5233,0,0,0,0
1970.526,0,0,0,0
1970.5288,0,0,0,0
1970.5315,0,0,0,0
1970.5342,0,0,0,0
1970.537,0,0,0,0
1970.5397,0,0,0,0
1970.5425,0,0,0,0
1970.5452,0,0,0,0
1970.5479,0,0,0,0
1970.5507,0,0,0,0
1970.5534,0,0,0,0
1970.5562,0,0,0,0
1970.5589,0,0,0,0
1970.5616,0,0,0,0
1970.5644,0,0,0,0
1970.5671,0,0,0,0
1970.5699,0,0,0,0
1970.5726,0,0,0,0
1970.5753,0,0,0,0
1970.5781,0,0,0,0
1970.5808,0,0,0,0
1970.5836,0,0,0,0
1970.5863,0,0,0,0
1970.589,0,0,0,0
1970.5918,0,0,0,0
1970.5945,0,0,0,0
1970.5973,0,0,0,0
1970.6,0,0,0,0
1970.6027,0,0,0,0
1970.6055,0,0,0,0
1970.6082,0,0,0,0
1970.611,0,0,0,0
1970.6137,0,0,0,0
1970.6164,0,0,0,0
1970.6192,0,0,0,0
1970.6219,0,0,0,0
1970.6247,0,0,0,0
1970.6274,0,0,0,0
1970.6301,0,0,0,0
1970.6329,0,0,0,0
1970.6356,0,0,0,0
1970.6384,0,0,0,0
1970.6411,0,0,0,0
1970.6438,0,0,0,0
1970.6466,0,0,0,0
1970.6493,0,0,0,0
1970.6521,0,0,0,0
1970.6548,0,0,0,0
1970.6575,0,0,0,0
1970.6603,0,0,0,0
1970.663,0,0,0,0
1970.6658,0,0,0,0
1970.6685,0,0,0,0
1970.6712,0,0,0,0
1970.674,0,0,0,0
1970.6767,0,0,0,0
1970.6795,0,0,0,0
1970.6822,0,0,0,0
1970.6849,0,0,0,0
1970.6877,0,0,0,0
1970.6904,0,0,0,0
1970.6932,0,0,0,0
1970.6959,0,0,0,0
1970.6986,0,0,0,0
1970.7014,0,0,0,0
1970.7041,0,0,0,0
1970.7068,0,0,0,0
1970.7096,0,0,0,0
1970.7123,0,0,0,0
1970.7151,0,0,0,0
1970.7178,0,0,0,0
1970.7205,0,0,0,0
1970.7233,0,0,0,0
1970.726,0,0,0,0
1970.7288,0,0,0,0
1970.7315,0,0,0,0
1970.7342,0,0,0,0
1970.737,0,0,0,0
1970.7397,0,0,0,0
1970.7425,0,0,0,0
1970.7452,0,0,0,0
1970.7479,0,0,0,0
1970.7507,0,0,0,0
1970.7534,0,0,0,0
1970.7562,0,0,0,0
1970.7589,0,0,0,0
1970.7616,0,0,0,0
1970.7644,0,0,0,0
1970.7671,0,0,0,0
1970.7699,0,0,0,0
1970.7726,0,0,0,0
1970.7753,0,0,0,0
1970.7781,0,0,0,0
1970.7808,0,0,0,0
1970.7836,0,0,0,0
1970.7863,0,0,0,0
1970.789,0,0,0,0
1970.7918,0,0,0,0
1970.7945,0,0,0,0
1970.7973,0,0,0,0
1970.8,0,0,0,0
1970.8027,0,0,0,0
1970.8055,0,0,0,0
1970.8082,0,0,0,0
1970.811,0,0,0,0
1970.8137,0,0,0,0
1970.8164,0,0,0,0
1970.8192,0,0,0,0
1970.8219,0,0,0,0
1970.8247,0,0,0,0
1970.8274,0,0,0,0
1970.8301,0,0,0,0
1970.8329,0,0,0,0
1970.8356,0,0,0,0
1970.8384,0,0,0,0
1970.8411,0,0,0,0
1970.8438,0,0,0,0
1970.8466,0,0,0,0
1970.8493,0,0,0,0
1970.8521,0,0,0,0
1970.8548,0,0,0,0
1970.8575,0,0,0,0
1970.8603,0,0,0,0
1970.863,0,0,0,0
1970.8658,0,0,0,0
1970.8685,0,0,0,0
1970.8712,0,0,0,0
1970.874,0,0,0,0
1970.8767,0,0,0,0
1970.8795,0,0,0,0
1970.8822,0,0,0,0
1970.8849,0,0,0,0
1970.8877,0,0,0,0
1970.8904,0,0,0,0
1970.8932,0,0,0,0
1970.8959,0,0,0,0
1970.8986,0,0,0,0
1970.9014,0,0,0,0
1970.9041,0,0,0,0
1970.9068,0,0,0,0
1970.9096,0,0,0,0
1970.9123,0,0,0,0
1970.9151,0,0,0,0
1970.9178,0,0,0,0
1970.9205,0,0,0,0
1970.9233,0,0,0,0
1970.926,0,0,0,0
1970.9288,0,0,0,0
1970.9315,0,0,0,0
1970.9342,0,0,0,0
1970.937,0,0,0,0
1970.9397,0,0,0,0
1970.9425,0,0,0,0
1970.9452,0,0,0,0
1970.9479,0,0,0,0
1970.9507,0,0,0,0
1970.9534,0,0,0,0
1970.9562,0,0,0,0
1970.9589,0,0,0,0
1970.9616,0,0,0,0
1970.9644,0,0,0,0
1970.9671,0,0,0,0
1970.9699,0,0,0,0
1970.9726,0,0,0,0
1970.9753,0,0,0,0
1970.9781,0,0,0,0
1970.9808,0,0,0,0
1970.9836,0,0,0,0
1970.9863,0,0,0,0
1970.989,0,0,0,0
1970.9918,0,0,0,0
1970.9945,0,0,0,0
1970.9973,0,0,0,0
1971,0,0,0,0
1971.0027,0,0,0,0
1971.0055,0,0,0,0
1971.0082,0,0,0,0
1971.011,0,0,0,0
1971.0137,0,0,0,0
1971.0164,0,0,0,0
1971.0192,0,0,0,0
1971.0219,0,0,0,0
1971.0247,0,0,0,0
1971.0274,0,0,0,0
1971.0301,0,0,0,0
1971.0329,0,0,0,0
1971.0356,0,0,0,0
1971.0384,0,0,0,0
1971.0411,0,0,0,0
1971.0438,0,0,0,0
1971.0466,0,0,0,0
1971.0493,0,0,0,0
1971.0521,0,0,0,0
1971.0548,0,0,0,0
1971.0575,0,0,0,0
1971.0603,0,0,0,0
1971.063,0,0,0,0
1971.0658,0,0,0,0
1971.0685,0,0,0,0
1971.0712,0,0,0,0
1971.074,0,0,0,0
1971.0767,0,0,0,0
1971.0795,0,0,0,0
1971.0822,0,0,0,0
1971.0849,0,0,0,0
1971.0877,0,0,0,0
1971.0904,0,0,0,0
1971.0932,0,0,0,0
1971.0959,0,0,0,0
1971.0986,0,0,0,0
1971.1014,0,0,0,0
1971.1041,0,0,0,0
1971.1068,0,0,0,0
1971.1096,0,0,0,0
1971.1123,0,0,0,0
1971.1151,0,0,0,0
1971.1178,0,0,0,0
1971.1205,0,0,0,0
1971.1233,0,0,0,0
1971.126,0,0,0,0
1971.1288,0,0,0,0
1971.1315,0,0,0,0
1971.1342,0,0,0,0
1971.137,0,0,0,0
1971.1397,0,0,0,0
1971.1425,0,0,0,0
1971.1452,0,0,0,0
1971.1479,0,0,0,0
1971.1507,0,0,0,0
1971.1534,0,0,0,0
1971.1562,0,0,0,0
1971.1589,0,0,0,0
1971.1616,0,0,0,0
1971.1644,0,0,0,0
1971.1671,0,0,0,0
1971.1699,0,0,0,0
1971.1726,0,0,0,0
1971.1753,0,0,0,0
1971.1781,0,0,0,0
1971.1808,0,0,0,0
1971.1836,0,0,0,0
1971.1863,0,0,0,0
1971.189,0,0,0,0
1971.1918,0,0,0,0
1971.1945,0,0,0,0
1971.1973,0,0,0,0
1971.2,0,0,0,0
1971.2027,0,0,0,0
1971.2055,0,0,0,0
1971.2082,0,0,0,0
1971.211,0,0,0,0
1971.2137,0,0,0,0
1971.2164,0,0,0,0
1971.2192,0,0,0,0
1971.2219,0,0,0,0
1971.2247,0,0,0,0
1971.2274,0,0,0,0
1971.2301,0,0,0,0
1971.2329,0,0,0,0
1971.2356,0,0,0,0
1971.2384,0,0,0,0
1971.2411,0,0,0,0
1971.2438,0,0,0,0
1971.2466,0,0,0,0
1971.2493,0,0,0,0
1971.2521,0,0,0,0
1971.2548,0,0,0,0
1971.2575,0,0,0,0
1971.2603,0,0,0,0
1971.263,0,0,0,0
1971.2658,0,0,0,0
1971.2685,0,0,0,0
1971.2712,0,0,0,0
1971.274,0,0,0,0
1971.2767,0,0,0,0
1971.2795,0,0,0,0
1971.2822,0,0,0,0
1971.2849,0,0,0,0
1971.2877,0,0,0,0
1971.2904,0,0,0,0
1971.2932,0,0,0,0
1971.2959,0,0,0,0
1971.2986,0,0,0,0
1971.3014,0,0,0,0
1971.3041,0,0,0,0
1971.3068,0,0,0,0
1971.3096,0,0,0,0
1971.3123,0,0,0,0
1971.3151,0,0,0,0
1971.3178,0,0,0,0
1971.3205,0,0,0,0
1971.3233,0,0,0,0
1971.326,0,0,0,0
1971.3288,0,0,0,0
1971.3315,0,0,0,0
1971.3342,0,0,0,0
1971.337,0,0,0,0
1971.3397,0,0,0,0
1971.3425,0,0,0,0
1971.3452,0,0,0,0
1971.3479,0,0,0,0
1971.3507,0,0,0,0
1971.3534,0,0,0,0
1971.3562,0,0,0,0
1971.3589,0,0,0,0
1971.3616,0,0,0,0
1971.3644,0,0,0,0
1971.3671,0,0,0,0
1971.3699,0,0,0,0
1971.3726,0,0,0,0
1971.3753,0,0,0,0
1971.3781,0,0,0,0
1971.3808,0,0,0,0
1971.3836,0,0,0,0
1971.3863,0,0,0,0
1971.389,0,0,0,0
1971.3918,0,0,0,0
1971.3945,0,0,0,0
1971.3973,0,0,0,0
1971.4,0,0,0,0
1971.4027,0,0,0,0
1971.4055,0,0,0,0
1971.4082,0,0,0,0
1971.411,0,0,0,0
1971.4137,0,0,0,0
1971.4164,0,0,0,0
1971.4192,0,0,0,0
1971.4219,0,0,0,0
1971.4247,0,0,0,0
1971.4274,0,0,0,0
1971.4301,0,0,0,0
1971.4329,0,0,0,0
1971.4356,0,0,0,0
1971.4384,0,0,0,0
1971.4411,0,0,0,0
1971.4438,0,0,0,0
1971.4466,0,0,0,0
1971.4493,0,0,0,0
1971.4521,0,0,0,0
1971.4548,0,0,0,0
1971.4575,0,0,0,0
1971.4603,0,0,0,0
1971.463,0,0,0,0
1971.4658,0,0,0,0
1971.4685,0,0,0,0
1971.4712,0,0,0,0
1971.474,0,0,0,0
1971.4767,0,0,0,0
1971.4795,0,0,0,0
1971.4822,0,0,0,0
1971.4849,0,0,0,0
1971.4877,0,0,0,0
1971.4904,0,0,0,0
1971.4932,0,0,0,0
1971.4959,0,0,0,0
1971.4986,0,0,0,0
1971.5014,0,0,0,0
1971.5041,0,0,0,0
1971.5068,0,0,0,0
1971.5096,0,0,0,0
1971.5123,0,0,0,0
1971.5151,0,0,0,0
1971.5178,0,0,0,0
1971.5205,0,0,0,0
1971.5233,0,0,0,0
1971.526,0,0,0,0
1971.5288,0,0,0,0
1971.5315,0,0,0,0
1971.5342,0,0,0,0
1971.537,0,0,0,0
1971.5397,0,0,0,0
1971.5425,0,0,0,0
1971.5452,0,0,0,0
1971.5479,0,0,0,0
1971.5507,0,0,0,0
1971.5534,0,0,0,0
1971.5562,0,0,0,0
1971.5589,0,0,0,0
1971.5616,0,0,0,0
1971.5644,0,0,0,0
1971.5671,0,0,0,0
1971.5699,0,0,0,0
1971.5726,0,0,0,0
1971.5753,0,0,0,0
1971.5781,0,0,0,0
1971.5808,0,0,0,0
1971.5836,0,0,0,0
1971.5863,0,0,0,0
1971.589,0,0,0,0
1971.5918,0,0,0,0
1971.5945,0,0,0,0
1971.5973,0,0,0,0
1971.6,0,0,0,0
1971.6027,0,0,0,0
1971.6055,0,0,0,0
1971.6082,0,0,0,0
1971.611,0,0,0,0
1971.6137,0,0,0,0
1971.6164,0,0,0,0
1971.6192,0,0,0,0
1971.6219,0,0,0,0
1971.6247,0,0,0,0
1971.6274,0,0,0,0
1971.6301,0,0,0,0
1971.6329,0,0,0,0
1971.6356,0,0,0,0
1971.6384,0,0,0,0
1971.6411,0,0,0,0
1971.6438,0,0,0,0
1971.6466,0,0,0,0
1971.6493,0,0,0,0
1971.6521,0,0,0,0
1971.6548,0,0,0,0
1971.6575,0,0,0,0
1971.6603,0,0,0,0
1971.663,0,0,0,0
1971.6658,0,0,0,0
1971.6685,0,0,0,0
1971.6712,0,0,0,0
1971.674,0,0,0,0
1971.6767,0,0,0,0
1971.6795,0,0,0,0
1971.6822,0,0,0,0
1971.6849,0,0,0,0
1971.6877,0,0,0,0
1971.6904,0,0,0,0
1971.6932,0,0,0,0
1971.6959,0,0,0,0
1971.6986,0,0,0,0
1971.7014,0,0,0,0
1971.7041,0,0,0,0
1971.7068,0,0,0,0
1971.7096,0,0,0,0
1971.7123,0,0,0,0
1971.7151,0,0,0,0
1971.7178,0,0,0,0
1971.7205,0,0,0,0
1971.7233,0,0,0,0
1971.726,0,0,0,0
1971.7288,0,0,0,0
1971.7315,0,0,0,0
1971.7342,0,0,0,0
1971.737,0,0,0,0
1971.7397,0,0,0,0
1971.7425,0,0,0,0
1971.7452,0,0,0,0
1971.7479,0,0,0,0
1971.7507,0,0,0,0
1971.7534,0,0,0,0
1971.7562,0,0,0,0
1971.7589,0,0,0,0
1971.7616,0,0,0,0
1971.7644,0,0,0,0
1971.7671,0,0,0,0
1971.7699,0,0,0,0
1971.7726,0,0,0,0
1971.7753,0,0,0,0
1971.7781,0,0,0,0
1971.7808,0,0,0,0
1971.7836,0,0,0,0
1971.7863,0,0,0,0
1971.789,0,0,0,0
1971.7918,0,0,0,0
1971.7945,0,0,0,0
1971.7973,0,0,0,0
1971.8,0,0,0,0
1971.8027,0,0,0,0
1971.8055,0,0,0,0
1971.8082,0,0,0,0
1971.811,0,0,0,0
1971.8137,0,0,0,0
1971.8164,0,0,0,0
1971.8192,0,0,0,0
1971.8219,0,0,0,0
1971.8247,0,0,0,0
1971.8274,0,0,0,0
1971.8301,0,0,0,0
1971.8329,0,0,0,0
1971.8356,0,0,0,0
1971.8384,0,0,0,0
1971.8411,0,0,0,0
1971.8438,0,0,0,0
1971.8466,0,0,0,0
1971.8493,0,0,0,0
1971.8521,0,0,0,0
1971.8548,0,0,0,0
1971.8575,0,0,0,0
1971.8603,0,0,0,0
1971.863,0,0,0,0
1971.8658,0,0,0,0
1971.8685,0,0,0,0
1971.8712,0,0,0,0
1971.874,0,0,0,0
1971.8767,0,0,0,0
1971.8795,0,0,0,0
1971.8822,0,0,0,0
1971.8849,0,0,0,0
1971.8877,0,0,0,0
1971.8904,0,0,0,0
1971.8932,0,0,0,0
1971.8959,0,0,0,0
1971.8986,0,0,0,0
1971.9014,0,0,0,0
1971.9041,0,0,0,0
1971.9068,0,0,0,0
1971.9096,0,0,0,0
1971.9123,0,0,0,0
1971.9151,0,0,0,0
1971.9178,0,0,0,0
1971.9205,0,0,0,0
1971.9233,0,0,0,0
1971.926,0,0,0,0
1971.9288,0,0,0,0
1971.9315,0,0,0,0
1971.9342,0,0,0,0
1971.937,0,0,0,0
1971.9397,0,0,0,0
1971.9425,0,0,0,0
1971.9452,0,0,0,0
1971.9479,0,0,0,0
1971.9507,0,0,0,0
1971.9534,0,0,0,0
1971.9562,0,0,0,0
1971.9589,0,0,0,0
1971.9616,0,0,0,0
1971.9644,0,0,0,0
1971.9671,0,0,0,0
1971.9699,0,0,0,0
1971.9726,0,0,0,0
1971.9753,0,0,0,0
1971.9781,0,0,0,0
1971.9808,0,0,0,0
1971.9836,0,0,0,0
1971.9863,0,0,0,0
1971.989,0,0,0,0
1971.9918,0,0,0,0
1971.9945,0,0,0,0
1971.9973,0,0,0,0
1972,0,0,0,0
1972.0027,0,0,0,0
1972.0055,0,0,0,0
1972.0082,0,0,0,0
1972.011,0,0,0,0
1972.0137,0,0,0,0
1972.0164,0,0,0,0
1972.0192,0,0,0,0
1972.0219,0,0,0,0
1972.0247,0,0,0,0
1972.0274,0,0,0,0
1972.0301,0,0,0,0
1972.0329,0,0,0,0
1972.0356,0,0,0,0
1972.0384,0,0,0,0
1972.0411,0,0,0,0
1972.0438,0,0,0,0
1972.0466,0,0,0,0
1972.0493,0,0,0,0
1972.0521,0,0,0,0
1972.0548,0,0,0,0
1972.0575,0,0,0,0
1972.0603,0,0,0,0
1972.063,0,0,0,0
1972.0658,0,0,0,0
1972.0685,0,0,0,0
1972.0712,0,0,0,0
1972.074,0,0,0,0
1972.0767,0,0,0,0
1972.0795,0,0,0,0
1972.0822,0,0,0,0
1972.0849,0,0,0,0
1972.0877,0,0,0,0
1972.0904,0,0,0,0
1972.0932,0,0,0,0
1972.0959,0,0,0,0
1972.0986,0,0,0,0
1972.1014,0,0,0,0
1972.1041,0,0,0,0
1972.1068,0,0,0,0
1972.1096,0,0,0,0
1972.1123,0,0,0,0
1972.1151,0,0,0,0
1972.1178,0,0,0,0
1972.1205,0,0,0,0
1972.1233,0,0,0,0
1972.126,0,0,0,0
1972.1288,0,0,0,0
1972.1315,0,0,0,0
1972.1342,0,0,0,0
1972.137,0,0,0,0
1972.1397,0,0,0,0
1972.1425,0,0,0,0
1972.1452,0,0,0,0
1972.1479,0,0,0,0
1972.1507,0,0,0,0
1972.1534,0,0,0,0
1972.1562,0,0,0,0
1972.1589,0,0,0,0
1972.1616,0,0,0,0
1972.1644,0,0,0,0
1972.1671,0,0,0,0
1972.1699,0,0,0,0
1972.1726,0,0,0,0
1972.1753,0,0,0,0
1972.1781,0,0,0,0
1972.1808,0,0,0,0
1972.1836,0,0,0,0
1972.1863,0,0,0,0
1972.189,0,0,0,0
1972.1918,0,0,0,0
1972.1945,0,0,0,0
1972.1973,0,0,0,0
1972.2,0,0,0,0
1972.2027,0,0,0,0
1972.2055,0,0,0,0
1972.2082,0,0,0,0
1972.211,0,0,0,0
1972.2137,0,0,0,0
1972.2164,0,0,0,0
1972.2192,0,0,0,0
1972.2219,0,0,0,0
1972.2247,0,0,0,0
1972.2274,0,0,0,0
1972.2301,0,0,0,0
1972.2329,0,0,0,0
1972.2356,0,0,0,0
1972.2384,0,0,0,0
1972.2411,0,0,0,0
1972.2438,0,0,0,0
1972.2466,0,0,0,0
1972.2493,0,0,0,0
1972.2521,0,0,0,0
1972.2548,0,0,0,0
1972.2575,0,0,0,0
1972.2603,0,0,0,0
1972.263,0,0,0,0
1972.2658,0,0,0,0
1972.2685,0,0,0,0
1972.2712,0,0,0,0
1972.274,0,0,0,0
1972.2767,0,0,0,0
1972.2795,0,0,0,0
1972.2822,0,0,0,0
1972.2849,0,0,0,0
1972.2877,0,0,0,0
1972.2904,0,0,0,0
1972.2932,0,0,0,0
1972.2959,0,0,0,0
1972.2986,0,0,0,0
1972.3014,0,0,0,0
1972.3041,0,0,0,0
1972.3068,0,0,0,0
1972.3096,0,0,0,0
1972.3123,0,0,0,0
1972.3151,0,0,0,0
1972.3178,0,0,0,0
1972.3205,0,0,0,0
1972.3233,0,0,0,0
1972.326,0,0,0,0
1972.3288,0,0,0,0
1972.3315,0,0,0,0
1972.3342,0,0,0,0
1972.337,0,0,0,0
1972.3397,0,0,0,0
1972.3425,0,0,0,0
1972.3452,0,0,0,0
1972.3479,0,0,0,0
1972.3507,0,0,0,0
1972.3534,0,0,0,0
1972.3562,0,0,0,0
1972.3589,0,0,0,0
1972.3616,0,0,0,0
1972.3644,0,0,0,0
1972.3671,0,0,0,0
1972.3699,0,0,0,0
1972.3726,0,0,0,0
1972.3753,0,0,0,0
1972.3781,0,0,0,0
1972.3808,0,0,0,0
1972.3836,0,0,0,0
1972.3863,0,0,0,0
1972.389,0,0,0,0
1972.3918,0,0,0,0
1972.3945,0,0,0,0
1972.3973,0,0,0,0
1972.4,0,0,0,0
1972.4027,0,0,0,0
1972.4055,0,0,0,0
1972.4082,0,0,0,0
1972.411,0,0,0,0
1972.4137,0,0,0,0
1972.4164,0,0,0,0
1972.4192,0,0,0,0
1972.4219,0,0,0,0
1972.4247,0,0,0,0
1972.4274,0,0,0,0
1972.4301,0,0,0,0
1972.4329,0,0,0,0
1972.4356,0,0,0,0
1972.4384,0,0,0,0
1972.4411,0,0,0,0
1972.4438,0,0,0,0
1972.4466,0,0,0,0
1972.4493,0,0,0,0
1972.4521,0,0,0,0
1972.4548,0,0,0,0
1972.4575,0,0,0,0
1972.4603,0,0,0,0
1972.463,0,0,0,0
1972.4658,0,0,0,0
1972.4685,0,0,0,0
1972.4712,0,0,0,0
1972.474,0,0,0,0
1972.4767,0,0,0,0
1972.4795,0,0,0,0
1972.4822,0,0,0,0
1972.4849,0,0,0,0
1972.4877,0,0,0,0
1972.4904,0,0,0,0
1972.4932,0,0,0,0
1972.4959,0,0,0,0
1972.4986,0,0,0,0
1972.5014,0,0,0,0
1972.5041,0,0,0,0
1972.5068,0,0,0,0
1972.5096,0,0,0,0
1972.5123,0,0,0,0
1972.5151,0,0,0,0
1972.5178,0,0,0,0
1972.5205,0,0,0,0
1972.5233,0,0,0,0
1972.526,0,0,0,0
1972.5288,0,0,0,0
1972.5315,0,0,0,0
1972.5342,0,0,0,0
1972.537,0,0,0,0
1972.5397,0,0,0,0
1972.5425,0,0,0,0
1972.5452,0,0,0,0
1972.5479,0,0,0,0
1972.5507,0,0,0,0
1972.5534,0,0,0,0
1972.5562,0,0,0,0
1972.5589,0,0,0,0
1972.5616,0,0,0,0
1972.5644,0,0,0,0
1972.5671,0,0,0,0
1972.5699,0,0,0,0
1972.5726,0,0,0,0
1972.5753,0,0,0,0
1972.5781,0,0,0,0
1972.5808,0,0,0,0
1972.5836,0,0,0,0
1972.5863,0,0,0,0
1972.589,0,0,0,0
1972.5918,0,0,0,0
1972.5945,0,0,0,0
1972.5973,0,0,0,0
1972.6,0,0,0,0
1972.6027,0,0,0,0
1972.6055,0,0,0,0
1972.6082,0,0,0,0
1972.611,0,0,0,0
1972.6137,0,0,0,0
1972.6164,0,0,0,0
1972.6192,0,0,0,0
1972.6219,0,0,0,0
1972.6247,0,0,0,0
1972.6274,0,0,0,0
1972.6301,0,0,0,0
1972.6329,0,0,0,0
1972.6356,0,0,0,0
1972.6384,0,0,0,0
1972.6411,0,0,0,0
1972.6438,0,0,0,0
1972.6466,0,0,0,0
1972.6493,0,0,0,0
1972.6521,0,0,0,0
1972.6548,0,0,0,0
1972.6575,0,0,0,0
1972.6603,0,0,0,0
1972.663,0,0,0,0
1972.6658,0,0,0,0
1972.6685,0,0,0,0
1972.6712,0,0,0,0
1972.674,0,0,0,0
1972.6767,0,0,0,0
1972.6795,0,0,0,0
1972.6822,0,0,0,0
1972.6849,0,0,0,0
1972.6877,0,0,0,0
1972.6904,0,0,0,0
1972.6932,0,0,0,0
1972.6959,0,0,0,0
1972.6986,0,0,0,0
1972.7014,0,0,0,0
1972.7041,0,0,0,0
1972.7068,0,0,0,0
1972.7096,0,0,0,0
1972.7123,0,0,0,0
1972.7151,0,0,0,0
1972.7178,0,0,0,0
1972.7205,0,0,0,0
1972.7233,0,0,0,0
1972.726,0,0,0,0
1972.7288,0,0,0,0
1972.7315,0,0,0,0
1972.7342,0,0,0,0
1972.737,0,0,0,0
1972.7397,0,0,0,0
1972.7425,0,0,0,0
1972.7452,0,0,0,0
1972.7479,0,0,0,0
1972.7507,0,0,0,0
1972.7534,0,0,0,0
1972.7562,0,0,0,0
1972.7589,0,0,0,0
1972.7616,0,0,0,0
1972.7644,0,0,0,0
1972.7671,0,0,0,0
1972.7699,0,0,0,0
1972.7726,0,0,0,0
1972.7753,0,0,0,0
1972.7781,0,0,0,0
1972.7808,0,0,0,0
1972.7836,0,0,0,0
1972.7863,0,0,0,0
1972.789,0,0,0,0
1972.7918,0,0,0,0
1972.7945,0,0,0,0
1972.7973,0,0,0,0
1972.8,0,0,0,0
1972.8027,0,0,0,0
1972.8055,0,0,0,0
1972.8082,0,0,0,0
1972.811,0,0,0,0
1972.8137,0,0,0,0
1972.8164,0,0,0,0
1972.8192,0,0,0,0
1972.8219,0,0,0,0
1972.8247,0,0,0,0
1972.8274,0,0,0,0
1972.8301,0,0,0,0
1972.8329,0,0,0,0
1972.8356,0,0,0,0
1972.8384,0,0,0,0
1972.8411,0,0,0,0
1972.8438,0,0,0,0
1972.8466,0,0,0,0
1972.8493,0,0,0,0
1972.8521,0,0,0,0
1972.8548,0,0,0,0
1972.8575,0,0,0,0
1972.8603,0,0,0,0
1972.863,0,0,0,0
1972.8658,0,0,0,0
1972.8685,0,0,0,0
1972.8712,0,0,0,0
1972.874,0,0,0,0
1972.8767,0,0,0,0
1972.8795,0,0,0,0
1972.8822,0,0,0,0
1972.8849,0,0,0,0
1972.8877,0,0,0,0
1972.8904,0,0,0,0
1972.8932,0,0,0,0
1972.8959,0,0,0,0
1972.8986,0,0,0,0
1972.9014,0,0,0,0
1972.9041,0,0,0,0
1972.9068,0,0,0,0
1972.9096,0,0,0,0
1972.9123,0,0,0,0
1972.9151,0,0,0,0
1972.9178,0,0,0,0
1972.9205,0,0,0,0
1972.9233,0,0,0,0
1972.926,0,0,0,0
1972.9288,0,0,0,0
1972.9315,0,0,0,0
1972.9342,0,0,0,0
1972.937,0,0,0,0
1972.9397,0,0,0,0
1972.9425,0,0,0,0
1972.9452,0,0,0,0
1972.9479,0,0,0,0
1972.9507,0,0,0,0
1972.9534,0,0,0,0
1972.9562,0,0,0,0
1972.9589,0,0,0,0
1972.9616,0,0,0,0
1972.9644,0,0,0,0
1972.9671,0,0,0,0
1972.9699,0,0,0,0
1972.9726,0,0,0,0
1972.9753,0,0,0,0
1972.9781,0,0,0,0
1972.9808,0,0,0,0
1972.9836,0,0,0,0
1972.9863,0,0,0,0
1972.989,0,0,0,0
1972.9918,0,0,0,0
1972.9945,0,0,0,0
1972.9973,0,0,0,0
1973,0,0,0,0
1973,0,0,0,0
1973.0027,0,0,0,0
1973.0055,0,0,0,0
1973.0082,0,0,0,0
1973.011,0,0,0,0
1973.0137,0,0,0,0
1973.0164,0,0,0,0
1973.0192,0,0,0,0
1973.0219,0,0,0,0
1973.0247,0,0,0,0
1973.0274,0,0,0,0
1973.0301,0,0,0,0
1973.0329,0,0,0,0
1973.0356,0,0,0,0
1973.0384,0,0,0,0
1973.0411,0,0,0,0
1973.0438,0,0,0,0
1973.0466,0,0,0,0
1973.0493,0,0,0,0
1973.0521,0,0,0,0
1973.0548,0,0,0,0
1973.0575,0,0,0,0
1973.0603,0,0,0,0
1973.063,0,0,0,0
1973.0658,0,0,0,0
1973.0685,0,0,0,0
1973.0712,0,0,0,0
1973.074,0,0,0,0
1973.0767,0,0,0,0
1973.0795,0,0,0,0
1973.0822,0,0,0,0
1973.0849,0,0,0,0
1973.0877,0,0,0,0
1973.0904,0,0,0,0
1973.0932,0,0,0,0
1973.0959,0,0,0,0
1973.0986,0,0,0,0
1973.1014,0,0,0,0
1973.1041,0,0,0,0
1973.1068,0,0,0,0
1973.1096,0,0,0,0
1973.1123,0,0,0,0
1973.1151,0,0,0,0
1973.1178,0,0,0,0
1973.1205,0,0,0,0
1973.1233,0,0,0,0
1973.126,0,0,0,0
1973.1288,0,0,0,0
1973.1315,0,0,0,0
1973.1342,0,0,0,0
1973.137,0,0,0,0
1973.1397,0,0,0,0
1973.1425,0,0,0,0
1973.1452,0,0,0,0
1973.1479,0,0,0,0
1973.1507,0,0,0,0
1973.1534,0,0,0,0
1973.1562,0,0,0,0
1973.1589,0,0,0,0
1973.1616,0,0,0,0
1973.1644,0,0,0,0
1973.1671,0,0,0,0
1973.1699,0,0,0,0
1973.1726,0,0,0,0
1973.1753,0,0,0,0
1973.1781,0,0,0,0
1973.1808,0,0,0,0
1973.1836,0,0,0,0
1973.1863,0,0,0,0
1973.189,0,0,0,0
1973.1918,0,0,0,0
1973.1945,0,0,0,0
1973.1973,0,0,0,0
1973.2,0,0,0,0
1973.2027,0,0,0,0
1973.2055,0,0,0,0
1973.2082,0,0,0,0
1973.211,0,0,0,0
1973.2137,0,0,0,0
1973.2164,0,0,0,0
1973.2192,0,0,0,0
1973.2219,0,0,0,0
1973.2247,0,0,0,0
1973.2274,0,0,0,0
1973.2301,0,0,0,0
1973.2329,0,0,0,0
1973.2356,0,0,0,0
1973.2384,0,0,0,0
1973.2411,0,0,0,0
1973.2438,0,0,0,0
1973.2466,0,0,0,0
1973.2493,0,0,0,0
1973.2521,0,0,0,0
1973.2548,0,0,0,0
1973.2575,0,0,0,0
1973.2603,0,0,0,0
1973.263,0,0,0,0
1973.2658,0,0,0,0
1973.2685,0,0,0,0
1973.2712,0,0,0,0
1973.274,0,0,0,0
1973.2767,0,0,0,0
1973.2795,0,0,0,0
1973.2822,0,0,0,0
1973.2849,0,0,0,0
1973.2877,0,0,0,0
1973.2904,0,0,0,0
1973.2932,0,0,0,0
1973.2959,0,0,0,0
1973.2986,0,0,0,0
1973.3014,0,0,0,0
1973.3041,0,0,0,0
1973.3068,0,0,0,0
1973.3096,0,0,0,0
1973.3123,0,0,0,0
1973.3151,0,0,0,0
1973.3178,0,0,0,0
1973.3205,0,0,0,0
1973.3233,0,0,0,0
1973.326,0,0,0,0
1973.3288,0,0,0,0
1973.3315,0,0,0,0
1973.3342,0,0,0,0
1973.337,0,0,0,0
1973.3397,0,0,0,0
1973.3425,0,0,0,0
1973.3452,0,0,0,0
1973.3479,0,0,0,0
1973.3507,0,0,0,0
1973.3534,0,0,0,0
1973.3562,0,0,0,0
1973.3589,0,0,0,0
1973.3616,0,0,0,0
1973.3644,0,0,0,0
1973.3671,0,0,0,0
1973.3699,0,0,0,0
1973.3726,0,0,0,0
1973.3753,0,0,0,0
1973.3781,0,0,0,0
1973.3808,0,0,0,0
1973.3836,0,0,0,0
1973.3863,0,0,0,0
1973.389,0,0,0,0
1973.3918,0,0,0,0
1973.3945,0,0,0,0
1973.3973,0,0,0,0
1973.4,0,0,0,0
1973.4027,0,0,0,0
1973.4055,0,0,0,0
1973.4082,0,0,0,0
1973.411,0,0,0,0
1973.4137,0,0,0,0
1973.4164,0,0,0,0
1973.4192,0,0,0,0
1973.4219,0,0,0,0
1973.4247,0,0,0,0
1973.4274,0,0,0,0
1973.4301,0,0,0,0
1973.4329,0,0,0,0
1973.4356,0,0,0,0
1973.4384,0,0,0,0
1973.4411,0,0,0,0
1973.4438,0,0,0,0
1973.4466,0,0,0,0
1973.4493,0,0,0,0
1973.4521,0,0,0,0
1973.4548,0,0,0,0
1973.4575,0,0,0,0
1973.4603,0,0,0,0
1973.463,0,0,0,0
1973.4658,0,0,0,0
1973.4685,0,0,0,0
1973.4712,0,0,0,0
1973.474,0,0,0,0
1973.4767,0,0,0,0
1973.4795,0,0,0,0
1973.4822,0,0,0,0
1973.4849,0,0,0,0
1973.4877,0,0,0,0
1973.4904,0,0,0,0
1973.4932,0,0,0,0
1973.4959,0,0,0,0
1973.4986,0,0,0,0
1973.5014,0,0,0,0
1973.5041,0,0,0,0
1973.5068,0,0,0,0
1973.5096,0,0,0,0
1973.5123,0,0,0,0
1973.5151,0,0,0,0
1973.5178,0,0,0,0
1973.5205,0,0,0,0
1973.5233,0,0,0,0
1973.526,0,0,0,0
1973.5288,0,0,0,0
1973.5315,0,0,0,0
1973.5342,0,0,0,0
1973.537,0,0,0,0
1973.5397,0,0,0,0
1973.5425,0,0,0,0
1973.5452,0,0,0,0
1973.5479,0,0,0,0
1973.5507,0,0,0,0
1973.5534,0,0,0,0
1973.5562,0,0,0,0
1973.5589,0,0,0,0
1973.5616,0,0,0,0
1973.5644,0,0,0,0
1973.5671,0,0,0,0
1973.5699,0,0,0,0
1973.5726,0,0,0,0
1973.5753,0,0,0,0
1973.5781,0,0,0,0
1973.5808,0,0,0,0
1973.5836,0,0,0,0
1973.5863,0,0,0,0
1973.589,0,0,0,0
1973.5918,0,0,0,0
1973.5945,0,0,0,0
1973.5973,0,0,0,0
1973.6,0,0,0,0
1973.6027,0,0,0,0
1973.6055,0,0,0,0
1973.6082,0,0,0,0
1973.611,0,0,0,0
1973.6137,0,0,0,0
1973.6164,0,0,0,0
1973.6192,0,0,0,0
1973.6219,0,0,0,0
1973.6247,0,0,0,0
1973.6274,0,0,0,0
1973.6301,0,0,0,0
1973.6329,0,0,0,0
1973.6356,0,0,0,0
1973.6384,0,0,0,0
1973.6411,0,0,0,0
1973.6438,0,0,0,0
1973.6466,0,0,0,0
1973.6493,0,0,0,0
1973.6521,0,0,0,0
1973.6548,0,0,0,0
1973.6575,0,0,0,0
1973.6603,0,0,0,0
1973.663,0,0,0,0
1973.6658,0,0,0,0
1973.6685,0,0,0,0
1973.6712,0,0,0,0
1973.674,0,0,0,0
1973.6767,0,0,0,0
1973.6795,0,0,0,0
1973.6822,0,0,0,0
1973.6849,0,0,0,0
1973.6877,0,0,0,0
1973.6904,0,0,0,0
1973.6932,0,0,0,0
1973.6959,0,0,0,0
1973.6986,0,0,0,0
1973.7014,0,0,0,0
1973.7041,0,0,0,0
1973.7068,0,0,0,0
1973.7096,0,0,0,0
1973.7123,0,0,0,0
1973.7151,0,0,0,0
1973.7178,0,0,0,0
1973.7205,0,0,0,0
1973.7233,0,0,0,0
1973.726,0,0,0,0
1973.7288,0,0,0,0
1973.7315,0,0,0,0
1973.7342,0,0,0,0
1973.737,0,0,0,0
1973.7397,0,0,0,0
1973.7425,0,0,0,0
1973.7452,0,0,0,0
1973.7479,0,0,0,0
1973.7507,0,0,0,0
1973.7534,0,0,0,0
1973.7562,0,0,0,0
1973.7589,0,0,0,0
1973.7616,0,0,0,0
1973.7644,0,0,0,0
1973.7671,0,0,0,0
1973.7699,0,0,0,0
1973.7726,0,0,0,0
1973.7753,0,0,0,0
1973.7781,0,0,0,0
1973.7808,0,0,0,0
1973.7836,0,0,0,0
1973.7863,0,0,0,0
1973.789,0,0,0,0
1973.7918,0,0,0,0
1973.7945,0,0,0,0
1973.7973,0,0,0,0
1973.8,0,0,0,0
1973.8027,0,0,0,0
1973.8055,0,0,0,0
1973.8082,0,0,0,0
1973.811,0,0,0,0
1973.8137,0,0,0,0
1973.8164,0,0,0,0
1973.8192,0,0,0,0
1973.8219,0,0,0,0
1973.8247,0,0,0,0
1973.8274,0,0,0,0
1973.8301,0,0,0,0
1973.8329,0,0,0,0
1973.8356,0,0,0,0
1973.8384,0,0,0,0
1973.8411,0,0,0,0
1973.8438,0,0,0,0
1973.8466,0,0,0,0
1973.8493,0,0,0,0
1973.8521,0,0,0,0
1973.8548,0,0,0,0
1973.8575,0,0,0,0
1973.8603,0,0,0,0
1973.863,0,0,0,0
1973.8658,0,0,0,0
1973.8685,0,0,0,0
1973.8712,0,0,0,0
1973.874,0,0,0,0
1973.8767,0,0,0,0
1973.8795,0,0,0,0
1973.8822,0,0,0,0
1973.8849,0,0,0,0
1973.8877,0,0,0,0
1973.8904,0,0,0,0
1973.8932,0,0,0,0
1973.8959,0,0,0,0
1973.8986,0,0,0,0
1973.9014,0,0,0,0
1973.9041,0,0,0,0
1973.9068,0,0,0,0
1973.9096,0,0,0,0
1973.9123,0,0,0,0
1973.9151,0,0,0,0
1973.9178,0,0,0,0
1973.9205,0,0,0,0
1973.9233,0,0,0,0
1973.926,0,0,0,0
1973.9288,0,0,0,0
1973.9315,0,0,0,0
1973.9342,0,0,0,0
1973.937,0,0,0,0
1973.9397,0,0,0,0
1973.9425,0,0,0,0
1973.9452,0,0,0,0
1973.9479,0,0,0,0
1973.9507,0,0,0,0
1973.9534,0,0,0,0
1973.9562,0,0,0,0
1973.9589,0,0,0,0
1973.9616,0,0,0,0
1973.9644,0,0,0,0
1973.9671,0,0,0,0
1973.9699,0,0,0,0
1973.9726,0,0,0,0
1973.9753,0,0,0,0
1973.9781,0,0,0,0
1973.9808,0,0,0,0
1973.9836,0,0,0,0
1973.9863,0,0,0,0
1973.989,0,0,0,0
1973.9918,0,0,0,0
1973.9945,0,0,0,0
1973.9973,0,0,0,0
1974,0,0,0,0
1974.0027,0,0,0,0
1974.0055,0,0,0,0
1974.0082,0,0,0,0
1974.011,0,0,0,0
1974.0137,0,0,0,0
1974.0164,0,0,0,0
1974.0192,0,0,0,0
1974.0219,0,0,0,0
1974.0247,0,0,0,0
1974.0274,0,0,0,0
1974.0301,0,0,0,0
1974.0329,0,0,0,0
1974.0356,0,0,0,0
1974.0384,0,0,0,0
1974.0411,0,0,0,0
1974.0438,0,0,0,0
1974.0466,0,0,0,0
1974.0493,0,0,0,0
1974.0521,0,0,0,0
1974.0548,0,0,0,0
1974.0575,0,0,0,0
1974.0603,0,0,0,0
1974.063,0,0,0,0
1974.0658,0,0,0,0
1974.0685,0,0,0,0
1974.0712,0,0,0,0
1974.074,0,0,0,0
1974.0767,0,0,0,0
1974.0795,0,0,0,0
1974.0822,0,0,0,0
1974.0849,0,0,0,0
1974.0877,0,0,0,0
1974.0904,0,0,0,0
1974.0932,0,0,0,0
1974.0959,0,0,0,0
1974.0986,0,0,0,0
1974.1014,0,0,0,0
1974.1041,0,0,0,0
1974.1068,0,0,0,0
1974.1096,0,0,0,0
1974.1123,0,0,0,0
1974.1151,0,0,0,0
1974.1178,0,0,0,0
1974.1205,0,0,0,0
1974.1233,0,0,0,0
1974.126,0,0,0,0
1974.1288,0,0,0,0
1974.1315,0,0,0,0
1974.1342,0,0,0,0
1974.137,0,0,0,0
1974.1397,0,0,0,0
1974.1425,0,0,0,0
1974.1452,0,0,0,0
1974.1479,0,0,0,0
1974.1507,0,0,0,0
1974.1534,0,0,0,0
1974.1562,0,0,0,0
1974.1589,0,0,0,0
1974.1616,0,0,0,0
1974.1644,0,0,0,0
1974.1671,0,0,0,0
1974.1699,0,0,0,0
1974.1726,0,0,0,0
1974.1753,0,0,0,0
1974.1781,0,0,0,0
1974.1808,0,0,0,0
1974.1836,0,0,0,0
1974.1863,0,0,0,0
1974.189,0,0,0,0
1974.1918,0,0,0,0
1974.1945,0,0,0,0
1974.1973,0,0,0,0
1974.2,0,0,0,0
1974.2027,0,0,0,0
1974.2055,0,0,0,0
1974.2082,0,0,0,0
1974.211,0,0,0,0
1974.2137,0,0,0,0
1974.2164,0,0,0,0
1974.2192,0,0,0,0
1974.2219,0,0,0,0
1974.2247,0,0,0,0
1974.2274,0,0,0,0
1974.2301,0,0,0,0
1974.2329,0,0,0,0
1974.2356,0,0,0,0
1974.2384,0,0,0,0
1974.2411,0,0,0,0
1974.2438,0,0,0,0
1974.2466,0,0,0,0
1974.2493,0,0,0,0
1974.2521,0,0,0,0
1974.2548,0,0,0,0
1974.2575,0,0,0,0
1974.2603,0,0,0,0
1974.263,0,0,0,0
1974.2658,0,0,0,0
1974.2685,0,0,0,0
1974.2712,0,0,0,0
1974.274,0,0,0,0
1974.2767,0,0,0,0
1974.2795,0,0,0,0
1974.2822,0,0,0,0
1974.2849,0,0,0,0
1974.2877,0,0,0,0
1974.2904,0,0,0,0
1974.2932,0,0,0,0
1974.2959,0,0,0,0
1974.2986,0,0,0,0
1974.3014,0,0,0,0
1974.3041,0,0,0,0
1974.3068,0,0,0,0
1974.3096,0,0,0,0
1974.3123,0,0,0,0
1974.3151,0,0,0,0
1974.3178,0,0,0,0
1974.3205,0,0,0,0
1974.3233,0,0,0,0
1974.326,0,0,0,0
1974.3288,0,0,0,0
1974.3315,0,0,0,0
1974.3342,0,0,0,0
1974.337,0,0,0,0
1974.3397,0,0,0,0
1974.3425,0,0,0,0
1974.3452,0,0,0,0
1974.3479,0,0,0,0
1974.3507,0,0,0,0
1974.3534,0,0,0,0
1974.3562,0,0,0,0
1974.3589,0,0,0,0
1974.3616,0,0,0,0
1974.3644,0,0,0,0
1974.3671,0,0,0,0
1974.3699,0,0,0,0
1974.3726,0,0,0,0
1974.3753,0,0,0,0
1974.3781,0,0,0,0
1974.3808,0,0,0,0
1974.3836,0,0,0,0
1974.3863,0,0,0,0
1974.389,0,0,0,0
1974.3918,0,0,0,0
1974.3945,0,0,0,0
1974.3973,0,0,0,0
1974.4,0,0,0,0
1974.4027,0,0,0,0
1974.4055,0,0,0,0
1974.4082,0,0,0,0
1974.411,0,0,0,0
1974.4137,0,0,0,0
1974.4164,0,0,0,0
1974.4192,0,0,0,0
1974.4219,0,0,0,0
1974.4247,0,0,0,0
1974.4274,0,0,0,0
1974.4301,0,0,0,0
1974.4329,0,0,0,0
1974.4356,0,0,0,0
1974.4384,0,0,0,0
1974.4411,0,0,0,0
1974.4438,0,0,0,0
1974.4466,0,0,0,0
1974.4493,0,0,0,0
1974.4521,0,0,0,0
1974.4548,0,0,0,0
1974.4575,0,0,0,0
1974.4603,0,0,0,0
1974.463,0,0,0,0
1974.4658,0,0,0,0
1974.4685,0,0,0,0
1974.4712,0,0,0,0
1974.474,0,0,0,0
1974.4767,0,0,0,0
1974.4795,0,0,0,0
1974.4822,0,0,0,0
1974.4849,0,0,0,0
1974.4877,0,0,0,0
1974.4904,0,0,0,0
1974.4932,0,0,0,0
1974.4959,0,0,0,0
1974.4986,0,0,0,0
1974.5014,0,0,0,0
1974.5041,0,0,0,0
1974.5068,0,0,0,0
1974.5096,0,0,0,0
1974.5123,0,0,0,0
1974.5151,0,0,0,0
1974.5178,0,0,0,0
1974.5205,0,0,0,0
1974.5233,0,0,0,0
1974.526,0,0,0,0
1974.5288,0,0,0,0
1974.5315,0,0,0,0
1974.5342,0,0,0,0
1974.537,0,0,0,0
1974.5397,0,0,0,0
1974.5425,0,0,0,0
1974.5452,0,0,0,0
1974.5479,0,0,0,0
1974.5507,0,0,0,0
1974.5534,0,0,0,0
1974.5562,0,0,0,0
1974.5589,0,0,0,0
1974.5616,0,0,0,0
1974.5644,0,0,0,0
1974.5671,0,0,0,0
1974.5699,0,0,0,0
1974.5726,0,0,0,0
1974.5753,0,0,0,0
1974.5781,0,0,0,0
1974.5808,0,0,0,0
1974.5836,0,0,0,0
1974.5863,0,0,0,0
1974.589,0,0,0,0
1974.5918,0,0,0,0
1974.5945,0,0,0,0
1974.5973,0,0,0,0
1974.6,0,0,0,0
1974.6027,0,0,0,0
1974.6055,0,0,0,0
1974.6082,0,0,0,0
1974.611,0,0,0,0
1974.6137,0,0,0,0
1974.6164,0,0,0,0
1974.6192,0,0,0,0
1974.6219,0,0,0,0
1974.6247,0,0,0,0
1974.6274,0,0,0,0
1974.6301,0,0,0,0
1974.6329,0,0,0,0
1974.6356,0,0,0,0
1974.6384,0,0,0,0
1974.6411,0,0,0,0
1974.6438,0,0,0,0
1974.6466,0,0,0,0
1974.6493,0,0,0,0
1974.6521,0,0,0,0
1974.6548,0,0,0,0
1974.6575,0,0,0,0
1974.6603,0,0,0,0
1974.663,0,0,0,0
1974.6658,0,0,0,0
1974.6685,0,0,0,0
1974.6712,0,0,0,0
1974.674,0,0,0,0
1974.6767,0,0,0,0
1974.6795,0,0,0,0
1974.6822,0,0,0,0
1974.6849,0,0,0,0
1974.6877,0,0,0,0
1974.6904,0,0,0,0
1974.6932,0,0,0,0
1974.6959,0,0,0,0
1974.6986,0,0,0,0
1974.7014,0,0,0,0
1974.7041,0,0,0,0
1974.7068,0,0,0,0
1974.7096,0,0,0,0
1974.7123,0,0,0,0
1974.7151,0,0,0,0
1974.7178,0,0,0,0
1974.7205,0,0,0,0
1974.7233,0,0,0,0
1974.726,0,0,0,0
1974.7288,0,0,0,0
1974.7315,0,0,0,0
1974.7342,0,0,0,0
1974.737,0,0,0,0
1974.7397,0,0,0,0
1974.7425,0,0,0,0
1974.7452,0,0,0,0
1974.7479,0,0,0,0
1974.7507,0,0,0,0
1974.7534,0,0,0,0
1974.7562,0,0,0,0
1974.7589,0,0,0,0
1974.7616,0,0,0,0
1974.7644,0,0,0,0
1974.7671,0,0,0,0
1974.7699,0,0,0,0
1974.7726,0,0,0,0
1974.7753,0,0,0,0
1974.7781,0,0,0,0
1974.7808,0,0,0,0
1974.7836,0,0,0,0
1974.7863,0,0,0,0
1974.789,0,0,0,0
1974.7918,0,0,0,0
1974.7945,0,0,0,0
1974.7973,0,0,0,0
1974.8,0,0,0,0
1974.8027,0,0,0,0
1974.8055,0,0,0,0
1974.8082,0,0,0,0
1974.811,0,0,0,0
1974.8137,0,0,0,0
1974.8164,0,0,0,0
1974.8192,0,0,0,0
1974.8219,0,0,0,0
1974.8247,0,0,0,0
1974.8274,0,0,0,0
1974.8301,0,0,0,0
1974.8329,0,0,0,0
1974.8356,0,0,0,0
1974.8384,0,0,0,0
1974.8411,0,0,0,0
1974.8438,0,0,0,0
1974.8466,0,0,0,0
1974.8493,0,0,0,0
1974.8521,0,0,0,0
1974.8548,0,0,0,0
1974.8575,0,0,0,0
1974.8603,0,0,0,0
1974.863,0,0,0,0
1974.8658,0,0,0,0
1974.8685,0,0,0,0
1974.8712,0,0,0,0
1974.874,0,0,0,0
1974.8767,0,0,0,0
1974.8795,0,0,0,0
1974.8822,0,0,0,0
1974.8849,0,0,0,0
1974.8877,0,0,0,0
1974.8904,0,0,0,0
1974.8932,0,0,0,0
1974.8959,0,0,0,0
1974.8986,0,0,0,0
1974.9014,0,0,0,0
1974.9041,0,0,0,0
1974.9068,0,0,0,0
1974.9096,0,0,0,0
1974.9123,0,0,0,0
1974.9151,0,0,0,0
1974.9178,0,0,0,0
1974.9205,0,0,0,0
1974.9233,0,0,0,0
1974.926,0,0,0,0
1974.9288,0,0,0,0
1974.9315,0,0,0,0
1974.9342,0,0,0,0
1974.937,0,0,0,0
1974.9397,0,0,0,0
1974.9425,0,0,0,0
1974.9452,0,0,0,0
1974.9479,0,0,0,0
1974.9507,0,0,0,0
1974.9534,0,0,0,0
1974.9562,0,0,0,0
1974.9589,0,0,0,0
1974.9616,0,0,0,0
1974.9644,0,0,0,0
1974.9671,0,0,0,0
1974.9699,0,0,0,0
1974.9726,0,0,0,0
1974.9753,0,0,0,0
1974.9781,0,0,0,0
1974.9808,0,0,0,0
1974.9836,0,0,0,0
1974.9863,0,0,0,0
1974.989,0,0,0,0
1974.9918,0,0,0,0
1974.9945,0,0,0,0
1974.9973,0,0,0,0
1975,0,0,0,0
1975.0027,0,0,0,0
1975.0055,0,0,0,0
1975.0082,0,0,0,0
1975.011,0,0,0,0
1975.0137,0,0,0,0
1975.0164,0,0,0,0
1975.0192,0,0,0,0
1975.0219,0,0,0,0
1975.0247,0,0,0,0
1975.0274,0,0,0,0
1975.0301,0,0,0,0
1975.0329,0,0,0,0
1975.0356,0,0,0,0
1975.0384,0,0,0,0
1975.0411,0,0,0,0
1975.0438,0,0,0,0
1975.0466,0,0,0,0
1975.0493,0,0,0,0
1975.0521,0,0,0,0
1975.0548,0,0,0,0
1975.0575,0,0,0,0
1975.0603,0,0,0,0
1975.063,0,0,0,0
1975.0658,0,0,0,0
1975.0685,0,0,0,0
1975.0712,0,0,0,0
1975.074,0,0,0,0
1975.0767,0,0,0,0
1975.0795,0,0,0,0
1975.0822,0,0,0,0
1975.0849,0,0,0,0
1975.0877,0,0,0,0
1975.0904,0,0,0,0
1975.0932,0,0,0,0
1975.0959,0,0,0,0
1975.0986,0,0,0,0
1975.1014,0,0,0,0
1975.1041,0,0,0,0
1975.1068,0,0,0,0
1975.1096,0,0,0,0
1975.1123,0,0,0,0
1975.1151,0,0,0,0
1975.1178,0,0,0,0
1975.1205,0,0,0,0
1975.1233,0,0,0,0
1975.126,0,0,0,0
1975.1288,0,0,0,0
1975.1315,0,0,0,0
1975.1342,0,0,0,0
1975.137,0,0,0,0
1975.1397,0,0,0,0
1975.1425,0,0,0,0
1975.1452,0,0,0,0
1975.1479,0,0,0,0
1975.1507,0,0,0,0
1975.1534,0,0,0,0
1975.1562,0,0,0,0
1975.1589,0,0,0,0
1975.1616,0,0,0,0
1975.1644,0,0,0,0
1975.1671,0,0,0,0
1975.1699,0,0,0,0
1975.1726,0,0,0,0
1975.1753,0,0,0,0
1975.1781,0,0,0,0
1975.1808,0,0,0,0
1975.1836,0,0,0,0
1975.1863,0,0,0,0
1975.189,0,0,0,0
1975.1918,0,0,0,0
1975.1945,0,0,0,0
1975.1973,0,0,0,0
1975.2,0,0,0,0
1975.2027,0,0,0,0
1975.2055,0,0,0,0
1975.2082,0,0,0,0
1975.211,0,0,0,0
1975.2137,0,0,0,0
1975.2164,0,0,0,0
1975.2192,0,0,0,0
1975.2219,0,0,0,0
1975.2247,0,0,0,0
1975.2274,0,0,0,0
1975.2301,0,0,0,0
1975.2329,0,0,0,0
1975.2356,0,0,0,0
1975.2384,0,0,0,0
1975.2411,0,0,0,0
1975.2438,0,0,0,0
1975.2466,0,0,0,0
1975.2493,0,0,0,0
1975.2521,0,0,0,0
1975.2548,0,0,0,0
1975.2575,0,0,0,0
1975.2603,0,0,0,0
1975.263,0,0,0,0
1975.2658,0,0,0,0
1975.2685,0,0,0,0
1975.2712,0,0,0,0
1975.274,0,0,0,0
1975.2767,0,0,0,0
1975.2795,0,0,0,0
1975.2822,0,0,0,0
1975.2849,0,0,0,0
1975.2877,0,0,0,0
1975.2904,0,0,0,0
1975.2932,0,0,0,0
1975.2959,0,0,0,0
1975.2986,0,0,0,0
1975.3014,0,0,0,0
1975.3041,0,0,0,0
1975.3068,0,0,0,0
1975.3096,0,0,0,0
1975.3123,0,0,0,0
1975.3151,0,0,0,0
1975.3178,0,0,0,0
1975.3205,0,0,0,0
1975.3233,0,0,0,0
1975.326,0,0,0,0
1975.3288,0,0,0,0
1975.3315,0,0,0,0
1975.3342,0,0,0,0
1975.337,0,0,0,0
1975.3397,0,0,0,0
1975.3425,0,0,0,0
1975.3452,0,0,0,0
1975.3479,0,0,0,0
1975.3507,0,0,0,0
1975.3534,0,0,0,0
1975.3562,0,0,0,0
1975.3589,0,0,0,0
1975.3616,0,0,0,0
1975.3644,0,0,0,0
1975.3671,0,0,0,0
1975.3699,0,0,0,0
1975.3726,0,0,0,0
1975.3753,0,0,0,0
1975.3781,0,0,0,0
1975.3808,0,0,0,0
1975.3836,0,0,0,0
1975.3863,0,0,0,0
1975.389,0,0,0,0
1975.3918,0,0,0,0
1975.3945,0,0,0,0
1975.3973,0,0,0,0
1975.4,0,0,0,0
1975.4027,0,0,0,0
1975.4055,0,0,0,0
1975.4082,0,0,0,0
1975.411,0,0,0,0
1975.4137,0,0,0,0
1975.4164,0,0,0,0
1975.4192,0,0,0,0
1975.4219,0,0,0,0
1975.4247,0,0,0,0
1975.4274,0,0,0,0
1975.4301,0,0,0,0
1975.4329,0,0,0,0
1975.4356,0,0,0,0
1975.4384,0,0,0,0
1975.4411,0,0,0,0
1975.4438,0,0,0,0
1975.4466,0,0,0,0
1975.4493,0,0,0,0
1975.4521,0,0,0,0
1975.4548,0,0,0,0
1975.4575,0,0,0,0
1975.4603,0,0,0,0
1975.463,0,0,0,0
1975.4658,0,0,0,0
1975.4685,0,0,0,0
1975.4712,0,0,0,0
1975.474,0,0,0,0
1975.4767,0,0,0,0
1975.4795,0,0,0,0
1975.4822,0,0,0,0
1975.4849,0,0,0,0
1975.4877,0,0,0,0
1975.4904,0,0,0,0
1975.4932,0,0,0,0
1975.4959,0,0,0,0
1975.4986,0,0,0,0
1975.5014,0,0,0,0
1975.5041,0,0,0,0
1975.5068,0,0,0,0
1975.5096,0,0,0,0
1975.5123,0,0,0,0
1975.5151,0,0,0,0
1975.5178,0,0,0,0
1975.5205,0,0,0,0
1975.5233,0,0,0,0
1975.526,0,0,0,0
1975.5288,0,0,0,0
1975.5315,0,0,0,0
1975.5342,0,0,0,0
1975.537,0,0,0,0
1975.5397,0,0,0,0
1975.5425,0,0,0,0
1975.5452,0,0,0,0
1975.5479,0,0,0,0
1975.5507,0,0,0,0
1975.5534,0,0,0,0
1975.5562,0,0,0,0
1975.5589,0,0,0,0
1975.5616,0,0,0,0
1975.5644,0,0,0,0
1975.5671,0,0,0,0
1975.5699,0,0,0,0
1975.5726,0,0,0,0
1975.5753,0,0,0,0
1975.5781,0,0,0,0
1975.5808,0,0,0,0
1975.5836,0,0,0,0
1975.5863,0,0,0,0
1975.589,0,0,0,0
1975.5918,0,0,0,0
1975.5945,0,0,0,0
1975.5973,0,0,0,0
1975.6,0,0,0,0
1975.6027,0,0,0,0
1975.6055,0,0,0,0
1975.6082,0,0,0,0
1975.611,0,0,0,0
1975.6137,0,0,0,0
1975.6164,0,0,0,0
1975.6192,0,0,0,0
1975.6219,0,0,0,0
1975.6247,0,0,0,0
1975.6274,0,0,0,0
1975.6301,0,0,0,0
1975.6329,0,0,0,0
1975.6356,0,0,0,0
1975.6384,0,0,0,0
1975.6411,0,0,0,0
1975.6438,0,0,0,0
1975.6466,0,0,0,0
1975.6493,0,0,0,0
1975.6521,0,0,0,0
1975.6548,0,0,0,0
1975.6575,0,0,0,0
1975.6603,0,0,0,0
1975.663,0,0,0,0
1975.6658,0,0,0,0
1975.6685,0,0,0,0
1975.6712,0,0,0,0
1975.674,0,0,0,0
1975.6767,0,0,0,0
1975.6795,0,0,0,0
1975.6822,0,0,0,0
1975.6849,0,0,0,0
1975.6877,0,0,0,0
1975.6904,0,0,0,0
1975.6932,0,0,0,0
1975.6959,0,0,0,0
1975.6986,0,0,0,0
1975.7014,0,0,0,0
1975.7041,0,0,0,0
1975.7068,0,0,0,0
1975.7096,0,0,0,0
1975.7123,0,0,0,0
1975.7151,0,0,0,0
1975.7178,0,0,0,0
1975.7205,0,0,0,0
1975.7233,0,0,0,0
1975.726,0,0,0,0
1975.7288,0,0,0,0
1975.7315,0,0,0,0
1975.7342,0,0,0,0
1975.737,0,0,0,0
1975.7397,0,0,0,0
1975.7425,0,0,0,0
1975.7452,0,0,0,0
1975.7479,0,0,0,0
1975.7507,0,0,0,0
1975.7534,0,0,0,0
1975.7562,0,0,0,0
1975.7589,0,0,0,0
1975.7616,0,0,0,0
1975.7644,0,0,0,0
1975.7671,0,0,0,0
1975.7699,0,0,0,0
1975.7726,0,0,0,0
1975.7753,0,0,0,0
1975.7781,0,0,0,0
1975.7808,0,0,0,0
1975.7836,0,0,0,0
1975.7863,0,0,0,0
1975.789,0,0,0,0
1975.7918,0,0,0,0
1975.7945,0,0,0,0
1975.7973,0,0,0,0
1975.8,0,0,0,0
1975.8027,0,0,0,0
1975.8055,0,0,0,0
1975.8082,0,0,0,0
1975.811,0,0,0,0
1975.8137,0,0,0,0
1975.8164,0,0,0,0
1975.8192,0,0,0,0
1975.8219,0,0,0,0
1975.8247,0,0,0,0
1975.8274,0,0,0,0
1975.8301,0,0,0,0
1975.8329,0,0,0,0
1975.8356,0,0,0,0
1975.8384,0,0,0,0
1975.8411,0,0,0,0
1975.8438,0,0,0,0
1975.8466,0,0,0,0
1975.8493,0,0,0,0
1975.8521,0,0,0,0
1975.8548,0,0,0,0
1975.8575,0,0,0,0
1975.8603,0,0,0,0
1975.863,0,0,0,0
1975.8658,0,0,0,0
1975.8685,0,0,0,0
1975.8712,0,0,0,0
1975.874,0,0,0,0
1975.8767,0,0,0,0
1975.8795,0,0,0,0
1975.8822,0,0,0,0
1975.8849,0,0,0,0
1975.8877,0,0,0,0
1975.8904,0,0,0,0
1975.8932,0,0,0,0
1975.8959,0,0,0,0
1975.8986,0,0,0,0
1975.9014,0,0,0,0
1975.9041,0,0,0,0
1975.9068,0,0,0,0
1975.9096,0,0,0,0
1975.9123,0,0,0,0
1975.9151,0,0,0,0
1975.9178,0,0,0,0
1975.9205,0,0,0,0
1975.9233,0,0,0,0
1975.926,0,0,0,0
1975.9288,0,0,0,0
1975.9315,0,0,0,0
1975.9342,0,0,0,0
1975.937,0,0,0,0
1975.9397,0,0,0,0
1975.9425,0,0,0,0
1975.9452,0,0,0,0
1975.9479,0,0,0,0
1975.9507,0,0,0,0
1975.9534,0,0,0,0
1975.9562,0,0,0,0
1975.9589,0,0,0,0
1975.9616,0,0,0,0
1975.9644,0,0,0,0
1975.9671,0,0,0,0
1975.9699,0,0,0,0
1975.9726,0,0,0,0
1975.9753,0,0,0,0
1975.9781,0,0,0,0
1975.9808,0,0,0,0
1975.9836,0,0,0,0
1975.9863,0,0,0,0
1975.989,0,0,0,0
1975.9918,0,0,0,0
1975.9945,0,0,0,0
1975.9973,0,0,0,0
1976,0,0,0,0
1976.0027,0,0,0,0
1976.0055,0,0,0,0
1976.0082,0,0,0,0
1976.011,0,0,0,0
1976.0137,0,0,0,0
1976.0164,0,0,0,0
1976.0192,0,0,0,0
1976.0219,0,0,0,0
1976.0247,0,0,0,0
1976.0274,0,0,0,0
1976.0301,0,0,0,0
1976.0329,0,0,0,0
1976.0356,0,0,0,0
1976.0384,0,0,0,0
1976.0411,0,0,0,0
1976.0438,0,0,0,0
1976.0466,0,0,0,0
1976.0493,0,0,0,0
1976.0521,0,0,0,0
1976.0548,0,0,0,0
1976.0575,0,0,0,0
1976.0603,0,0,0,0
1976.063,0,0,0,0
1976.0658,0,0,0,0
1976.0685,0,0,0,0
1976.0712,0,0,0,0
1976.074,0,0,0,0
1976.0767,0,0,0,0
1976.0795,0,0,0,0
1976.0822,0,0,0,0
1976.0849,0,0,0,0
1976.0877,0,0,0,0
1976.0904,0,0,0,0
1976.0932,0,0,0,0
1976.0959,0,0,0,0
1976.0986,0,0,0,0
1976.1014,0,0,0,0
1976.1041,0,0,0,0
1976.1068,0,0,0,0
1976.1096,0,0,0,0
1976.1123,0,0,0,0
1976.1151,0,0,0,0
1976.1178,0,0,0,0
1976.1205,0,0,0,0
1976.1233,0,0,0,0
1976.126,0,0,0,0
1976.1288,0,0,0,0
1976.1315,0,0,0,0
1976.1342,0,0,0,0
1976.137,0,0,0,0
1976.1397,0,0,0,0
1976.1425,0,0,0,0
1976.1452,0,0,0,0
1976.1479,0,0,0,0
1976.1507,0,0,0,0
1976.1534,0,0,0,0
1976.1562,0,0,0,0
1976.1589,0,0,0,0
1976.1616,0,0,0,0
1976.1644,0,0,0,0
1976.1671,0,0,0,0
1976.1699,0,0,0,0
1976.1726,0,0,0,0
1976.1753,0,0,0,0
1976.1781,0,0,0,0
1976.1808,0,0,0,0
1976.1836,0,0,0,0
1976.1863,0,0,0,0
1976.189,0,0,0,0
1976.1918,0,0,0,0
1976.1945,0,0,0,0
1976.1973,0,0,0,0
1976.2,0,0,0,0
1976.2027,0,0,0,0
1976.2055,0,0,0,0
1976.2082,0,0,0,0
1976.211,0,0,0,0
1976.2137,0,0,0,0
1976.2164,0,0,0,0
1976.2192,0,0,0,0
1976.2219,0,0,0,0
1976.2247,0,0,0,0
1976.2274,0,0,0,0
1976.2301,0,0,0,0
1976.2329,0,0,0,0
1976.2356,0,0,0,0
1976.2384,0,0,0,0
1976.2411,0,0,0,0
1976.2438,0,0,0,0
1976.2466,0,0,0,0
1976.2493,0,0,0,0
1976.2521,0,0,0,0
1976.2548,0,0,0,0
1976.2575,0,0,0,0
1976.2603,0,0,0,0
1976.263,0,0,0,0
1976.2658,0,0,0,0
1976.2685,0,0,0,0
1976.2712,0,0,0,0
1976.274,0,0,0,0
1976.2767,0,0,0,0
1976.2795,0,0,0,0
1976.2822,0,0,0,0
1976.2849,0,0,0,0
1976.2877,0,0,0,0
1976.2904,0,0,0,0
1976.2932,0,0,0,0
1976.2959,0,0,0,0
1976.2986,0,0,0,0
1976.3014,0,0,0,0
1976.3041,0,0,0,0
1976.3068,0,0,0,0
1976.3096,0,0,0,0
1976.3123,0,0,0,0
1976.3151,0,0,0,0
1976.3178,0,0,0,0
1976.3205,0,0,0,0
1976.3233,0,0,0,0
1976.326,0,0,0,0
1976.3288,0,0,0,0
1976.3315,0,0,0,0
1976.3342,0,0,0,0
1976.337,0,0,0,0
1976.3397,0,0,0,0
1976.3425,0,0,0,0
1976.3452,0,0,0,0
1976.3479,0,0,0,0
1976.3507,0,0,0,0
1976.3534,0,0,0,0
1976.3562,0,0,0,0
1976.3589,0,0,0,0
1976.3616,0,0,0,0
1976.3644,0,0,0,0
1976.3671,0,0,0,0
1976.3699,0,0,0,0
1976.3726,0,0,0,0
1976.3753,0,0,0,0
1976.3781,0,0,0,0
1976.3808,0,0,0,0
1976.3836,0,0,0,0
1976.3863,0,0,0,0
1976.389,0,0,0,0
1976.3918,0,0,0,0
1976.3945,0,0,0,0
1976.3973,0,0,0,0
1976.4,0,0,0,0
1976.4027,0,0,0,0
1976.4055,0,0,0,0
1976.4082,0,0,0,0
1976.411,0,0,0,0
1976.4137,0,0,0,0
1976.4164,0,0,0,0
1976.4192,0,0,0,0
1976.4219,0,0,0,0
1976.4247,0,0,0,0
1976.4274,0,0,0,0
1976.4301,0,0,0,0
1976.4329,0,0,0,0
1976.4356,0,0,0,0
1976.4384,0,0,0,0
1976.4411,0,0,0,0
1976.4438,0,0,0,0
1976.4466,0,0,0,0
1976.4493,0,0,0,0
1976.4521,0,0,0,0
1976.4548,0,0,0,0
1976.4575,0,0,0,0
1976.4603,0,0,0,0
1976.463,0,0,0,0
1976.4658,0,0,0,0
1976.4685,0,0,0,0
1976.4712,0,0,0,0
1976.474,0,0,0,0
1976.4767,0,0,0,0
1976.4795,0,0,0,0
1976.4822,0,0,0,0
1976.4849,0,0,0,0
1976.4877,0,0,0,0
1976.4904,0,0,0,0
1976.4932,0,0,0,0
1976.4959,0,0,0,0
1976.4986,0,0,0,0
1976.5014,0,0,0,0
1976.5041,0,0,0,0
1976.5068,0,0,0,0
1976.5096,0,0,0,0
1976.5123,0,0,0,0
1976.5151,0,0,0,0
1976.5178,0,0,0,0
1976.5205,0,0,0,0
1976.5233,0,0,0,0
1976.526,0,0,0,0
1976.5288,0,0,0,0
1976.5315,0,0,0,0
1976.5342,0,0,0,0
1976.537,0,0,0,0
1976.5397,0,0,0,0
1976.5425,0,0,0,0
1976.5452,0,0,0,0
1976.5479,0,0,0,0
1976.5507,0,0,0,0
1976.5534,0,0,0,0
1976.5562,0,0,0,0
1976.5589,0,0,0,0
1976.5616,0,0,0,0
1976.5644,0,0,0,0
1976.5671,0,0,0,0
1976.5699,0,0,0,0
1976.5726,0,0,0,0
1976.5753,0,0,0,0
1976.5781,0,0,0,0
1976.5808,0,0,0,0
1976.5836,0,0,0,0
1976.5863,0,0,0,0
1976.589,0,0,0,0
1976.5918,0,0,0,0
1976.5945,0,0,0,0
1976.5973,0,0,0,0
1976.6,0,0,0,0
1976.6027,0,0,0,0
1976.6055,0,0,0,0
1976.6082,0,0,0,0
1976.611,0,0,0,0
1976.6137,0,0,0,0
1976.6164,0,0,0,0
1976.6192,0,0,0,0
1976.6219,0,0,0,0
1976.6247,0,0,0,0
1976.6274,0,0,0,0
1976.6301,0,0,0,0
1976.6329,0,0,0,0
1976.6356,0,0,0,0
1976.6384,0,0,0,0
1976.6411,0,0,0,0
1976.6438,0,0,0,0
1976.6466,0,0,0,0
1976.6493,0,0,0,0
1976.6521,0,0,0,0
1976.6548,0,0,0,0
1976.6575,0,0,0,0
1976.6603,0,0,0,0
1976.663,0,0,0,0
1976.6658,0,0,0,0
1976.6685,0,0,0,0
1976.6712,0,0,0,0
1976.674,0,0,0,0
1976.6767,0,0,0,0
1976.6795,0,0,0,0
1976.6822,0,0,0,0
1976.6849,0,0,0,0
1976.6877,0,0,0,0
1976.6904,0,0,0,0
1976.6932,0,0,0,0
1976.6959,0,0,0,0
1976.6986,0,0,0,0
1976.7014,0,0,0,0
1976.7041,0,0,0,0
1976.7068,0,0,0,0
1976.7096,0,0,0,0
1976.7123,0,0,0,0
1976.7151,0,0,0,0
1976.7178,0,0,0,0
1976.7205,0,0,0,0
1976.7233,0,0,0,0
1976.726,0,0,0,0
1976.7288,0,0,0,0
1976.7315,0,0,0,0
1976.7342,0,0,0,0
1976.737,0,0,0,0
1976.7397,0,0,0,0
1976.7425,0,0,0,0
1976.7452,0,0,0,0
1976.7479,0,0,0,0
1976.7507,0,0,0,0
1976.7534,0,0,0,0
1976.7562,0,0,0,0
1976.7589,0,0,0,0
1976.7616,0,0,0,0
1976.7644,0,0,0,0
1976.7671,0,0,0,0
1976.7699,0,0,0,0
1976.7726,0,0,0,0
1976.7753,0,0,0,0
1976.7781,0,0,0,0
1976.7808,0,0,0,0
1976.7836,0,0,0,0
1976.7863,0,0,0,0
1976.789,0,0,0,0
1976.7918,0,0,0,0
1976.7945,0,0,0,0
1976.7973,0,0,0,0
1976.8,0,0,0,0
1976.8027,0,0,0,0
1976.8055,0,0,0,0
1976.8082,0,0,0,0
1976.811,0,0,0,0
1976.8137,0,0,0,0
1976.8164,0,0,0,0
1976.8192,0,0,0,0
1976.8219,0,0,0,0
1976.8247,0,0,0,0
1976.8274,0,0,0,0
1976.8301,0,0,0,0
1976.8329,0,0,0,0
1976.8356,0,0,0,0
1976.8384,0,0,0,0
1976.8411,0,0,0,0
1976.8438,0,0,0,0
1976.8466,0,0,0,0
1976.8493,0,0,0,0
1976.8521,0,0,0,0
1976.8548,0,0,0,0
1976.8575,0,0,0,0
1976.8603,0,0,0,0
1976.863,0,0,0,0
1976.8658,0,0,0,0
1976.8685,0,0,0,0
1976.8712,0,0,0,0
1976.874,0,0,0,0
1976.8767,0,0,0,0
1976.8795,0,0,0,0
1976.8822,0,0,0,0
1976.8849,0,0,0,0
1976.8877,0,0,0,0
1976.8904,0,0,0,0
1976.8932,0,0,0,0
1976.8959,0,0,0,0
1976.8986,0,0,0,0
1976.9014,0,0,0,0
1976.9041,0,0,0,0
1976.9068,0,0,0,0
1976.9096,0,0,0,0
1976.9123,0,0,0,0
1976.9151,0,0,0,0
1976.9178,0,0,0,0
1976.9205,0,0,0,0
1976.9233,0,0,0,0
1976.926,0,0,0,0
1976.9288,0,0,0,0
1976.9315,0,0,0,0
1976.9342,0,0,0,0
1976.937,0,0,0,0
1976.9397,0,0,0,0
1976.9425,0,0,0,0
1976.9452,0,0,0,0
1976.9479,0,0,0,0
1976.9507,0,0,0,0
1976.9534,0,0,0,0
1976.9562,0,0,0,0
1976.9589,0,0,0,0
1976.9616,0,0,0,0
1976.9644,0,0,0,0
1976.9671,0,0,0,0
1976.9699,0,0,0,0
1976.9726,0,0,0,0
1976.9753,0,0,0,0
1976.9781,0,0,0,0
1976.9808,0,0,0,0
1976.9836,0,0,0,0
1976.9863,0,0,0,0
1976.989,0,0,0,0
1976.9918,0,0,0,0
1976.9945,0,0,0,0
1976.9973,0,0,0,0
1977,0,0,0,0
1977,0,0,0,0
1977.0027,0,0,0,0
1977.0055,0,0,0,0
1977.0082,0,0,0,0
1977.011,0,0,0,0
1977.0137,0,0,0,0
1977.0164,0,0,0,0
1977.0192,0,0,0,0
1977.0219,0,0,0,0
1977.0247,0,0,0,0
1977.0274,0,0,0,0
1977.0301,0,0,0,0
1977.0329,0,0,0,0
1977.0356,0,0,0,0
1977.0384,0,0,0,0
1977.0411,0,0,0,0
1977.0438,0,0,0,0
1977.0466,0,0,0,0
1977.0493,0,0,0,0
1977.0521,0,0,0,0
1977.0548,0,0,0,0
1977.0575,0,0,0,0
1977.0603,0,0,0,0
1977.063,0,0,0,0
1977.0658,0,0,0,0
1977.0685,0,0,0,0
1977.0712,0,0,0,0
1977.074,0,0,0,0
1977.0767,0,0,0,0
1977.0795,0,0,0,0
1977.0822,0,0,0,0
1977.0849,0,0,0,0
1977.0877,0,0,0,0
1977.0904,0,0,0,0
1977.0932,0,0,0,0
1977.0959,0,0,0,0
1977.0986,0,0,0,0
1977.1014,0,0,0,0
1977.1041,0,0,0,0
1977.1068,0,0,0,0
1977.1096,0,0,0,0
1977.1123,0,0,0,0
1977.1151,0,0,0,0
1977.1178,0,0,0,0
1977.1205,0,0,0,0
1977.1233,0,0,0,0
1977.126,0,0,0,0
1977.1288,0,0,0,0
1977.1315,0,0,0,0
1977.1342,0,0,0,0
1977.137,0,0,0,0
1977.1397,0,0,0,0
1977.1425,0,0,0,0
1977.1452,0,0,0,0
1977.1479,0,0,0,0
1977.1507,0,0,0,0
1977.1534,0,0,0,0
1977.1562,0,0,0,0
1977.1589,0,0,0,0
1977.1616,0,0,0,0
1977.1644,0,0,0,0
1977.1671,0,0,0,0
1977.1699,0,0,0,0
1977.1726,0,0,0,0
1977.1753,0,0,0,0
1977.1781,0,0,0,0
1977.1808,0,0,0,0
1977.1836,0,0,0,0
1977.1863,0,0,0,0
1977.189,0,0,0,0
1977.1918,0,0,0,0
1977.1945,0,0,0,0
1977.1973,0,0,0,0
1977.2,0,0,0,0
1977.2027,0,0,0,0
1977.2055,0,0,0,0
1977.2082,0,0,0,0
1977.211,0,0,0,0
1977.2137,0,0,0,0
1977.2164,0,0,0,0
1977.2192,0,0,0,0
1977.2219,0,0,0,0
1977.2247,0,0,0,0
1977.2274,0,0,0,0
1977.2301,0,0,0,0
1977.2329,0,0,0,0
1977.2356,0,0,0,0
1977.2384,0,0,0,0
1977.2411,0,0,0,0
1977.2438,0,0,0,0
1977.2466,0,0,0,0
1977.2493,0,0,0,0
1977.2521,0,0,0,0
1977.2548,0,0,0,0
1977.2575,0,0,0,0
1977.2603,0,0,0,0
1977.263,0,0,0,0
1977.2658,0,0,0,0
1977.2685,0,0,0,0
1977.2712,0,0,0,0
1977.274,0,0,0,0
1977.2767,0,0,0,0
1977.2795,0,0,0,0
1977.2822,0,0,0,0
1977.2849,0,0,0,0
1977.2877,0,0,0,0
1977.2904,0,0,0,0
1977.2932,0,0,0,0
1977.2959,0,0,0,0
1977.2986,0,0,0,0
1977.3014,0,0,0,0
1977.3041,0,0,0,0
1977.3068,0,0,0,0
1977.3096,0,0,0,0
1977.3123,0,0,0,0
1977.3151,0,0,0,0
1977.3178,0,0,0,0
1977.3205,0,0,0,0
1977.3233,0,0,0,0
1977.326,0,0,0,0
1977.3288,0,0,0,0
1977.3315,0,0,0,0
1977.3342,0,0,0,0
1977.337,0,0,0,0
1977.3397,0,0,0,0
1977.3425,0,0,0,0
1977.3452,0,0,0,0
1977.3479,0,0,0,0
1977.3507,0,0,0,0
1977.3534,0,0,0,0
1977.3562,0,0,0,0
1977.3589,0,0,0,0
1977.3616,0,0,0,0
1977.3644,0,0,0,0
1977.3671,0,0,0,0
1977.3699,0,0,0,0
1977.3726,0,0,0,0
1977.3753,0,0,0,0
1977.3781,0,0,0,0
1977.3808,0,0,0,0
1977.3836,0,0,0,0
1977.3863,0,0,0,0
1977.389,0,0,0,0
1977.3918,0,0,0,0
1977.3945,0,0,0,0
1977.3973,0,0,0,0
1977.4,0,0,0,0
1977.4027,0,0,0,0
1977.4055,0,0,0,0
1977.4082,0,0,0,0
1977.411,0,0,0,0
1977.4137,0,0,0,0
1977.4164,0,0,0,0
1977.4192,0,0,0,0
1977.4219,0,0,0,0
1977.4247,0,0,0,0
1977.4274,0,0,0,0
1977.4301,0,0,0,0
1977.4329,0,0,0,0
1977.4356,0,0,0,0
1977.4384,0,0,0,0
1977.4411,0,0,0,0
1977.4438,0,0,0,0
1977.4466,0,0,0,0
1977.4493,0,0,0,0
1977.4521,0,0,0,0
1977.4548,0,0,0,0
1977.4575,0,0,0,0
1977.4603,0,0,0,0
1977.463,0,0,0,0
1977.4658,0,0,0,0
1977.4685,0,0,0,0
1977.4712,0,0,0,0
1977.474,0,0,0,0
1977.4767,0,0,0,0
1977.4795,0,0,0,0
1977.4822,0,0,0,0
1977.4849,0,0,0,0
1977.4877,0,0,0,0
1977.4904,0,0,0,0
1977.4932,0,0,0,0
1977.4959,0,0,0,0
1977.4986,0,0,0,0
1977.5014,0,0,0,0
1977.5041,0,0,0,0
1977.5068,0,0,0,0
1977.5096,0,0,0,0
1977.5123,0,0,0,0
1977.5151,0,0,0,0
1977.5178,0,0,0,0
1977.5205,0,0,0,0
1977.5233,0,0,0,0
1977.526,0,0,0,0
1977.5288,0,0,0,0
1977.5315,0,0,0,0
1977.5342,0,0,0,0
1977.537,0,0,0,0
1977.5397,0,0,0,0
1977.5425,0,0,0,0
1977.5452,0,0,0,0
1977.5479,0,0,0,0
1977.5507,0,0,0,0
1977.5534,0,0,0,0
1977.5562,0,0,0,0
1977.5589,0,0,0,0
1977.5616,0,0,0,0
1977.5644,0,0,0,0
1977.5671,0,0,0,0
1977.5699,0,0,0,0
1977.5726,0,0,0,0
1977.5753,0,0,0,0
1977.5781,0,0,0,0
1977.5808,0,0,0,0
1977.5836,0,0,0,0
1977.5863,0,0,0,0
1977.589,0,0,0,0
1977.5918,0,0,0,0
1977.5945,0,0,0,0
1977.5973,0,0,0,0
1977.6,0,0,0,0
1977.6027,0,0,0,0
1977.6055,0,0,0,0
1977.6082,0,0,0,0
1977.611,0,0,0,0
1977.6137,0,0,0,0
1977.6164,0,0,0,0
1977.6192,0,0,0,0
1977.6219,0,0,0,0
1977.6247,0,0,0,0
1977.6274,0,0,0,0
1977.6301,0,0,0,0
1977.6329,0,0,0,0
1977.6356,0,0,0,0
1977.6384,0,0,0,0
1977.6411,0,0,0,0
1977.6438,0,0,0,0
1977.6466,0,0,0,0
1977.6493,0,0,0,0
1977.6521,0,0,0,0
1977.6548,0,0,0,0
1977.6575,0,0,0,0
1977.6603,0,0,0,0
1977.663,0,0,0,0
1977.6658,0,0,0,0
1977.6685,0,0,0,0
1977.6712,0,0,0,0
1977.674,0,0,0,0
1977.6767,0,0,0,0
1977.6795,0,0,0,0
1977.6822,0,0,0,0
1977.6849,0,0,0,0
1977.6877,0,0,0,0
1977.6904,0,0,0,0
1977.6932,0,0,0,0
1977.6959,0,0,0,0
1977.6986,0,0,0,0
1977.7014,0,0,0,0
1977.7041,0,0,0,0
1977.7068,0,0,0,0
1977.7096,0,0,0,0
1977.7123,0,0,0,0
1977.7151,0,0,0,0
1977.7178,0,0,0,0
1977.7205,0,0,0,0
1977.7233,0,0,0,0
1977.726,0,0,0,0
1977.7288,0,0,0,0
1977.7315,0,0,0,0
1977.7342,0,0,0,0
1977.737,0,0,0,0
1977.7397,0,0,0,0
1977.7425,0,0,0,0
1977.7452,0,0,0,0
1977.7479,0,0,0,0
1977.7507,0,0,0,0
1977.7534,0,0,0,0
1977.7562,0,0,0,0
1977.7589,0,0,0,0
1977.7616,0,0,0,0
1977.7644,0,0,0,0
1977.7671,0,0,0,0
1977.7699,0,0,0,0
1977.7726,0,0,0,0
1977.7753,0,0,0,0
1977.7781,0,0,0,0
1977.7808,0,0,0,0
1977.7836,0,0,0,0
1977.7863,0,0,0,0
1977.789,0,0,0,0
1977.7918,0,0,0,0
1977.7945,0,0,0,0
1977.7973,0,0,0,0
1977.8,0,0,0,0
1977.8027,0,0,0,0
1977.8055,0,0,0,0
1977.8082,0,0,0,0
1977.811,0,0,0,0
1977.8137,0,0,0,0
1977.8164,0,0,0,0
1977.8192,0,0,0,0
1977.8219,0,0,0,0
1977.8247,0,0,0,0
1977.8274,0,0,0,0
1977.8301,0,0,0,0
1977.8329,0,0,0,0
1977.8356,0,0,0,0
1977.8384,0,0,0,0
1977.8411,0,0,0,0
1977.8438,0,0,0,0
1977.8466,0,0,0,0
1977.8493,0,0,0,0
1977.8521,0,0,0,0
1977.8548,0,0,0,0
1977.8575,0,0,0,0
1977.8603,0,0,0,0
1977.863,0,0,0,0
1977.8658,0,0,0,0
1977.8685,0,0,0,0
1977.8712,0,0,0,0
1977.874,0,0,0,0
1977.8767,0,0,0,0
1977.8795,0,0,0,0
1977.8822,0,0,0,0
1977.8849,0,0,0,0
1977.8877,0,0,0,0
1977.8904,0,0,0,0
1977.8932,0,0,0,0
1977.8959,0,0,0,0
1977.8986,0,0,0,0
1977.9014,0,0,0,0
1977.9041,0,0,0,0
1977.9068,0,0,0,0
1977.9096,0,0,0,0
1977.9123,0,0,0,0
1977.9151,0,0,0,0
1977.9178,0,0,0,0
1977.9205,0,0,0,0
1977.9233,0,0,0,0
1977.926,0,0,0,0
1977.9288,0,0,0,0
1977.9315,0,0,0,0
1977.9342,0,0,0,0
1977.937,0,0,0,0
1977.9397,0,0,0,0
1977.9425,0,0,0,0
1977.9452,0,0,0,0
1977.9479,0,0,0,0
1977.9507,0,0,0,0
1977.9534,0,0,0,0
1977.9562,0,0,0,0
1977.9589,0,0,0,0
1977.9616,0,0,0,0
1977.9644,0,0,0,0
1977.9671,0,0,0,0
1977.9699,0,0,0,0
1977.9726,0,0,0,0
1977.9753,0,0,0,0
1977.9781,0,0,0,0
1977.9808,0,0,0,0
1977.9836,0,0,0,0
1977.9863,0,0,0,0
1977.989,0,0,0,0
1977.9918,0,0,0,0
1977.9945,0,0,0,0
1977.9973,0,0,0,0
1978,0,0,0,0
1978.0027,0,0,0,0
1978.0055,0,0,0,0
1978.0082,0,0,0,0
1978.011,0,0,0,0
1978.0137,0,0,0,0
1978.0164,0,0,0,0
1978.0192,0,0,0,0
1978.0219,0,0,0,0
1978.0247,0,0,0,0
1978.0274,0,0,0,0
1978.0301,0,0,0,0
1978.0329,0,0,0,0
1978.0356,0,0,0,0
1978.0384,0,0,0,0
1978.0411,0,0,0,0
1978.0438,0,0,0,0
1978.0466,0,0,0,0
1978.0493,0,0,0,0
1978.0521,0,0,0,0
1978.0548,0,0,0,0
1978.0575,0,0,0,0
1978.0603,0,0,0,0
1978.063,0,0,0,0
1978.0658,0,0,0,0
1978.0685,0,0,0,0
1978.0712,0,0,0,0
1978.074,0,0,0,0
1978.0767,0,0,0,0
1978.0795,0,0,0,0
1978.0822,0,0,0,0
1978.0849,0,0,0,0
1978.0877,0,0,0,0
1978.0904,0,0,0,0
1978.0932,0,0,0,0
1978.0959,0,0,0,0
1978.0986,0,0,0,0
1978.1014,0,0,0,0
1978.1041,0,0,0,0
1978.1068,0,0,0,0
1978.1096,0,0,0,0
1978.1123,0,0,0,0
1978.1151,0,0,0,0
1978.1178,0,0,0,0
1978.1205,0,0,0,0
1978.1233,0,0,0,0
1978.126,0,0,0,0
1978.1288,0,0,0,0
1978.1315,0,0,0,0
1978.1342,0,0,0,0
1978.137,0,0,0,0
1978.1397,0,0,0,0
1978.1425,0,0,0,0
1978.1452,0,0,0,0
1978.1479,0,0,0,0
1978.1507,0,0,0,0
1978.1534,0,0,0,0
1978.1562,0,0,0,0
1978.1589,0,0,0,0
1978.1616,0,0,0,0
1978.1644,0,0,0,0
1978.1671,0,0,0,0
1978.1699,0,0,0,0
1978.1726,0,0,0,0
1978.1753,0,0,0,0
1978.1781,0,0,0,0
1978.1808,0,0,0,0
1978.1836,0,0,0,0
1978.1863,0,0,0,0
1978.189,0,0,0,0
1978.1918,0,0,0,0
1978.1945,0,0,0,0
1978.1973,0,0,0,0
1978.2,0,0,0,0
1978.2027,0,0,0,0
1978.2055,0,0,0,0
1978.2082,0,0,0,0
1978.211,0,0,0,0
1978.2137,0,0,0,0
1978.2164,0,0,0,0
1978.2192,0,0,0,0
1978.2219,0,0,0,0
1978.2247,0,0,0,0
1978.2274,0,0,0,0
1978.2301,0,0,0,0
1978.2329,0,0,0,0
1978.2356,0,0,0,0
1978.2384,0,0,0,0
1978.2411,0,0,0,0
1978.2438,0,0,0,0
1978.2466,0,0,0,0
1978.2493,0,0,0,0
1978.2521,0,0,0,0
1978.2548,0,0,0,0
1978.2575,0,0,0,0
1978.2603,0,0,0,0
1978.263,0,0,0,0
1978.2658,0,0,0,0
1978.2685,0,0,0,0
1978.2712,0,0,0,0
1978.274,0,0,0,0
1978.2767,0,0,0,0
1978.2795,0,0,0,0
1978.2822,0,0,0,0
1978.2849,0,0,0,0
1978.2877,0,0,0,0
1978.2904,0,0,0,0
1978.2932,0,0,0,0
1978.2959,0,0,0,0
1978.2986,0,0,0,0
1978.3014,0,0,0,0
1978.3041,0,0,0,0
1978.3068,0,0,0,0
1978.3096,0,0,0,0
1978.3123,0,0,0,0
1978.3151,0,0,0,0
1978.3178,0,0,0,0
1978.3205,0,0,0,0
1978.3233,0,0,0,0
1978.326,0,0,0,0
1978.3288,0,0,0,0
1978.3315,0,0,0,0
1978.3342,0,0,0,0
1978.337,0,0,0,0
1978.3397,0,0,0,0
1978.3425,0,0,0,0
1978.3452,0,0,0,0
1978.3479,0,0,0,0
1978.3507,0,0,0,0
1978.3534,0,0,0,0
1978.3562,0,0,0,0
1978.3589,0,0,0,0
1978.3616,0,0,0,0
1978.3644,0,0,0,0
1978.3671,0,0,0,0
1978.3699,0,0,0,0
1978.3726,0,0,0,0
1978.3753,0,0,0,0
1978.3781,0,0,0,0
1978.3808,0,0,0,0
1978.3836,0,0,0,0
1978.3863,0,0,0,0
1978.389,0,0,0,0
1978.3918,0,0,0,0
1978.3945,0,0,0,0
1978.3973,0,0,0,0
1978.4,0,0,0,0
1978.4027,0,0,0,0
1978.4055,0,0,0,0
1978.4082,0,0,0,0
1978.411,0,0,0,0
1978.4137,0,0,0,0
1978.4164,0,0,0,0
1978.4192,0,0,0,0
1978.4219,0,0,0,0
1978.4247,0,0,0,0
1978.4274,0,0,0,0
1978.4301,0,0,0,0
1978.4329,0,0,0,0
1978.4356,0,0,0,0
1978.4384,0,0,0,0
1978.4411,0,0,0,0
1978.4438,0,0,0,0
1978.4466,0,0,0,0
1978.4493,0,0,0,0
1978.4521,0,0,0,0
1978.4548,0,0,0,0
1978.4575,0,0,0,0
1978.4603,0,0,0,0
1978.463,0,0,0,0
1978.4658,0,0,0,0
1978.4685,0,0,0,0
1978.4712,0,0,0,0
1978.474,0,0,0,0
1978.4767,0,0,0,0
1978.4795,0,0,0,0
1978.4822,0,0,0,0
1978.4849,0,0,0,0
1978.4877,0,0,0,0
1978.4904,0,0,0,0
1978.4932,0,0,0,0
1978.4959,0,0,0,0
1978.4986,0,0,0,0
1978.5014,0,0,0,0
1978.5041,0,0,0,0
1978.5068,0,0,0,0
1978.5096,0,0,0,0
1978.5123,0,0,0,0
1978.5151,0,0,0,0
1978.5178,0,0,0,0
1978.5205,0,0,0,0
1978.5233,0,0,0,0
1978.526,0,0,0,0
1978.5288,0,0,0,0
1978.5315,0,0,0,0
1978.5342,0,0,0,0
1978.537,0,0,0,0
1978.5397,0,0,0,0
1978.5425,0,0,0,0
1978.5452,0,0,0,0
1978.5479,0,0,0,0
1978.5507,0,0,0,0
1978.5534,0,0,0,0
1978.5562,0,0,0,0
1978.5589,0,0,0,0
1978.5616,0,0,0,0
1978.5644,0,0,0,0
1978.5671,0,0,0,0
1978.5699,0,0,0,0
1978.5726,0,0,0,0
1978.5753,0,0,0,0
1978.5781,0,0,0,0
1978.5808,0,0,0,0
1978.5836,0,0,0,0
1978.5863,0,0,0,0
1978.589,0,0,0,0
1978.5918,0,0,0,0
1978.5945,0,0,0,0
1978.5973,0,0,0,0
1978.6,0,0,0,0
1978.6027,0,0,0,0
1978.6055,0,0,0,0
1978.6082,0,0,0,0
1978.611,0,0,0,0
1978.6137,0,0,0,0
1978.6164,0,0,0,0
1978.6192,0,0,0,0
1978.6219,0,0,0,0
1978.6247,0,0,0,0
1978.6274,0,0,0,0
1978.6301,0,0,0,0
1978.6329,0,0,0,0
1978.6356,0,0,0,0
1978.6384,0,0,0,0
1978.6411,0,0,0,0
1978.6438,0,0,0,0
1978.6466,0,0,0,0
1978.6493,0,0,0,0
1978.6521,0,0,0,0
1978.6548,0,0,0,0
1978.6575,0,0,0,0
1978.6603,0,0,0,0
1978.663,0,0,0,0
1978.6658,0,0,0,0
1978.6685,0,0,0,0
1978.6712,0,0,0,0
1978.674,0,0,0,0
1978.6767,0,0,0,0
1978.6795,0,0,0,0
1978.6822,0,0,0,0
1978.6849,0,0,0,0
1978.6877,0,0,0,0
1978.6904,0,0,0,0
1978.6932,0,0,0,0
1978.6959,0,0,0,0
1978.6986,0,0,0,0
1978.7014,0,0,0,0
1978.7041,0,0,0,0
1978.7068,0,0,0,0
1978.7096,0,0,0,0
1978.7123,0,0,0,0
1978.7151,0,0,0,0
1978.7178,0,0,0,0
1978.7205,0,0,0,0
1978.7233,0,0,0,0
1978.726,0,0,0,0
1978.7288,0,0,0,0
1978.7315,0,0,0,0
1978.7342,0,0,0,0
1978.737,0,0,0,0
1978.7397,0,0,0,0
1978.7425,0,0,0,0
1978.7452,0,0,0,0
1978.7479,0,0,0,0
1978.7507,0,0,0,0
1978.7534,0,0,0,0
1978.7562,0,0,0,0
1978.7589,0,0,0,0
1978.7616,0,0,0,0
1978.7644,0,0,0,0
1978.7671,0,0,0,0
1978.7699,0,0,0,0
1978.7726,0,0,0,0
1978.7753,0,0,0,0
1978.7781,0,0,0,0
1978.7808,0,0,0,0
1978.7836,0,0,0,0
1978.7863,0,0,0,0
1978.789,0,0,0,0
1978.7918,0,0,0,0
1978.7945,0,0,0,0
1978.7973,0,0,0,0
1978.8,0,0,0,0
1978.8027,0,0,0,0
1978.8055,0,0,0,0
1978.8082,0,0,0,0
1978.811,0,0,0,0
1978.8137,0,0,0,0
1978.8164,0,0,0,0
1978.8192,0,0,0,0
1978.8219,0,0,0,0
1978.8247,0,0,0,0
1978.8274,0,0,0,0
1978.8301,0,0,0,0
1978.8329,0,0,0,0
1978.8356,0,0,0,0
1978.8384,0,0,0,0
1978.8411,0,0,0,0
1978.8438,0,0,0,0
1978.8466,0,0,0,0
1978.8493,0,0,0,0
1978.8521,0,0,0,0
1978.8548,0,0,0,0
1978.8575,0,0,0,0
1978.8603,0,0,0,0
1978.863,0,0,0,0
1978.8658,0,0,0,0
1978.8685,0,0,0,0
1978.8712,0,0,0,0
1978.874,0,0,0,0
1978.8767,0,0,0,0
1978.8795,0,0,0,0
1978.8822,0,0,0,0
1978.8849,0,0,0,0
1978.8877,0,0,0,0
1978.8904,0,0,0,0
1978.8932,0,0,0,0
1978.8959,0,0,0,0
1978.8986,0,0,0,0
1978.9014,0,0,0,0
1978.9041,0,0,0,0
1978.9068,0,0,0,0
1978.9096,0,0,0,0
1978.9123,0,0,0,0
1978.9151,0,0,0,0
1978.9178,0,0,0,0
1978.9205,0,0,0,0
1978.9233,0,0,0,0
1978.926,0,0,0,0
1978.9288,0,0,0,0
1978.9315,0,0,0,0
1978.9342,0,0,0,0
1978.937,0,0,0,0
1978.9397,0,0,0,0
1978.9425,0,0,0,0
1978.9452,0,0,0,0
1978.9479,0,0,0,0
1978.9507,0,0,0,0
1978.9534,0,0,0,0
1978.9562,0,0,0,0
1978.9589,0,0,0,0
1978.9616,0,0,0,0
1978.9644,0,0,0,0
1978.9671,0,0,0,0
1978.9699,0,0,0,0
1978.9726,0,0,0,0
1978.9753,0,0,0,0
1978.9781,0,0,0,0
1978.9808,0,0,0,0
1978.9836,0,0,0,0
1978.9863,0,0,0,0
1978.989,0,0,0,0
1978.9918,0,0,0,0
1978.9945,0,0,0,0
1978.9973,0,0,0,0
1979,0,0,0,0
1979.0027,0,0,0,0
1979.0055,0,0,0,0
1979.0082,0,0,0,0
1979.011,0,0,0,0
1979.0137,0,0,0,0
1979.0164,0,0,0,0
1979.0192,0,0,0,0
1979.0219,0,0,0,0
1979.0247,0,0,0,0
1979.0274,0,0,0,0
1979.0301,0,0,0,0
1979.0329,0,0,0,0
1979.0356,0,0,0,0
1979.0384,0,0,0,0
1979.0411,0,0,0,0
1979.0438,0,0,0,0
1979.0466,0,0,0,0
1979.0493,0,0,0,0
1979.0521,0,0,0,0
1979.0548,0,0,0,0
1979.0575,0,0,0,0
1979.0603,0,0,0,0
1979.063,0,0,0,0
1979.0658,0,0,0,0
1979.0685,0,0,0,0
1979.0712,0,0,0,0
1979.074,0,0,0,0
1979.0767,0,0,0,0
1979.0795,0,0,0,0
1979.0822,0,0,0,0
1979.0849,0,0,0,0
1979.0877,0,0,0,0
1979.0904,0,0,0,0
1979.0932,0,0,0,0
1979.0959,0,0,0,0
1979.0986,0,0,0,0
1979.1014,0,0,0,0
1979.1041,0,0,0,0
1979.1068,0,0,0,0
1979.1096,0,0,0,0
1979.1123,0,0,0,0
1979.1151,0,0,0,0
1979.1178,0,0,0,0
1979.1205,0,0,0,0
1979.1233,0,0,0,0
1979.126,0,0,0,0
1979.1288,0,0,0,0
1979.1315,0,0,0,0
1979.1342,0,0,0,0
1979.137,0,0,0,0
1979.1397,0,0,0,0
1979.1425,0,0,0,0
1979.1452,0,0,0,0
1979.1479,0,0,0,0
1979.1507,0,0,0,0
1979.1534,0,0,0,0
1979.1562,0,0,0,0
1979.1589,0,0,0,0
1979.1616,0,0,0,0
1979.1644,0,0,0,0
1979.1671,0,0,0,0
1979.1699,0,0,0,0
1979.1726,0,0,0,0
1979.1753,0,0,0,0
1979.1781,0,0,0,0
1979.1808,0,0,0,0
1979.1836,0,0,0,0
1979.1863,0,0,0,0
1979.189,0,0,0,0
1979.1918,0,0,0,0
1979.1945,0,0,0,0
1979.1973,0,0,0,0
1979.2,0,0,0,0
1979.2027,0,0,0,0
1979.2055,0,0,0,0
1979.2082,0,0,0,0
1979.211,0,0,0,0
1979.2137,0,0,0,0
1979.2164,0,0,0,0
1979.2192,0,0,0,0
1979.2219,0,0,0,0
1979.2247,0,0,0,0
1979.2274,0,0,0,0
1979.2301,0,0,0,0
1979.2329,0,0,0,0
1979.2356,0,0,0,0
1979.2384,0,0,0,0
1979.2411,0,0,0,0
1979.2438,0,0,0,0
1979.2466,0,0,0,0
1979.2493,0,0,0,0
1979.2521,0,0,0,0
1979.2548,0,0,0,0
1979.2575,0,0,0,0
1979.2603,0,0,0,0
1979.263,0,0,0,0
1979.2658,0,0,0,0
1979.2685,0,0,0,0
1979.2712,0,0,0,0
1979.274,1,1,0,0
1979.2767,0,0,0,0
1979.2795,0,0,0,0
1979.2822,0,0,0,0
1979.2849,0,0,0,0
1979.2877,0,0,0,0
1979.2904,0,0,0,0
1979.2932,0,0,0,0
1979.2959,0,0,0,0
1979.2986,0,0,0,0
1979.3014,0,0,0,0
1979.3041,0,0,0,0
1979.3068,0,0,0,0
1979.3096,0,0,0,0
1979.3123,0,0,0,0
1979.3151,0,0,0,0
1979.3178,0,0,0,0
1979.3205,0,0,0,0
1979.3233,0,0,0,0
1979.326,0,0,0,0
1979.3288,0,0,0,0
1979.3315,0,0,0,0
1979.3342,0,0,0,0
1979.337,0,0,0,0
1979.3397,0,0,0,0
1979.3425,0,0,0,0
1979.3452,0,0,0,0
1979.3479,0,0,0,0
1979.3507,0,0,0,0
1979.3534,0,0,0,0
1979.3562,0,0,0,0
1979.3589,0,0,0,0
1979.3616,0,0,0,0
1979.3644,0,0,0,0
1979.3671,0,0,0,0
1979.3699,0,0,0,0
1979.3726,0,0,0,0
1979.3753,0,0,0,0
1979.3781,0,0,0,0
1979.3808,0,0,0,0
1979.3836,0,0,0,0
1979.3863,0,0,0,0
1979.389,0,0,0,0
1979.3918,0,0,0,0
1979.3945,0,0,0,0
1979.3973,0,0,0,0
1979.4,0,0,0,0
1979.4027,0,0,0,0
1979.4055,0,0,0,0
1979.4082,0,0,0,0
1979.411,0,0,0,0
1979.4137,0,0,0,0
1979.4164,0,0,0,0
1979.4192,0,0,0,0
1979.4219,0,0,0,0
1979.4247,0,0,0,0
1979.4274,0,0,0,0
1979.4301,0,0,0,0
1979.4329,0,0,0,0
1979.4356,0,0,0,0
1979.4384,0,0,0,0
1979.4411,0,0,0,0
1979.4438,0,0,0,0
1979.4466,0,0,0,0
1979.4493,0,0,0,0
1979.4521,0,0,0,0
1979.4548,0,0,0,0
1979.4575,0,0,0,0
1979.4603,0,0,0,0
1979.463,0,0,0,0
1979.4658,0,0,0,0
1979.4685,0,0,0,0
1979.4712,0,0,0,0
1979.474,0,0,0,0
1979.4767,0,0,0,0
1979.4795,0,0,0,0
1979.4822,0,0,0,0
1979.4849,0,0,0,0
1979.4877,0,0,0,0
1979.4904,0,0,0,0
1979.4932,0,0,0,0
1979.4959,0,0,0,0
1979.4986,0,0,0,0
1979.5014,0,0,0,0
1979.5041,0,0,0,0
1979.5068,0,0,0,0
1979.5096,0,0,0,0
1979.5123,0,0,0,0
1979.5151,0,0,0,0
1979.5178,0,0,0,0
1979.5205,0,0,0,0
1979.5233,0,0,0,0
1979.526,0,0,0,0
1979.5288,0,0,0,0
1979.5315,0,0,0,0
1979.5342,0,0,0,0
1979.537,0,0,0,0
1979.5397,0,0,0,0
1979.5425,0,0,0,0
1979.5452,0,0,0,0
1979.5479,0,0,0,0
1979.5507,0,0,0,0
1979.5534,0,0,0,0
1979.5562,0,0,0,0
1979.5589,0,0,0,0
1979.5616,0,0,0,0
1979.5644,0,0,0,0
1979.5671,0,0,0,0
1979.5699,0,0,0,0
1979.5726,0,0,0,0
1979.5753,0,0,0,0
1979.5781,0,0,0,0
1979.5808,0,0,0,0
1979.5836,0,0,0,0
1979.5863,0,0,0,0
1979.589,0,0,0,0
1979.5918,0,0,0,0
1979.5945,0,0,0,0
1979.5973,0,0,0,0
1979.6,0,0,0,0
1979.6027,0,0,0,0
1979.6055,0,0,0,0
1979.6082,0,0,0,0
1979.611,0,0,0,0
1979.6137,0,0,0,0
1979.6164,0,0,0,0
1979.6192,0,0,0,0
1979.6219,0,0,0,0
1979.6247,0,0,0,0
1979.6274,0,0,0,0
1979.6301,0,0,0,0
1979.6329,0,0,0,0
1979.6356,0,0,0,0
1979.6384,0,0,0,0
1979.6411,0,0,0,0
1979.6438,0,0,0,0
1979.6466,0,0,0,0
1979.6493,0,0,0,0
1979.6521,0,0,0,0
1979.6548,0,0,0,0
1979.6575,0,0,0,0
1979.6603,0,0,0,0
1979.663,0,0,0,0
1979.6658,0,0,0,0
1979.6685,0,0,0,0
1979.6712,0,0,0,0
1979.674,0,0,0,0
1979.6767,0,0,0,0
1979.6795,0,0,0,0
1979.6822,0,0,0,0
1979.6849,0,0,0,0
1979.6877,0,0,0,0
1979.6904,0,0,0,0
1979.6932,0,0,0,0
1979.6959,0,0,0,0
1979.6986,0,0,0,0
1979.7014,0,0,0,0
1979.7041,0,0,0,0
1979.7068,0,0,0,0
1979.7096,0,0,0,0
1979.7123,0,0,0,0
1979.7151,0,0,0,0
1979.7178,0,0,0,0
1979.7205,0,0,0,0
1979.7233,0,0,0,0
1979.726,0,0,0,0
1979.7288,0,0,0,0
1979.7315,0,0,0,0
1979.7342,0,0,0,0
1979.737,0,0,0,0
1979.7397,0,0,0,0
1979.7425,0,0,0,0
1979.7452,0,0,0,0
1979.7479,0,0,0,0
1979.7507,0,0,0,0
1979.7534,0,0,0,0
1979.7562,0,0,0,0
1979.7589,0,0,0,0
1979.7616,0,0,0,0
1979.7644,0,0,0,0
1979.7671,0,0,0,0
1979.7699,0,0,0,0
1979.7726,0,0,0,0
1979.7753,0,0,0,0
1979.7781,0,0,0,0
1979.7808,0,0,0,0
1979.7836,0,0,0,0
1979.7863,0,0,0,0
1979.789,0,0,0,0
1979.7918,0,0,0,0
1979.7945,0,0,0,0
1979.7973,0,0,0,0
1979.8,0,0,0,0
1979.8027,0,0,0,0
1979.8055,0,0,0,0
1979.8082,0,0,0,0
1979.811,0,0,0,0
1979.8137,0,0,0,0
1979.8164,0,0,0,0
1979.8192,0,0,0,0
1979.8219,0,0,0,0
1979.8247,0,0,0,0
1979.8274,0,0,0,0
1979.8301,0,0,0,0
1979.8329,0,0,0,0
1979.8356,0,0,0,0
1979.8384,0,0,0,0
1979.8411,0,0,0,0
1979.8438,0,0,0,0
1979.8466,0,0,0,0
1979.8493,0,0,0,0
1979.8521,0,0,0,0
1979.8548,0,0,0,0
1979.8575,0,0,0,0
1979.8603,0,0,0,0
1979.863,0,0,0,0
1979.8658,0,0,0,0
1979.8685,0,0,0,0
1979.8712,0,0,0,0
1979.874,0,0,0,0
1979.8767,0,0,0,0
1979.8795,0,0,0,0
1979.8822,0,0,0,0
1979.8849,0,0,0,0
1979.8877,0,0,0,0
1979.8904,0,0,0,0
1979.8932,0,0,0,0
1979.8959,0,0,0,0
1979.8986,0,0,0,0
1979.9014,0,0,0,0
1979.9041,0,0,0,0
1979.9068,0,0,0,0
1979.9096,0,0,0,0
1979.9123,0,0,0,0
1979.9151,0,0,0,0
1979.9178,0,0,0,0
1979.9205,0,0,0,0
1979.9233,0,0,0,0
1979.926,0,0,0,0
1979.9288,0,0,0,0
1979.9315,0,0,0,0
1979.9342,0,0,0,0
1979.937,0,0,0,0
1979.9397,0,0,0,0
1979.9425,0,0,0,0
1979.9452,0,0,0,0
1979.9479,0,0,0,0
1979.9507,0,0,0,0
1979.9534,0,0,0,0
1979.9562,0,0,0,0
1979.9589,0,0,0,0
1979.9616,0,0,0,0
1979.9644,0,0,0,0
1979.9671,0,0,0,0
1979.9699,0,0,0,0
1979.9726,0,0,0,0
1979.9753,0,0,0,0
1979.9781,0,0,0,0
1979.9808,0,0,0,0
1979.9836,0,0,0,0
1979.9863,0,0,0,0
1979.989,0,0,0,0
1979.9918,0,0,0,0
1979.9945,0,0,0,0
1979.9973,0,0,0,0
1980,0,0,0,0
1980.0027,0,0,0,0
1980.0055,0,0,0,0
1980.0082,0,0,0,0
1980.011,0,0,0,0
1980.0137,0,0,0,0
1980.0164,0,0,0,0
1980.0192,0,0,0,0
1980.0219,0,0,0,0
1980.0247,0,0,0,0
1980.0274,0,0,0,0
1980.0301,0,0,0,0
1980.0329,0,0,0,0
1980.0356,0,0,0,0
1980.0384,0,0,0,0
1980.0411,0,0,0,0
1980.0438,0,0,0,0
1980.0466,0,0,0,0
1980.0493,0,0,0,0
1980.0521,0,0,0,0
1980.0548,0,0,0,0
1980.0575,0,0,0,0
1980.0603,0,0,0,0
1980.063,0,0,0,0
1980.0658,0,0,0,0
1980.0685,0,0,0,0
1980.0712,0,0,0,0
1980.074,0,0,0,0
1980.0767,0,0,0,0
1980.0795,0,0,0,0
1980.0822,0,0,0,0
1980.0849,0,0,0,0
1980.0877,0,0,0,0
1980.0904,0,0,0,0
1980.0932,0,0,0,0
1980.0959,0,0,0,0
1980.0986,0,0,0,0
1980.1014,0,0,0,0
1980.1041,0,0,0,0
1980.1068,0,0,0,0
1980.1096,0,0,0,0
1980.1123,0,0,0,0
1980.1151,0,0,0,0
1980.1178,0,0,0,0
1980.1205,0,0,0,0
1980.1233,0,0,0,0
1980.126,0,0,0,0
1980.1288,0,0,0,0
1980.1315,0,0,0,0
1980.1342,0,0,0,0
1980.137,0,0,0,0
1980.1397,0,0,0,0
1980.1425,0,0,0,0
1980.1452,0,0,0,0
1980.1479,0,0,0,0
1980.1507,0,0,0,0
1980.1534,0,0,0,0
1980.1562,0,0,0,0
1980.1589,0,0,0,0
1980.1616,0,0,0,0
1980.1644,0,0,0,0
1980.1671,0,0,0,0
1980.1699,0,0,0,0
1980.1726,0,0,0,0
1980.1753,0,0,0,0
1980.1781,0,0,0,0
1980.1808,0,0,0,0
1980.1836,0,0,0,0
1980.1863,0,0,0,0
1980.189,0,0,0,0
1980.1918,0,0,0,0
1980.1945,0,0,0,0
1980.1973,0,0,0,0
1980.2,0,0,0,0
1980.2027,0,0,0,0
1980.2055,0,0,0,0
1980.2082,0,0,0,0
1980.211,0,0,0,0
1980.2137,0,0,0,0
1980.2164,0,0,0,0
1980.2192,0,0,0,0
1980.2219,0,0,0,0
1980.2247,0,0,0,0
1980.2274,0,0,0,0
1980.2301,0,0,0,0
1980.2329,0,0,0,0
1980.2356,0,0,0,0
1980.2384,0,0,0,0
1980.2411,0,0,0,0
1980.2438,0,0,0,0
1980.2466,0,0,0,0
1980.2493,0,0,0,0
1980.2521,0,0,0,0
1980.2548,0,0,0,0
1980.2575,0,0,0,0
1980.2603,0,0,0,0
1980.263,0,0,0,0
1980.2658,0,0,0,0
1980.2685,0,0,0,0
1980.2712,0,0,0,0
1980.274,0,0,0,0
1980.2767,0,0,0,0
1980.2795,0,0,0,0
1980.2822,0,0,0,0
1980.2849,0,0,0,0
1980.2877,0,0,0,0
1980.2904,0,0,0,0
1980.2932,0,0,0,0
1980.2959,0,0,0,0
1980.2986,0,0,0,0
1980.3014,0,0,0,0
1980.3041,0,0,0,0
1980.3068,0,0,0,0
1980.3096,0,0,0,0
1980.3123,0,0,0,0
1980.3151,0,0,0,0
1980.3178,0,0,0,0
1980.3205,0,0,0,0
1980.3233,0,0,0,0
1980.326,0,0,0,0
1980.3288,0,0,0,0
1980.3315,0,0,0,0
1980.3342,0,0,0,0
1980.337,0,0,0,0
1980.3397,0,0,0,0
1980.3425,0,0,0,0
1980.3452,0,0,0,0
1980.3479,0,0,0,0
1980.3507,0,0,0,0
1980.3534,0,0,0,0
1980.3562,0,0,0,0
1980.3589,0,0,0,0
1980.3616,0,0,0,0
1980.3644,0,0,0,0
1980.3671,0,0,0,0
1980.3699,0,0,0,0
1980.3726,0,0,0,0
1980.3753,0,0,0,0
1980.3781,0,0,0,0
1980.3808,0,0,0,0
1980.3836,0,0,0,0
1980.3863,0,0,0,0
1980.389,0,0,0,0
1980.3918,0,0,0,0
1980.3945,0,0,0,0
1980.3973,0,0,0,0
1980.4,0,0,0,0
1980.4027,0,0,0,0
1980.4055,0,0,0,0
1980.4082,0,0,0,0
1980.411,0,0,0,0
1980.4137,0,0,0,0
1980.4164,0,0,0,0
1980.4192,0,0,0,0
1980.4219,0,0,0,0
1980.4247,0,0,0,0
1980.4274,0,0,0,0
1980.4301,0,0,0,0
1980.4329,0,0,0,0
1980.4356,0,0,0,0
1980.4384,0,0,0,0
1980.4411,0,0,0,0
1980.4438,0,0,0,0
1980.4466,0,0,0,0
1980.4493,0,0,0,0
1980.4521,0,0,0,0
1980.4548,0,0,0,0
1980.4575,0,0,0,0
1980.4603,0,0,0,0
1980.463,0,0,0,0
1980.4658,0,0,0,0
1980.4685,0,0,0,0
1980.4712,0,0,0,0
1980.474,0,0,0,0
1980.4767,0,0,0,0
1980.4795,0,0,0,0
1980.4822,0,0,0,0
1980.4849,0,0,0,0
1980.4877,0,0,0,0
1980.4904,0,0,0,0
1980.4932,0,0,0,0
1980.4959,0,0,0,0
1980.4986,0,0,0,0
1980.5014,0,0,0,0
1980.5041,0,0,0,0
1980.5068,0,0,0,0
1980.5096,0,0,0,0
1980.5123,0,0,0,0
1980.5151,0,0,0,0
1980.5178,0,0,0,0
1980.5205,0,0,0,0
1980.5233,0,0,0,0
1980.526,0,0,0,0
1980.5288,0,0,0,0
1980.5315,0,0,0,0
1980.5342,0,0,0,0
1980.537,0,0,0,0
1980.5397,0,0,0,0
1980.5425,0,0,0,0
1980.5452,0,0,0,0
1980.5479,0,0,0,0
1980.5507,0,0,0,0
1980.5534,0,0,0,0
1980.5562,0,0,0,0
1980.5589,0,0,0,0
1980.5616,0,0,0,0
1980.5644,0,0,0,0
1980.5671,0,0,0,0
1980.5699,0,0,0,0
1980.5726,0,0,0,0
1980.5753,0,0,0,0
1980.5781,0,0,0,0
1980.5808,0,0,0,0
1980.5836,0,0,0,0
1980.5863,0,0,0,0
1980.589,0,0,0,0
1980.5918,0,0,0,0
1980.5945,0,0,0,0
1980.5973,0,0,0,0
1980.6,0,0,0,0
1980.6027,0,0,0,0
1980.6055,0,0,0,0
1980.6082,0,0,0,0
1980.611,0,0,0,0
1980.6137,0,0,0,0
1980.6164,0,0,0,0
1980.6192,0,0,0,0
1980.6219,0,0,0,0
1980.6247,0,0,0,0
1980.6274,0,0,0,0
1980.6301,0,0,0,0
1980.6329,0,0,0,0
1980.6356,0,0,0,0
1980.6384,0,0,0,0
1980.6411,0,0,0,0
1980.6438,0,0,0,0
1980.6466,0,0,0,0
1980.6493,0,0,0,0
1980.6521,0,0,0,0
1980.6548,0,0,0,0
1980.6575,0,0,0,0
1980.6603,0,0,0,0
1980.663,0,0,0,0
1980.6658,0,0,0,0
1980.6685,0,0,0,0
1980.6712,0,0,0,0
1980.674,0,0,0,0
1980.6767,0,0,0,0
1980.6795,0,0,0,0
1980.6822,0,0,0,0
1980.6849,0,0,0,0
1980.6877,0,0,0,0
1980.6904,0,0,0,0
1980.6932,0,0,0,0
1980.6959,0,0,0,0
1980.6986,0,0,0,0
1980.7014,0,0,0,0
1980.7041,0,0,0,0
1980.7068,0,0,0,0
1980.7096,0,0,0,0
1980.7123,0,0,0,0
1980.7151,0,0,0,0
1980.7178,0,0,0,0
1980.7205,0,0,0,0
1980.7233,0,0,0,0
1980.726,0,0,0,0
1980.7288,0,0,0,0
1980.7315,0,0,0,0
1980.7342,0,0,0,0
1980.737,0,0,0,0
1980.7397,0,0,0,0
1980.7425,0,0,0,0
1980.7452,0,0,0,0
1980.7479,0,0,0,0
1980.7507,0,0,0,0
1980.7534,0,0,0,0
1980.7562,0,0,0,0
1980.7589,0,0,0,0
1980.7616,0,0,0,0
1980.7644,0,0,0,0
1980.7671,0,0,0,0
1980.7699,0,0,0,0
1980.7726,0,0,0,0
1980.7753,0,0,0,0
1980.7781,0,0,0,0
1980.7808,0,0,0,0
1980.7836,0,0,0,0
1980.7863,0,0,0,0
1980.789,0,0,0,0
1980.7918,0,0,0,0
1980.7945,0,0,0,0
1980.7973,0,0,0,0
1980.8,0,0,0,0
1980.8027,0,0,0,0
1980.8055,0,0,0,0
1980.8082,0,0,0,0
1980.811,0,0,0,0
1980.8137,0,0,0,0
1980.8164,0,0,0,0
1980.8192,0,0,0,0
1980.8219,0,0,0,0
1980.8247,0,0,0,0
1980.8274,0,0,0,0
1980.8301,0,0,0,0
1980.8329,0,0,0,0
1980.8356,0,0,0,0
1980.8384,0,0,0,0
1980.8411,0,0,0,0
1980.8438,0,0,0,0
1980.8466,0,0,0,0
1980.8493,0,0,0,0
1980.8521,0,0,0,0
1980.8548,0,0,0,0
1980.8575,0,0,0,0
1980.8603,0,0,0,0
1980.863,0,0,0,0
1980.8658,0,0,0,0
1980.8685,0,0,0,0
1980.8712,0,0,0,0
1980.874,0,0,0,0
1980.8767,0,0,0,0
1980.8795,0,0,0,0
1980.8822,0,0,0,0
1980.8849,0,0,0,0
1980.8877,0,0,0,0
1980.8904,0,0,0,0
1980.8932,0,0,0,0
1980.8959,0,0,0,0
1980.8986,0,0,0,0
1980.9014,0,0,0,0
1980.9041,0,0,0,0
1980.9068,0,0,0,0
1980.9096,0,0,0,0
1980.9123,0,0,0,0
1980.9151,0,0,0,0
1980.9178,0,0,0,0
1980.9205,0,0,0,0
1980.9233,0,0,0,0
1980.926,0,0,0,0
1980.9288,0,0,0,0
1980.9315,0,0,0,0
1980.9342,0,0,0,0
1980.937,0,0,0,0
1980.9397,0,0,0,0
1980.9425,0,0,0,0
1980.9452,0,0,0,0
1980.9479,0,0,0,0
1980.9507,0,0,0,0
1980.9534,0,0,0,0
1980.9562,0,0,0,0
1980.9589,0,0,0,0
1980.9616,0,0,0,0
1980.9644,0,0,0,0
1980.9671,0,0,0,0
1980.9699,0,0,0,0
1980.9726,0,0,0,0
1980.9753,0,0,0,0
1980.9781,0,0,0,0
1980.9808,0,0,0,0
1980.9836,0,0,0,0
1980.9863,0,0,0,0
1980.989,0,0,0,0
1980.9918,0,0,0,0
1980.9945,0,0,0,0
1980.9973,0,0,0,0
1981,0,0,0,0
1981,0,0,0,0
1981.0027,0,0,0,0
1981.0055,0,0,0,0
1981.0082,0,0,0,0
1981.011,0,0,0,0
1981.0137,0,0,0,0
1981.0164,0,0,0,0
1981.0192,0,0,0,0
1981.0219,0,0,0,0
1981.0247,0,0,0,0
1981.0274,0,0,0,0
1981.0301,0,0,0,0
1981.0329,0,0,0,0
1981.0356,0,0,0,0
1981.0384,0,0,0,0
1981.0411,0,0,0,0
1981.0438,0,0,0,0
1981.0466,0,0,0,0
1981.0493,0,0,0,0
1981.0521,0,0,0,0
1981.0548,0,0,0,0
1981.0575,0,0,0,0
1981.0603,0,0,0,0
1981.063,0,0,0,0
1981.0658,0,0,0,0
1981.0685,0,0,0,0
1981.0712,0,0,0,0
1981.074,0,0,0,0
1981.0767,0,0,0,0
1981.0795,0,0,0,0
1981.0822,0,0,0,0
1981.0849,0,0,0,0
1981.0877,0,0,0,0
1981.0904,0,0,0,0
1981.0932,0,0,0,0
1981.0959,0,0,0,0
1981.0986,0,0,0,0
1981.1014,0,0,0,0
1981.1041,0,0,0,0
1981.1068,0,0,0,0
1981.1096,0,0,0,0
1981.1123,0,0,0,0
1981.1151,0,0,0,0
1981.1178,0,0,0,0
1981.1205,0,0,0,0
1981.1233,0,0,0,0
1981.126,0,0,0,0
1981.1288,0,0,0,0
1981.1315,0,0,0,0
1981.1342,0,0,0,0
1981.137,0,0,0,0
1981.1397,0,0,0,0
1981.1425,0,0,0,0
1981.1452,0,0,0,0
1981.1479,0,0,0,0
1981.1507,0,0,0,0
1981.1534,0,0,0,0
1981.1562,0,0,0,0
1981.1589,0,0,0,0
1981.1616,0,0,0,0
1981.1644,0,0,0,0
1981.1671,0,0,0,0
1981.1699,0,0,0,0
1981.1726,0,0,0,0
1981.1753,0,0,0,0
1981.1781,0,0,0,0
1981.1808,0,0,0,0
1981.1836,0,0,0,0
1981.1863,0,0,0,0
1981.189,0,0,0,0
1981.1918,0,0,0,0
1981.1945,0,0,0,0
1981.1973,0,0,0,0
1981.2,0,0,0,0
1981.2027,0,0,0,0
1981.2055,0,0,0,0
1981.2082,0,0,0,0
1981.211,0,0,0,0
1981.2137,0,0,0,0
1981.2164,0,0,0,0
1981.2192,0,0,0,0
1981.2219,0,0,0,0
1981.2247,0,0,0,0
1981.2274,0,0,0,0
1981.2301,0,0,0,0
1981.2329,0,0,0,0
1981.2356,0,0,0,0
1981.2384,0,0,0,0
1981.2411,0,0,0,0
1981.2438,0,0,0,0
1981.2466,0,0,0,0
1981.2493,0,0,0,0
1981.2521,0,0,0,0
1981.2548,0,0,0,0
1981.2575,0,0,0,0
1981.2603,0,0,0,0
1981.263,0,0,0,0
1981.2658,0,0,0,0
1981.2685,0,0,0,0
1981.2712,0,0,0,0
1981.274,0,0,0,0
1981.2767,0,0,0,0
1981.2795,0,0,0,0
1981.2822,0,0,0,0
1981.2849,0,0,0,0
1981.2877,0,0,0,0
1981.2904,0,0,0,0
1981.2932,0,0,0,0
1981.2959,0,0,0,0
1981.2986,0,0,0,0
1981.3014,0,0,0,0
1981.3041,0,0,0,0
1981.3068,0,0,0,0
1981.3096,0,0,0,0
1981.3123,0,0,0,0
1981.3151,0,0,0,0
1981.3178,0,0,0,0
1981.3205,0,0,0,0
1981.3233,0,0,0,0
1981.326,0,0,0,0
1981.3288,0,0,0,0
1981.3315,0,0,0,0
1981.3342,0,0,0,0
1981.337,0,0,0,0
1981.3397,0,0,0,0
1981.3425,0,0,0,0
1981.3452,0,0,0,0
1981.3479,0,0,0,0
1981.3507,0,0,0,0
1981.3534,0,0,0,0
1981.3562,0,0,0,0
1981.3589,0,0,0,0
1981.3616,0,0,0,0
1981.3644,0,0,0,0
1981.3671,0,0,0,0
1981.3699,0,0,0,0
1981.3726,0,0,0,0
1981.3753,0,0,0,0
1981.3781,0,0,0,0
1981.3808,0,0,0,0
1981.3836,0,0,0,0
1981.3863,0,0,0,0
1981.389,0,0,0,0
1981.3918,0,0,0,0
1981.3945,0,0,0,0
1981.3973,0,0,0,0
1981.4,0,0,0,0
1981.4027,0,0,0,0
1981.4055,0,0,0,0
1981.4082,0,0,0,0
1981.411,0,0,0,0
1981.4137,0,0,0,0
1981.4164,0,0,0,0
1981.4192,0,0,0,0
1981.4219,0,0,0,0
1981.4247,0,0,0,0
1981.4274,0,0,0,0
1981.4301,0,0,0,0
1981.4329,0,0,0,0
1981.4356,0,0,0,0
1981.4384,0,0,0,0
1981.4411,0,0,0,0
1981.4438,0,0,0,0
1981.4466,0,0,0,0
1981.4493,0,0,0,0
1981.4521,0,0,0,0
1981.4548,0,0,0,0
1981.4575,0,0,0,0
1981.4603,0,0,0,0
1981.463,0,0,0,0
1981.4658,0,0,0,0
1981.4685,0,0,0,0
1981.4712,0,0,0,0
1981.474,0,0,0,0
1981.4767,0,0,0,0
1981.4795,0,0,0,0
1981.4822,0,0,0,0
1981.4849,0,0,0,0
1981.4877,0,0,0,0
1981.4904,0,0,0,0
1981.4932,0,0,0,0
1981.4959,0,0,0,0
1981.4986,0,0,0,0
1981.5014,0,0,0,0
1981.5041,0,0,0,0
1981.5068,0,0,0,0
1981.5096,0,0,0,0
1981.5123,0,0,0,0
1981.5151,0,0,0,0
1981.5178,0,0,0,0
1981.5205,0,0,0,0
1981.5233,0,0,0,0
1981.526,0,0,0,0
1981.5288,0,0,0,0
1981.5315,0,0,0,0
1981.5342,0,0,0,0
1981.537,0,0,0,0
1981.5397,0,0,0,0
1981.5425,0,0,0,0
1981.5452,0,0,0,0
1981.5479,0,0,0,0
1981.5507,0,0,0,0
1981.5534,0,0,0,0
1981.5562,0,0,0,0
1981.5589,0,0,0,0
1981.5616,0,0,0,0
1981.5644,0,0,0,0
1981.5671,0,0,0,0
1981.5699,0,0,0,0
1981.5726,0,0,0,0
1981.5753,0,0,0,0
1981.5781,0,0,0,0
1981.5808,0,0,0,0
1981.5836,0,0,0,0
1981.5863,0,0,0,0
1981.589,0,0,0,0
1981.5918,0,0,0,0
1981.5945,0,0,0,0
1981.5973,0,0,0,0
1981.6,0,0,0,0
1981.6027,0,0,0,0
1981.6055,0,0,0,0
1981.6082,0,0,0,0
1981.611,0,0,0,0
1981.6137,0,0,0,0
1981.6164,0,0,0,0
1981.6192,0,0,0,0
1981.6219,0,0,0,0
1981.6247,0,0,0,0
1981.6274,0,0,0,0
1981.6301,0,0,0,0
1981.6329,0,0,0,0
1981.6356,0,0,0,0
1981.6384,0,0,0,0
1981.6411,0,0,0,0
1981.6438,0,0,0,0
1981.6466,0,0,0,0
1981.6493,0,0,0,0
1981.6521,0,0,0,0
1981.6548,0,0,0,0
1981.6575,0,0,0,0
1981.6603,0,0,0,0
1981.663,0,0,0,0
1981.6658,0,0,0,0
1981.6685,0,0,0,0
1981.6712,0,0,0,0
1981.674,0,0,0,0
1981.6767,0,0,0,0
1981.6795,0,0,0,0
1981.6822,0,0,0,0
1981.6849,0,0,0,0
1981.6877,0,0,0,0
1981.6904,0,0,0,0
1981.6932,0,0,0,0
1981.6959,0,0,0,0
1981.6986,0,0,0,0
1981.7014,0,0,0,0
1981.7041,0,0,0,0
1981.7068,0,0,0,0
1981.7096,0,0,0,0
1981.7123,0,0,0,0
1981.7151,0,0,0,0
1981.7178,0,0,0,0
1981.7205,0,0,0,0
1981.7233,0,0,0,0
1981.726,0,0,0,0
1981.7288,0,0,0,0
1981.7315,0,0,0,0
1981.7342,0,0,0,0
1981.737,0,0,0,0
1981.7397,0,0,0,0
1981.7425,0,0,0,0
1981.7452,0,0,0,0
1981.7479,0,0,0,0
1981.7507,0,0,0,0
1981.7534,0,0,0,0
1981.7562,0,0,0,0
1981.7589,0,0,0,0
1981.7616,0,0,0,0
1981.7644,0,0,0,0
1981.7671,0,0,0,0
1981.7699,0,0,0,0
1981.7726,0,0,0,0
1981.7753,0,0,0,0
1981.7781,0,0,0,0
1981.7808,0,0,0,0
1981.7836,0,0,0,0
1981.7863,0,0,0,0
1981.789,0,0,0,0
1981.7918,0,0,0,0
1981.7945,0,0,0,0
1981.7973,0,0,0,0
1981.8,0,0,0,0
1981.8027,0,0,0,0
1981.8055,0,0,0,0
1981.8082,0,0,0,0
1981.811,0,0,0,0
1981.8137,0,0,0,0
1981.8164,0,0,0,0
1981.8192,0,0,0,0
1981.8219,0,0,0,0
1981.8247,0,0,0,0
1981.8274,0,0,0,0
1981.8301,0,0,0,0
1981.8329,0,0,0,0
1981.8356,0,0,0,0
1981.8384,0,0,0,0
1981.8411,0,0,0,0
1981.8438,0,0,0,0
1981.8466,0,0,0,0
1981.8493,0,0,0,0
1981.8521,0,0,0,0
1981.8548,0,0,0,0
1981.8575,0,0,0,0
1981.8603,0,0,0,0
1981.863,0,0,0,0
1981.8658,0,0,0,0
1981.8685,0,0,0,0
1981.8712,0,0,0,0
1981.874,0,0,0,0
1981.8767,0,0,0,0
1981.8795,0,0,0,0
1981.8822,0,0,0,0
1981.8849,0,0,0,0
1981.8877,0,0,0,0
1981.8904,0,0,0,0
1981.8932,0,0,0,0
1981.8959,0,0,0,0
1981.8986,0,0,0,0
1981.9014,0,0,0,0
1981.9041,0,0,0,0
1981.9068,0,0,0,0
1981.9096,0,0,0,0
1981.9123,0,0,0,0
1981.9151,0,0,0,0
1981.9178,0,0,0,0
1981.9205,0,0,0,0
1981.9233,0,0,0,0
1981.926,0,0,0,0
1981.9288,0,0,0,0
1981.9315,0,0,0,0
1981.9342,0,0,0,0
1981.937,0,0,0,0
1981.9397,0,0,0,0
1981.9425,0,0,0,0
1981.9452,0,0,0,0
1981.9479,0,0,0,0
1981.9507,0,0,0,0
1981.9534,0,0,0,0
1981.9562,0,0,0,0
1981.9589,0,0,0,0
1981.9616,0,0,0,0
1981.9644,0,0,0,0
1981.9671,0,0,0,0
1981.9699,0,0,0,0
1981.9726,0,0,0,0
1981.9753,0,0,0,0
1981.9781,0,0,0,0
1981.9808,0,0,0,0
1981.9836,0,0,0,0
1981.9863,0,0,0,0
1981.989,0,0,0,0
1981.9918,0,0,0,0
1981.9945,0,0,0,0
1981.9973,0,0,0,0
1982,0,0,0,0
1982.0027,0,0,0,0
1982.0055,0,0,0,0
1982.0082,0,0,0,0
1982.011,0,0,0,0
1982.0137,0,0,0,0
1982.0164,0,0,0,0
1982.0192,0,0,0,0
1982.0219,0,0,0,0
1982.0247,0,0,0,0
1982.0274,0,0,0,0
1982.0301,0,0,0,0
1982.0329,0,0,0,0
1982.0356,0,0,0,0
1982.0384,0,0,0,0
1982.0411,0,0,0,0
1982.0438,0,0,0,0
1982.0466,0,0,0,0
1982.0493,0,0,0,0
1982.0521,0,0,0,0
1982.0548,0,0,0,0
1982.0575,0,0,0,0
1982.0603,0,0,0,0
1982.063,0,0,0,0
1982.0658,0,0,0,0
1982.0685,0,0,0,0
1982.0712,0,0,0,0
1982.074,0,0,0,0
1982.0767,0,0,0,0
1982.0795,0,0,0,0
1982.0822,0,0,0,0
1982.0849,0,0,0,0
1982.0877,0,0,0,0
1982.0904,0,0,0,0
1982.0932,0,0,0,0
1982.0959,0,0,0,0
1982.0986,0,0,0,0
1982.1014,0,0,0,0
1982.1041,0,0,0,0
1982.1068,0,0,0,0
1982.1096,0,0,0,0
1982.1123,0,0,0,0
1982.1151,0,0,0,0
1982.1178,0,0,0,0
1982.1205,0,0,0,0
1982.1233,0,0,0,0
1982.126,0,0,0,0
1982.1288,0,0,0,0
1982.1315,0,0,0,0
1982.1342,0,0,0,0
1982.137,0,0,0,0
1982.1397,0,0,0,0
1982.1425,0,0,0,0
1982.1452,0,0,0,0
1982.1479,0,0,0,0
1982.1507,0,0,0,0
1982.1534,0,0,0,0
1982.1562,0,0,0,0
1982.1589,0,0,0,0
1982.1616,0,0,0,0
1982.1644,0,0,0,0
1982.1671,0,0,0,0
1982.1699,0,0,0,0
1982.1726,0,0,0,0
1982.1753,0,0,0,0
1982.1781,0,0,0,0
1982.1808,0,0,0,0
1982.1836,0,0,0,0
1982.1863,0,0,0,0
1982.189,0,0,0,0
1982.1918,0,0,0,0
1982.1945,0,0,0,0
1982.1973,0,0,0,0
1982.2,0,0,0,0
1982.2027,0,0,0,0
1982.2055,0,0,0,0
1982.2082,0,0,0,0
1982.211,0,0,0,0
1982.2137,0,0,0,0
1982.2164,0,0,0,0
1982.2192,0,0,0,0
1982.2219,0,0,0,0
1982.2247,0,0,0,0
1982.2274,0,0,0,0
1982.2301,0,0,0,0
1982.2329,0,0,0,0
1982.2356,0,0,0,0
1982.2384,0,0,0,0
1982.2411,0,0,0,0
1982.2438,0,0,0,0
1982.2466,0,0,0,0
1982.2493,0,0,0,0
1982.2521,0,0,0,0
1982.2548,0,0,0,0
1982.2575,0,0,0,0
1982.2603,0,0,0,0
1982.263,0,0,0,0
1982.2658,0,0,0,0
1982.2685,0,0,0,0
1982.2712,0,0,0,0
1982.274,0,0,0,0
1982.2767,0,0,0,0
1982.2795,0,0,0,0
1982.2822,0,0,0,0
1982.2849,0,0,0,0
1982.2877,0,0,0,0
1982.2904,0,0,0,0
1982.2932,0,0,0,0
1982.2959,0,0,0,0
1982.2986,0,0,0,0
1982.3014,0,0,0,0
1982.3041,0,0,0,0
1982.3068,0,0,0,0
1982.3096,0,0,0,0
1982.3123,0,0,0,0
1982.3151,0,0,0,0
1982.3178,0,0,0,0
1982.3205,0,0,0,0
1982.3233,0,0,0,0
1982.326,0,0,0,0
1982.3288,0,0,0,0
1982.3315,0,0,0,0
1982.3342,0,0,0,0
1982.337,0,0,0,0
1982.3397,0,0,0,0
1982.3425,0,0,0,0
1982.3452,0,0,0,0
1982.3479,0,0,0,0
1982.3507,0,0,0,0
1982.3534,0,0,0,0
1982.3562,0,0,0,0
1982.3589,0,0,0,0
1982.3616,0,0,0,0
1982.3644,0,0,0,0
1982.3671,0,0,0,0
1982.3699,0,0,0,0
1982.3726,0,0,0,0
1982.3753,0,0,0,0
1982.3781,0,0,0,0
1982.3808,0,0,0,0
1982.3836,0,0,0,0
1982.3863,0,0,0,0
1982.389,0,0,0,0
1982.3918,0,0,0,0
1982.3945,0,0,0,0
1982.3973,0,0,0,0
1982.4,0,0,0,0
1982.4027,0,0,0,0
1982.4055,0,0,0,0
1982.4082,0,0,0,0
1982.411,0,0,0,0
1982.4137,0,0,0,0
1982.4164,0,0,0,0
1982.4192,0,0,0,0
1982.4219,0,0,0,0
1982.4247,0,0,0,0
1982.4274,0,0,0,0
1982.4301,0,0,0,0
1982.4329,0,0,0,0
1982.4356,0,0,0,0
1982.4384,0,0,0,0
1982.4411,0,0,0,0
1982.4438,0,0,0,0
1982.4466,0,0,0,0
1982.4493,0,0,0,0
1982.4521,0,0,0,0
1982.4548,0,0,0,0
1982.4575,0,0,0,0
1982.4603,0,0,0,0
1982.463,0,0,0,0
1982.4658,0,0,0,0
1982.4685,0,0,0,0
1982.4712,0,0,0,0
1982.474,0,0,0,0
1982.4767,0,0,0,0
1982.4795,0,0,0,0
1982.4822,0,0,0,0
1982.4849,0,0,0,0
1982.4877,0,0,0,0
1982.4904,0,0,0,0
1982.4932,0,0,0,0
1982.4959,0,0,0,0
1982.4986,0,0,0,0
1982.5014,0,0,0,0
1982.5041,1,0,0,0
1982.5068,0,0,0,0
1982.5096,0,0,0,0
1982.5123,0,0,0,0
1982.5151,0,0,0,0
1982.5178,0,0,0,0
1982.5205,1,0,0,0
1982.5233,0,0,0,0
1982.526,0,0,0,0
1982.5288,0,0,0,0
1982.5315,0,0,0,0
1982.5342,0,0,0,0
1982.537,0,0,0,0
1982.5397,0,0,0,0
1982.5425,0,0,0,0
1982.5452,0,0,0,0
1982.5479,0,0,0,0
1982.5507,0,0,0,0
1982.5534,0,0,0,0
1982.5562,0,0,0,0
1982.5589,0,0,0,0
1982.5616,0,0,0,0
1982.5644,0,0,0,0
1982.5671,0,0,0,0
1982.5699,0,0,0,0
1982.5726,0,0,0,0
1982.5753,0,0,0,0
1982.5781,0,0,0,0
1982.5808,0,0,0,0
1982.5836,0,0,0,0
1982.5863,0,0,0,0
1982.589,0,0,0,0
1982.5918,0,0,0,0
1982.5945,0,0,0,0
1982.5973,0,0,0,0
1982.6,0,0,0,0
1982.6027,0,0,0,0
1982.6055,0,0,0,0
1982.6082,0,0,0,0
1982.611,0,0,0,0
1982.6137,0,0,0,0
1982.6164,0,0,0,0
1982.6192,0,0,0,0
1982.6219,0,0,0,0
1982.6247,0,0,0,0
1982.6274,0,0,0,0
1982.6301,0,0,0,0
1982.6329,0,0,0,0
1982.6356,0,0,0,0
1982.6384,0,0,0,0
1982.6411,0,0,0,0
1982.6438,0,0,0,0
1982.6466,0,0,0,0
1982.6493,0,0,0,0
1982.6521,0,0,0,0
1982.6548,0,0,0,0
1982.6575,0,0,0,0
1982.6603,0,0,0,0
1982.663,0,0,0,0
1982.6658,0,0,0,0
1982.6685,0,0,0,0
1982.6712,0,0,0,0
1982.674,0,0,0,0
1982.6767,0,0,0,0
1982.6795,0,0,0,0
1982.6822,0,0,0,0
1982.6849,0,0,0,0
1982.6877,0,0,0,0
1982.6904,0,0,0,0
1982.6932,0,0,0,0
1982.6959,0,0,0,0
1982.6986,0,0,0,0
1982.7014,0,0,0,0
1982.7041,0,0,0,0
1982.7068,0,0,0,0
1982.7096,0,0,0,0
1982.7123,0,0,0,0
1982.7151,0,0,0,0
1982.7178,0,0,0,0
1982.7205,0,0,0,0
1982.7233,0,0,0,0
1982.726,0,0,0,0
1982.7288,0,0,0,0
1982.7315,0,0,0,0
1982.7342,0,0,0,0
1982.737,0,0,0,0
1982.7397,0,0,0,0
1982.7425,0,0,0,0
1982.7452,0,0,0,0
1982.7479,0,0,0,0
1982.7507,0,0,0,0
1982.7534,0,0,0,0
1982.7562,0,0,0,0
1982.7589,0,0,0,0
1982.7616,0,0,0,0
1982.7644,0,0,0,0
1982.7671,0,0,0,0
1982.7699,0,0,0,0
1982.7726,0,0,0,0
1982.7753,0,0,0,0
1982.7781,0,0,0,0
1982.7808,0,0,0,0
1982.7836,0,0,0,0
1982.7863,0,0,0,0
1982.789,0,0,0,0
1982.7918,0,0,0,0
1982.7945,0,0,0,0
1982.7973,0,0,0,0
1982.8,0,0,0,0
1982.8027,0,0,0,0
1982.8055,0,0,0,0
1982.8082,0,0,0,0
1982.811,0,0,0,0
1982.8137,0,0,0,0
1982.8164,0,0,0,0
1982.8192,0,0,0,0
1982.8219,0,0,0,0
1982.8247,0,0,0,0
1982.8274,0,0,0,0
1982.8301,0,0,0,0
1982.8329,0,0,0,0
1982.8356,0,0,0,0
1982.8384,0,0,0,0
1982.8411,0,0,0,0
1982.8438,0,0,0,0
1982.8466,0,0,0,0
1982.8493,0,0,0,0
1982.8521,0,0,0,0
1982.8548,0,0,0,0
1982.8575,0,0,0,0
1982.8603,0,0,0,0
1982.863,0,0,0,0
1982.8658,0,0,0,0
1982.8685,0,0,0,0
1982.8712,0,0,0,0
1982.874,0,0,0,0
1982.8767,0,0,0,0
1982.8795,0,0,0,0
1982.8822,0,0,0,0
1982.8849,0,0,0,0
1982.8877,0,0,0,0
1982.8904,0,0,0,0
1982.8932,0,0,0,0
1982.8959,0,0,0,0
1982.8986,0,0,0,0
1982.9014,0,0,0,0
1982.9041,0,0,0,0
1982.9068,0,0,0,0
1982.9096,0,0,0,0
1982.9123,0,0,0,0
1982.9151,0,0,0,0
1982.9178,0,0,0,0
1982.9205,0,0,0,0
1982.9233,0,0,0,0
1982.926,0,0,0,0
1982.9288,0,0,0,0
1982.9315,0,0,0,0
1982.9342,0,0,0,0
1982.937,0,0,0,0
1982.9397,0,0,0,0
1982.9425,0,0,0,0
1982.9452,0,0,0,0
1982.9479,0,0,0,0
1982.9507,0,0,0,0
1982.9534,0,0,0,0
1982.9562,0,0,0,0
1982.9589,0,0,0,0
1982.9616,0,0,0,0
1982.9644,0,0,0,0
1982.9671,0,0,0,0
1982.9699,0,0,0,0
1982.9726,0,0,0,0
1982.9753,0,0,0,0
1982.9781,0,0,0,0
1982.9808,0,0,0,0
1982.9836,0,0,0,0
1982.9863,0,0,0,0
1982.989,0,0,0,0
1982.9918,0,0,0,0
1982.9945,0,0,0,0
1982.9973,0,0,0,0
1983,0,0,0,0
1983.0027,0,0,0,0
1983.0055,0,0,0,0
1983.0082,0,0,0,0
1983.011,0,0,0,0
1983.0137,0,0,0,0
1983.0164,0,0,0,0
1983.0192,0,0,0,0
1983.0219,0,0,0,0
1983.0247,0,0,0,0
1983.0274,0,0,0,0
1983.0301,0,0,0,0
1983.0329,0,0,0,0
1983.0356,0,0,0,0
1983.0384,0,0,0,0
1983.0411,0,0,0,0
1983.0438,0,0,0,0
1983.0466,0,0,0,0
1983.0493,0,0,0,0
1983.0521,0,0,0,0
1983.0548,0,0,0,0
1983.0575,0,0,0,0
1983.0603,0,0,0,0
1983.063,0,0,0,0
1983.0658,0,0,0,0
1983.0685,0,0,0,0
1983.0712,0,0,0,0
1983.074,0,0,0,0
1983.0767,0,0,0,0
1983.0795,0,0,0,0
1983.0822,0,0,0,0
1983.0849,0,0,0,0
1983.0877,0,0,0,0
1983.0904,0,0,0,0
1983.0932,0,0,0,0
1983.0959,0,0,0,0
1983.0986,0,0,0,0
1983.1014,0,0,0,0
1983.1041,0,0,0,0
1983.1068,0,0,0,0
1983.1096,0,0,0,0
1983.1123,0,0,0,0
1983.1151,0,0,0,0
1983.1178,0,0,0,0
1983.1205,0,0,0,0
1983.1233,0,0,0,0
1983.126,0,0,0,0
1983.1288,0,0,0,0
1983.1315,0,0,0,0
1983.1342,0,0,0,0
1983.137,0,0,0,0
1983.1397,0,0,0,0
1983.1425,0,0,0,0
1983.1452,0,0,0,0
1983.1479,0,0,0,0
1983.1507,0,0,0,0
1983.1534,0,0,0,0
1983.1562,0,0,0,0
1983.1589,0,0,0,0
1983.1616,0,0,0,0
1983.1644,0,0,0,0
1983.1671,0,0,0,0
1983.1699,0,0,0,0
1983.1726,0,0,0,0
1983.1753,0,0,0,0
1983.1781,0,0,0,0
1983.1808,0,0,0,0
1983.1836,0,0,0,0
1983.1863,0,0,0,0
1983.189,0,0,0,0
1983.1918,0,0,0,0
1983.1945,0,0,0,0
1983.1973,0,0,0,0
1983.2,0,0,0,0
1983.2027,0,0,0,0
1983.2055,0,0,0,0
1983.2082,0,0,0,0
1983.211,0,0,0,0
1983.2137,0,0,0,0
1983.2164,0,0,0,0
1983.2192,0,0,0,0
1983.2219,0,0,0,0
1983.2247,0,0,0,0
1983.2274,0,0,0,0
1983.2301,0,0,0,0
1983.2329,0,0,0,0
1983.2356,0,0,0,0
1983.2384,0,0,0,0
1983.2411,0,0,0,0
1983.2438,0,0,0,0
1983.2466,0,0,0,0
1983.2493,0,0,0,0
1983.2521,0,0,0,0
1983.2548,0,0,0,0
1983.2575,0,0,0,0
1983.2603,0,0,0,0
1983.263,0,0,0,0
1983.2658,0,0,0,0
1983.2685,0,0,0,0
1983.2712,0,0,0,0
1983.274,0,0,0,0
1983.2767,0,0,0,0
1983.2795,0,0,0,0
1983.2822,0,0,0,0
1983.2849,0,0,0,0
1983.2877,0,0,0,0
1983.2904,0,0,0,0
1983.2932,0,0,0,0
1983.2959,0,0,0,0
1983.2986,0,0,0,0
1983.3014,0,0,0,0
1983.3041,0,0,0,0
1983.3068,0,0,0,0
1983.3096,0,0,0,0
1983.3123,0,0,0,0
1983.3151,0,0,0,0
1983.3178,0,0,0,0
1983.3205,0,0,0,0
1983.3233,0,0,0,0
1983.326,0,0,0,0
1983.3288,0,0,0,0
1983.3315,0,0,0,0
1983.3342,0,0,0,0
1983.337,0,0,0,0
1983.3397,0,0,0,0
1983.3425,0,0,0,0
1983.3452,0,0,0,0
1983.3479,0,0,0,0
1983.3507,0,0,0,0
1983.3534,0,0,0,0
1983.3562,0,0,0,0
1983.3589,0,0,0,0
1983.3616,0,0,0,0
1983.3644,0,0,0,0
1983.3671,0,0,0,0
1983.3699,0,0,0,0
1983.3726,0,0,0,0
1983.3753,0,0,0,0
1983.3781,0,0,0,0
1983.3808,0,0,0,0
1983.3836,0,0,0,0
1983.3863,0,0,0,0
1983.389,0,0,0,0
1983.3918,0,0,0,0
1983.3945,0,0,0,0
1983.3973,0,0,0,0
1983.4,0,0,0,0
1983.4027,0,0,0,0
1983.4055,0,0,0,0
1983.4082,0,0,0,0
1983.411,0,0,0,0
1983.4137,0,0,0,0
1983.4164,0,0,0,0
1983.4192,0,0,0,0
1983.4219,0,0,0,0
1983.4247,0,0,0,0
1983.4274,0,0,0,0
1983.4301,0,0,0,0
1983.4329,0,0,0,0
1983.4356,0,0,0,0
1983.4384,0,0,0,0
1983.4411,0,0,0,0
1983.4438,0,0,0,0
1983.4466,0,0,0,0
1983.4493,0,0,0,0
1983.4521,0,0,0,0
1983.4548,0,0,0,0
1983.4575,0,0,0,0
1983.4603,0,0,0,0
1983.463,0,0,0,0
1983.4658,0,0,0,0
1983.4685,0,0,0,0
1983.4712,0,0,0,0
1983.474,0,0,0,0
1983.4767,0,0,0,0
1983.4795,0,0,0,0
1983.4822,0,0,0,0
1983.4849,0,0,0,0
1983.4877,0,0,0,0
1983.4904,0,0,0,0
1983.4932,0,0,0,0
1983.4959,0,0,0,0
1983.4986,0,0,0,0
1983.5014,0,0,0,0
1983.5041,0,0,0,0
1983.5068,0,0,0,0
1983.5096,0,0,0,0
1983.5123,0,0,0,0
1983.5151,0,0,0,0
1983.5178,0,0,0,0
1983.5205,0,0,0,0
1983.5233,0,0,0,0
1983.526,0,0,0,0
1983.5288,0,0,0,0
1983.5315,0,0,0,0
1983.5342,0,0,0,0
1983.537,0,0,0,0
1983.5397,0,0,0,0
1983.5425,0,0,0,0
1983.5452,0,0,0,0
1983.5479,0,0,0,0
1983.5507,0,0,0,0
1983.5534,0,0,0,0
1983.5562,0,0,0,0
1983.5589,0,0,0,0
1983.5616,0,0,0,0
1983.5644,0,0,0,0
1983.5671,0,0,0,0
1983.5699,0,0,0,0
1983.5726,0,0,0,0
1983.5753,0,0,0,0
1983.5781,0,0,0,0
1983.5808,0,0,0,0
1983.5836,0,0,0,0
1983.5863,0,0,0,0
1983.589,0,0,0,0
1983.5918,0,0,0,0
1983.5945,0,0,0,0
1983.5973,0,0,0,0
1983.6,0,0,0,0
1983.6027,0,0,0,0
1983.6055,0,0,0,0
1983.6082,0,0,0,0
1983.611,0,0,0,0
1983.6137,0,0,0,0
1983.6164,0,0,0,0
1983.6192,0,0,0,0
1983.6219,0,0,0,0
1983.6247,0,0,0,0
1983.6274,0,0,0,0
1983.6301,0,0,0,0
1983.6329,0,0,0,0
1983.6356,0,0,0,0
1983.6384,0,0,0,0
1983.6411,0,0,0,0
1983.6438,0,0,0,0
1983.6466,0,0,0,0
1983.6493,0,0,0,0
1983.6521,0,0,0,0
1983.6548,0,0,0,0
1983.6575,0,0,0,0
1983.6603,0,0,0,0
1983.663,0,0,0,0
1983.6658,0,0,0,0
1983.6685,0,0,0,0
1983.6712,0,0,0,0
1983.674,0,0,0,0
1983.6767,0,0,0,0
1983.6795,0,0,0,0
1983.6822,0,0,0,0
1983.6849,0,0,0,0
1983.6877,0,0,0,0
1983.6904,0,0,0,0
1983.6932,0,0,0,0
1983.6959,0,0,0,0
1983.6986,0,0,0,0
1983.7014,0,0,0,0
1983.7041,0,0,0,0
1983.7068,0,0,0,0
1983.7096,0,0,0,0
1983.7123,0,0,0,0
1983.7151,0,0,0,0
1983.7178,0,0,0,0
1983.7205,0,0,0,0
1983.7233,0,0,0,0
1983.726,0,0,0,0
1983.7288,0,0,0,0
1983.7315,0,0,0,0
1983.7342,0,0,0,0
1983.737,0,0,0,0
1983.7397,0,0,0,0
1983.7425,0,0,0,0
1983.7452,0,0,0,0
1983.7479,0,0,0,0
1983.7507,0,0,0,0
1983.7534,0,0,0,0
1983.7562,0,0,0,0
1983.7589,0,0,0,0
1983.7616,0,0,0,0
1983.7644,0,0,0,0
1983.7671,0,0,0,0
1983.7699,0,0,0,0
1983.7726,0,0,0,0
1983.7753,0,0,0,0
1983.7781,0,0,0,0
1983.7808,0,0,0,0
1983.7836,0,0,0,0
1983.7863,0,0,0,0
1983.789,0,0,0,0
1983.7918,0,0,0,0
1983.7945,0,0,0,0
1983.7973,0,0,0,0
1983.8,0,0,0,0
1983.8027,0,0,0,0
1983.8055,0,0,0,0
1983.8082,0,0,0,0
1983.811,0,0,0,0
1983.8137,0,0,0,0
1983.8164,0,0,0,0
1983.8192,0,0,0,0
1983.8219,0,0,0,0
1983.8247,0,0,0,0
1983.8274,0,0,0,0
1983.8301,0,0,0,0
1983.8329,0,0,0,0
1983.8356,0,0,0,0
1983.8384,0,0,0,0
1983.8411,0,0,0,0
1983.8438,0,0,0,0
1983.8466,0,0,0,0
1983.8493,0,0,0,0
1983.8521,0,0,0,0
1983.8548,0,0,0,0
1983.8575,0,0,0,0
1983.8603,0,0,0,0
1983.863,0,0,0,0
1983.8658,0,0,0,0
1983.8685,0,0,0,0
1983.8712,0,0,0,0
1983.874,0,0,0,0
1983.8767,0,0,0,0
1983.8795,0,0,0,0
1983.8822,0,0,0,0
1983.8849,0,0,0,0
1983.8877,0,0,0,0
1983.8904,0,0,0,0
1983.8932,0,0,0,0
1983.8959,0,0,0,0
1983.8986,0,0,0,0
1983.9014,0,0,0,0
1983.9041,0,0,0,0
1983.9068,0,0,0,0
1983.9096,0,0,0,0
1983.9123,0,0,0,0
1983.9151,0,0,0,0
1983.9178,0,0,0,0
1983.9205,0,0,0,0
1983.9233,0,0,0,0
1983.926,0,0,0,0
1983.9288,0,0,0,0
1983.9315,0,0,0,0
1983.9342,0,0,0,0
1983.937,0,0,0,0
1983.9397,0,0,0,0
1983.9425,0,0,0,0
1983.9452,0,0,0,0
1983.9479,0,0,0,0
1983.9507,0,0,0,0
1983.9534,0,0,0,0
1983.9562,0,0,0,0
1983.9589,0,0,0,0
1983.9616,0,0,0,0
1983.9644,0,0,0,0
1983.9671,0,0,0,0
1983.9699,0,0,0,0
1983.9726,0,0,0,0
1983.9753,0,0,0,0
1983.9781,0,0,0,0
1983.9808,0,0,0,0
1983.9836,0,0,0,0
1983.9863,0,0,0,0
1983.989,0,0,0,0
1983.9918,0,0,0,0
1983.9945,0,0,0,0
1983.9973,0,0,0,0
1984,0,0,0,0
1984.0027,0,0,0,0
1984.0055,0,0,0,0
1984.0082,0,0,0,0
1984.011,0,0,0,0
1984.0137,0,0,0,0
1984.0164,0,0,0,0
1984.0192,0,0,0,0
1984.0219,0,0,0,0
1984.0247,0,0,0,0
1984.0274,0,0,0,0
1984.0301,0,0,0,0
1984.0329,0,0,0,0
1984.0356,0,0,0,0
1984.0384,0,0,0,0
1984.0411,0,0,0,0
1984.0438,0,0,0,0
1984.0466,0,0,0,0
1984.0493,0,0,0,0
1984.0521,0,0,0,0
1984.0548,0,0,0,0
1984.0575,0,0,0,0
1984.0603,0,0,0,0
1984.063,0,0,0,0
1984.0658,0,0,0,0
1984.0685,0,0,0,0
1984.0712,0,0,0,0
1984.074,0,0,0,0
1984.0767,0,0,0,0
1984.0795,0,0,0,0
1984.0822,0,0,0,0
1984.0849,0,0,0,0
1984.0877,0,0,0,0
1984.0904,0,0,0,0
1984.0932,0,0,0,0
1984.0959,0,0,0,0
1984.0986,0,0,0,0
1984.1014,0,0,0,0
1984.1041,0,0,0,0
1984.1068,0,0,0,0
1984.1096,0,0,0,0
1984.1123,0,0,0,0
1984.1151,0,0,0,0
1984.1178,0,0,0,0
1984.1205,0,0,0,0
1984.1233,0,0,0,0
1984.126,0,0,0,0
1984.1288,0,0,0,0
1984.1315,0,0,0,0
1984.1342,0,0,0,0
1984.137,0,0,0,0
1984.1397,0,0,0,0
1984.1425,0,0,0,0
1984.1452,0,0,0,0
1984.1479,0,0,0,0
1984.1507,0,0,0,0
1984.1534,0,0,0,0
1984.1562,0,0,0,0
1984.1589,0,0,0,0
1984.1616,0,0,0,0
1984.1644,0,0,0,0
1984.1671,0,0,0,0
1984.1699,0,0,0,0
1984.1726,0,0,0,0
1984.1753,0,0,0,0
1984.1781,0,0,0,0
1984.1808,0,0,0,0
1984.1836,0,0,0,0
1984.1863,0,0,0,0
1984.189,0,0,0,0
1984.1918,0,0,0,0
1984.1945,0,0,0,0
1984.1973,0,0,0,0
1984.2,0,0,0,0
1984.2027,0,0,0,0
1984.2055,0,0,0,0
1984.2082,0,0,0,0
1984.211,0,0,0,0
1984.2137,0,0,0,0
1984.2164,0,0,0,0
1984.2192,0,0,0,0
1984.2219,0,0,0,0
1984.2247,0,0,0,0
1984.2274,0,0,0,0
1984.2301,0,0,0,0
1984.2329,0,0,0,0
1984.2356,0,0,0,0
1984.2384,0,0,0,0
1984.2411,0,0,0,0
1984.2438,0,0,0,0
1984.2466,0,0,0,0
1984.2493,0,0,0,0
1984.2521,0,0,0,0
1984.2548,0,0,0,0
1984.2575,0,0,0,0
1984.2603,0,0,0,0
1984.263,0,0,0,0
1984.2658,0,0,0,0
1984.2685,0,0,0,0
1984.2712,0,0,0,0
1984.274,0,0,0,0
1984.2767,0,0,0,0
1984.2795,0,0,0,0
1984.2822,0,0,0,0
1984.2849,0,0,0,0
1984.2877,0,0,0,0
1984.2904,0,0,0,0
1984.2932,0,0,0,0
1984.2959,0,0,0,0
1984.2986,0,0,0,0
1984.3014,0,0,0,0
1984.3041,0,0,0,0
1984.3068,0,0,0,0
1984.3096,0,0,0,0
1984.3123,0,0,0,0
1984.3151,0,0,0,0
1984.3178,0,0,0,0
1984.3205,0,0,0,0
1984.3233,0,0,0,0
1984.326,0,0,0,0
1984.3288,0,0,0,0
1984.3315,0,0,0,0
1984.3342,0,0,0,0
1984.337,0,0,0,0
1984.3397,0,0,0,0
1984.3425,0,0,0,0
1984.3452,0,0,0,0
1984.3479,0,0,0,0
1984.3507,0,0,0,0
1984.3534,0,0,0,0
1984.3562,0,0,0,0
1984.3589,0,0,0,0
1984.3616,0,0,0,0
1984.3644,0,0,0,0
1984.3671,0,0,0,0
1984.3699,0,0,0,0
1984.3726,0,0,0,0
1984.3753,0,0,0,0
1984.3781,0,0,0,0
1984.3808,0,0,0,0
1984.3836,0,0,0,0
1984.3863,0,0,0,0
1984.389,0,0,0,0
1984.3918,0,0,0,0
1984.3945,0,0,0,0
1984.3973,0,0,0,0
1984.4,0,0,0,0
1984.4027,0,0,0,0
1984.4055,0,0,0,0
1984.4082,0,0,0,0
1984.411,0,0,0,0
1984.4137,0,0,0,0
1984.4164,0,0,0,0
1984.4192,0,0,0,0
1984.4219,0,0,0,0
1984.4247,0,0,0,0
1984.4274,0,0,0,0
1984.4301,0,0,0,0
1984.4329,0,0,0,0
1984.4356,0,0,0,0
1984.4384,0,0,0,0
1984.4411,0,0,0,0
1984.4438,0,0,0,0
1984.4466,0,0,0,0
1984.4493,0,0,0,0
1984.4521,0,0,0,0
1984.4548,0,0,0,0
1984.4575,0,0,0,0
1984.4603,0,0,0,0
1984.463,0,0,0,0
1984.4658,0,0,0,0
1984.4685,0,0,0,0
1984.4712,0,0,0,0
1984.474,0,0,0,0
1984.4767,0,0,0,0
1984.4795,0,0,0,0
1984.4822,0,0,0,0
1984.4849,0,0,0,0
1984.4877,0,0,0,0
1984.4904,0,0,0,0
1984.4932,0,0,0,0
1984.4959,0,0,0,0
1984.4986,0,0,0,0
1984.5014,0,0,0,0
1984.5041,0,0,0,0
1984.5068,0,0,0,0
1984.5096,0,0,0,0
1984.5123,0,0,0,0
1984.5151,0,0,0,0
1984.5178,0,0,0,0
1984.5205,0,0,0,0
1984.5233,0,0,0,0
1984.526,0,0,0,0
1984.5288,0,0,0,0
1984.5315,0,0,0,0
1984.5342,0,0,0,0
1984.537,0,0,0,0
1984.5397,0,0,0,0
1984.5425,0,0,0,0
1984.5452,0,0,0,0
1984.5479,0,0,0,0
1984.5507,0,0,0,0
1984.5534,0,0,0,0
1984.5562,0,0,0,0
1984.5589,0,0,0,0
1984.5616,0,0,0,0
1984.5644,0,0,0,0
1984.5671,0,0,0,0
1984.5699,0,0,0,0
1984.5726,0,0,0,0
1984.5753,0,0,0,0
1984.5781,0,0,0,0
1984.5808,0,0,0,0
1984.5836,0,0,0,0
1984.5863,0,0,0,0
1984.589,0,0,0,0
1984.5918,0,0,0,0
1984.5945,0,0,0,0
1984.5973,0,0,0,0
1984.6,0,0,0,0
1984.6027,0,0,0,0
1984.6055,0,0,0,0
1984.6082,0,0,0,0
1984.611,0,0,0,0
1984.6137,0,0,0,0
1984.6164,0,0,0,0
1984.6192,0,0,0,0
1984.6219,0,0,0,0
1984.6247,0,0,0,0
1984.6274,0,0,0,0
1984.6301,0,0,0,0
1984.6329,0,0,0,0
1984.6356,0,0,0,0
1984.6384,0,0,0,0
1984.6411,0,0,0,0
1984.6438,0,0,0,0
1984.6466,0,0,0,0
1984.6493,0,0,0,0
1984.6521,0,0,0,0
1984.6548,0,0,0,0
1984.6575,0,0,0,0
1984.6603,0,0,0,0
1984.663,0,0,0,0
1984.6658,0,0,0,0
1984.6685,0,0,0,0
1984.6712,0,0,0,0
1984.674,0,0,0,0
1984.6767,0,0,0,0
1984.6795,0,0,0,0
1984.6822,0,0,0,0
1984.6849,0,0,0,0
1984.6877,0,0,0,0
1984.6904,0,0,0,0
1984.6932,0,0,0,0
1984.6959,0,0,0,0
1984.6986,0,0,0,0
1984.7014,0,0,0,0
1984.7041,0,0,0,0
1984.7068,0,0,0,0
1984.7096,0,0,0,0
1984.7123,0,0,0,0
1984.7151,0,0,0,0
1984.7178,0,0,0,0
1984.7205,0,0,0,0
1984.7233,0,0,0,0
1984.726,0,0,0,0
1984.7288,0,0,0,0
1984.7315,0,0,0,0
1984.7342,0,0,0,0
1984.737,0,0,0,0
1984.7397,0,0,0,0
1984.7425,0,0,0,0
1984.7452,0,0,0,0
1984.7479,0,0,0,0
1984.7507,0,0,0,0
1984.7534,0,0,0,0
1984.7562,0,0,0,0
1984.7589,0,0,0,0
1984.7616,0,0,0,0
1984.7644,0,0,0,0
1984.7671,0,0,0,0
1984.7699,0,0,0,0
1984.7726,0,0,0,0
1984.7753,0,0,0,0
1984.7781,0,0,0,0
1984.7808,0,0,0,0
1984.7836,0,0,0,0
1984.7863,0,0,0,0
1984.789,0,0,0,0
1984.7918,0,0,0,0
1984.7945,0,0,0,0
1984.7973,0,0,0,0
1984.8,0,0,0,0
1984.8027,0,0,0,0
1984.8055,0,0,0,0
1984.8082,0,0,0,0
1984.811,0,0,0,0
1984.8137,0,0,0,0
1984.8164,0,0,0,0
1984.8192,0,0,0,0
1984.8219,0,0,0,0
1984.8247,0,0,0,0
1984.8274,0,0,0,0
1984.8301,0,0,0,0
1984.8329,0,0,0,0
1984.8356,0,0,0,0
1984.8384,0,0,0,0
1984.8411,0,0,0,0
1984.8438,0,0,0,0
1984.8466,0,0,0,0
1984.8493,0,0,0,0
1984.8521,0,0,0,0
1984.8548,0,0,0,0
1984.8575,0,0,0,0
1984.8603,0,0,0,0
1984.863,0,0,0,0
1984.8658,0,0,0,0
1984.8685,0,0,0,0
1984.8712,0,0,0,0
1984.874,0,0,0,0
1984.8767,0,0,0,0
1984.8795,0,0,0,0
1984.8822,0,0,0,0
1984.8849,0,0,0,0
1984.8877,0,0,0,0
1984.8904,0,0,0,0
1984.8932,0,0,0,0
1984.8959,0,0,0,0
1984.8986,0,0,0,0
1984.9014,0,0,0,0
1984.9041,0,0,0,0
1984.9068,0,0,0,0
1984.9096,0,0,0,0
1984.9123,0,0,0,0
1984.9151,0,0,0,0
1984.9178,0,0,0,0
1984.9205,0,0,0,0
1984.9233,0,0,0,0
1984.926,0,0,0,0
1984.9288,0,0,0,0
1984.9315,0,0,0,0
1984.9342,0,0,0,0
1984.937,0,0,0,0
1984.9397,0,0,0,0
1984.9425,0,0,0,0
1984.9452,0,0,0,0
1984.9479,0,0,0,0
1984.9507,0,0,0,0
1984.9534,0,0,0,0
1984.9562,0,0,0,0
1984.9589,0,0,0,0
1984.9616,0,0,0,0
1984.9644,0,0,0,0
1984.9671,0,0,0,0
1984.9699,0,0,0,0
1984.9726,0,0,0,0
1984.9753,0,0,0,0
1984.9781,0,0,0,0
1984.9808,0,0,0,0
1984.9836,0,0,0,0
1984.9863,0,0,0,0
1984.989,0,0,0,0
1984.9918,0,0,0,0
1984.9945,0,0,0,0
1984.9973,0,0,0,0
1985,0,0,0,0
1985,0,0,0,0
1985.0027,0,0,0,0
1985.0055,0,0,0,0
1985.0082,0,0,0,0
1985.011,0,0,0,0
1985.0137,0,0,0,0
1985.0164,0,0,0,0
1985.0192,0,0,0,0
1985.0219,0,0,0,0
1985.0247,0,0,0,0
1985.0274,0,0,0,0
1985.0301,0,0,0,0
1985.0329,0,0,0,0
1985.0356,0,0,0,0
1985.0384,0,0,0,0
1985.0411,0,0,0,0
1985.0438,0,0,0,0
1985.0466,0,0,0,0
1985.0493,0,0,0,0
1985.0521,0,0,0,0
1985.0548,0,0,0,0
1985.0575,0,0,0,0
1985.0603,0,0,0,0
1985.063,0,0,0,0
1985.0658,0,0,0,0
1985.0685,0,0,0,0
1985.0712,0,0,0,0
1985.074,0,0,0,0
1985.0767,0,0,0,0
1985.0795,0,0,0,0
1985.0822,0,0,0,0
1985.0849,0,0,0,0
1985.0877,0,0,0,0
1985.0904,0,0,0,0
1985.0932,0,0,0,0
1985.0959,0,0,0,0
1985.0986,0,0,0,0
1985.1014,0,0,0,0
1985.1041,0,0,0,0
1985.1068,0,0,0,0
1985.1096,0,0,0,0
1985.1123,0,0,0,0
1985.1151,0,0,0,0
1985.1178,0,0,0,0
1985.1205,0,0,0,0
1985.1233,0,0,0,0
1985.126,0,0,0,0
1985.1288,0,0,0,0
1985.1315,0,0,0,0
1985.1342,0,0,0,0
1985.137,0,0,0,0
1985.1397,0,0,0,0
1985.1425,0,0,0,0
1985.1452,0,0,0,0
1985.1479,0,0,0,0
1985.1507,0,0,0,0
1985.1534,0,0,0,0
1985.1562,0,0,0,0
1985.1589,0,0,0,0
1985.1616,0,0,0,0
1985.1644,0,0,0,0
1985.1671,0,0,0,0
1985.1699,0,0,0,0
1985.1726,0,0,0,0
1985.1753,0,0,0,0
1985.1781,0,0,0,0
1985.1808,0,0,0,0
1985.1836,0,0,0,0
1985.1863,0,0,0,0
1985.189,0,0,0,0
1985.1918,0,0,0,0
1985.1945,0,0,0,0
1985.1973,0,0,0,0
1985.2,0,0,0,0
1985.2027,0,0,0,0
1985.2055,0,0,0,0
1985.2082,0,0,0,0
1985.211,0,0,0,0
1985.2137,0,0,0,0
1985.2164,0,0,0,0
1985.2192,0,0,0,0
1985.2219,0,0,0,0
1985.2247,0,0,0,0
1985.2274,0,0,0,0
1985.2301,0,0,0,0
1985.2329,0,0,0,0
1985.2356,0,0,0,0
1985.2384,0,0,0,0
1985.2411,0,0,0,0
1985.2438,0,0,0,0
1985.2466,0,0,0,0
1985.2493,0,0,0,0
1985.2521,0,0,0,0
1985.2548,0,0,0,0
1985.2575,0,0,0,0
1985.2603,0,0,0,0
1985.263,0,0,0,0
1985.2658,0,0,0,0
1985.2685,0,0,0,0
1985.2712,0,0,0,0
1985.274,0,0,0,0
1985.2767,0,0,0,0
1985.2795,0,0,0,0
1985.2822,0,0,0,0
1985.2849,0,0,0,0
1985.2877,0,0,0,0
1985.2904,0,0,0,0
1985.2932,0,0,0,0
1985.2959,0,0,0,0
1985.2986,0,0,0,0
1985.3014,0,0,0,0
1985.3041,0,0,0,0
1985.3068,0,0,0,0
1985.3096,0,0,0,0
1985.3123,0,0,0,0
1985.3151,0,0,0,0
1985.3178,0,0,0,0
1985.3205,0,0,0,0
1985.3233,0,0,0,0
1985.326,0,0,0,0
1985.3288,0,0,0,0
1985.3315,0,0,0,0
1985.3342,0,0,0,0
1985.337,0,0,0,0
1985.3397,0,0,0,0
1985.3425,0,0,0,0
1985.3452,0,0,0,0
1985.3479,0,0,0,0
1985.3507,0,0,0,0
1985.3534,0,0,0,0
1985.3562,0,0,0,0
1985.3589,0,0,0,0
1985.3616,0,0,0,0
1985.3644,0,0,0,0
1985.3671,0,0,0,0
1985.3699,0,0,0,0
1985.3726,0,0,0,0
1985.3753,0,0,0,0
1985.3781,0,0,0,0
1985.3808,0,0,0,0
1985.3836,0,0,0,0
1985.3863,0,0,0,0
1985.389,0,0,0,0
1985.3918,0,0,0,0
1985.3945,0,0,0,0
1985.3973,0,0,0,0
1985.4,0,0,0,0
1985.4027,0,0,0,0
1985.4055,0,0,0,0
1985.4082,0,0,0,0
1985.411,0,0,0,0
1985.4137,0,0,0,0
1985.4164,0,0,0,0
1985.4192,0,0,0,0
1985.4219,0,0,0,0
1985.4247,0,0,0,0
1985.4274,0,0,0,0
1985.4301,0,0,0,0
1985.4329,0,0,0,0
1985.4356,0,0,0,0
1985.4384,0,0,0,0
1985.4411,0,0,0,0
1985.4438,0,0,0,0
1985.4466,0,0,0,0
1985.4493,0,0,0,0
1985.4521,0,0,0,0
1985.4548,0,0,0,0
1985.4575,0,0,0,0
1985.4603,0,0,0,0
1985.463,0,0,0,0
1985.4658,0,0,0,0
1985.4685,0,0,0,0
1985.4712,0,0,0,0
1985.474,0,0,0,0
1985.4767,0,0,0,0
1985.4795,0,0,0,0
1985.4822,0,0,0,0
1985.4849,0,0,0,0
1985.4877,0,0,0,0
1985.4904,0,0,0,0
1985.4932,0,0,0,0
1985.4959,0,0,0,0
1985.4986,0,0,0,0
1985.5014,0,0,0,0
1985.5041,0,0,0,0
1985.5068,0,0,0,0
1985.5096,0,0,0,0
1985.5123,0,0,0,0
1985.5151,0,0,0,0
1985.5178,0,0,0,0
1985.5205,0,0,0,0
1985.5233,0,0,0,0
1985.526,0,0,0,0
1985.5288,0,0,0,0
1985.5315,0,0,0,0
1985.5342,0,0,0,0
1985.537,0,0,0,0
1985.5397,0,0,0,0
1985.5425,0,0,0,0
1985.5452,0,0,0,0
1985.5479,0,0,0,0
1985.5507,0,0,0,0
1985.5534,0,0,0,0
1985.5562,0,0,0,0
1985.5589,0,0,0,0
1985.5616,0,0,0,0
1985.5644,0,0,0,0
1985.5671,0,0,0,0
1985.5699,0,0,0,0
1985.5726,0,0,0,0
1985.5753,0,0,0,0
1985.5781,0,0,0,0
1985.5808,0,0,0,0
1985.5836,0,0,0,0
1985.5863,0,0,0,0
1985.589,0,0,0,0
1985.5918,0,0,0,0
1985.5945,0,0,0,0
1985.5973,0,0,0,0
1985.6,0,0,0,0
1985.6027,0,0,0,0
1985.6055,0,0,0,0
1985.6082,0,0,0,0
1985.611,0,0,0,0
1985.6137,0,0,0,0
1985.6164,0,0,0,0
1985.6192,0,0,0,0
1985.6219,0,0,0,0
1985.6247,0,0,0,0
1985.6274,0,0,0,0
1985.6301,0,0,0,0
1985.6329,0,0,0,0
1985.6356,0,0,0,0
1985.6384,0,0,0,0
1985.6411,0,0,0,0
1985.6438,0,0,0,0
1985.6466,0,0,0,0
1985.6493,0,0,0,0
1985.6521,0,0,0,0
1985.6548,0,0,0,0
1985.6575,0,0,0,0
1985.6603,0,0,0,0
1985.663,0,0,0,0
1985.6658,0,0,0,0
1985.6685,0,0,0,0
1985.6712,0,0,0,0
1985.674,0,0,0,0
1985.6767,0,0,0,0
1985.6795,0,0,0,0
1985.6822,0,0,0,0
1985.6849,0,0,0,0
1985.6877,0,0,0,0
1985.6904,0,0,0,0
1985.6932,0,0,0,0
1985.6959,0,0,0,0
1985.6986,0,0,0,0
1985.7014,0,0,0,0
1985.7041,0,0,0,0
1985.7068,0,0,0,0
1985.7096,0,0,0,0
1985.7123,0,0,0,0
1985.7151,0,0,0,0
1985.7178,0,0,0,0
1985.7205,0,0,0,0
1985.7233,0,0,0,0
1985.726,0,0,0,0
1985.7288,0,0,0,0
1985.7315,0,0,0,0
1985.7342,0,0,0,0
1985.737,0,0,0,0
1985.7397,0,0,0,0
1985.7425,0,0,0,0
1985.7452,0,0,0,0
1985.7479,0,0,0,0
1985.7507,0,0,0,0
1985.7534,0,0,0,0
1985.7562,0,0,0,0
1985.7589,0,0,0,0
1985.7616,0,0,0,0
1985.7644,0,0,0,0
1985.7671,0,0,0,0
1985.7699,0,0,0,0
1985.7726,0,0,0,0
1985.7753,0,0,0,0
1985.7781,0,0,0,0
1985.7808,0,0,0,0
1985.7836,0,0,0,0
1985.7863,0,0,0,0
1985.789,0,0,0,0
1985.7918,0,0,0,0
1985.7945,0,0,0,0
1985.7973,0,0,0,0
1985.8,0,0,0,0
1985.8027,0,0,0,0
1985.8055,0,0,0,0
1985.8082,0,0,0,0
1985.811,0,0,0,0
1985.8137,0,0,0,0
1985.8164,0,0,0,0
1985.8192,0,0,0,0
1985.8219,0,0,0,0
1985.8247,0,0,0,0
1985.8274,0,0,0,0
1985.8301,0,0,0,0
1985.8329,0,0,0,0
1985.8356,0,0,0,0
1985.8384,0,0,0,0
1985.8411,0,0,0,0
1985.8438,0,0,0,0
1985.8466,0,0,0,0
1985.8493,0,0,0,0
1985.8521,0,0,0,0
1985.8548,0,0,0,0
1985.8575,0,0,0,0
1985.8603,0,0,0,0
1985.863,0,0,0,0
1985.8658,0,0,0,0
1985.8685,0,0,0,0
1985.8712,0,0,0,0
1985.874,0,0,0,0
1985.8767,0,0,0,0
1985.8795,1,0,0,0
1985.8822,0,0,0,0
1985.8849,0,0,0,0
1985.8877,0,0,0,0
1985.8904,0,0,0,0
1985.8932,0,0,0,0
1985.8959,0,0,0,0
1985.8986,0,0,0,0
1985.9014,0,0,0,0
1985.9041,0,0,0,0
1985.9068,0,0,0,0
1985.9096,0,0,0,0
1985.9123,0,0,0,0
1985.9151,0,0,0,0
1985.9178,0,0,0,0
1985.9205,0,0,0,0
1985.9233,0,0,0,0
1985.926,0,0,0,0
1985.9288,0,0,0,0
1985.9315,0,0,0,0
1985.9342,0,0,0,0
1985.937,0,0,0,0
1985.9397,0,0,0,0
1985.9425,0,0,0,0
1985.9452,0,0,0,0
1985.9479,0,0,0,0
1985.9507,0,0,0,0
1985.9534,0,0,0,0
1985.9562,0,0,0,0
1985.9589,0,0,0,0
1985.9616,0,0,0,0
1985.9644,0,0,0,0
1985.9671,0,0,0,0
1985.9699,0,0,0,0
1985.9726,0,0,0,0
1985.9753,0,0,0,0
1985.9781,0,0,0,0
1985.9808,0,0,0,0
1985.9836,0,0,0,0
1985.9863,0,0,0,0
1985.989,0,0,0,0
1985.9918,0,0,0,0
1985.9945,0,0,0,0
1985.9973,0,0,0,0
1986,0,0,0,0
1986.0027,0,0,0,0
1986.0055,0,0,0,0
1986.0082,0,0,0,0
1986.011,0,0,0,0
1986.0137,0,0,0,0
1986.0164,0,0,0,0
1986.0192,0,0,0,0
1986.0219,0,0,0,0
1986.0247,0,0,0,0
1986.0274,0,0,0,0
1986.0301,0,0,0,0
1986.0329,0,0,0,0
1986.0356,0,0,0,0
1986.0384,0,0,0,0
1986.0411,0,0,0,0
1986.0438,0,0,0,0
1986.0466,0,0,0,0
1986.0493,0,0,0,0
1986.0521,0,0,0,0
1986.0548,0,0,0,0
1986.0575,0,0,0,0
1986.0603,0,0,0,0
1986.063,0,0,0,0
1986.0658,0,0,0,0
1986.0685,0,0,0,0
1986.0712,0,0,0,0
1986.074,0,0,0,0
1986.0767,0,0,0,0
1986.0795,0,0,0,0
1986.0822,0,0,0,0
1986.0849,0,0,0,0
1986.0877,0,0,0,0
1986.0904,0,0,0,0
1986.0932,0,0,0,0
1986.0959,0,0,0,0
1986.0986,0,0,0,0
1986.1014,0,0,0,0
1986.1041,0,0,0,0
1986.1068,0,0,0,0
1986.1096,0,0,0,0
1986.1123,0,0,0,0
1986.1151,0,0,0,0
1986.1178,0,0,0,0
1986.1205,0,0,0,0
1986.1233,0,0,0,0
1986.126,0,0,0,0
1986.1288,0,0,0,0
1986.1315,0,0,0,0
1986.1342,0,0,0,0
1986.137,0,0,0,0
1986.1397,0,0,0,0
1986.1425,0,0,0,0
1986.1452,0,0,0,0
1986.1479,0,0,0,0
1986.1507,0,0,0,0
1986.1534,0,0,0,0
1986.1562,0,0,0,0
1986.1589,0,0,0,0
1986.1616,0,0,0,0
1986.1644,0,0,0,0
1986.1671,0,0,0,0
1986.1699,0,0,0,0
1986.1726,0,0,0,0
1986.1753,0,0,0,0
1986.1781,0,0,0,0
1986.1808,0,0,0,0
1986.1836,0,0,0,0
1986.1863,0,0,0,0
1986.189,0,0,0,0
1986.1918,0,0,0,0
1986.1945,0,0,0,0
1986.1973,0,0,0,0
1986.2,0,0,0,0
1986.2027,0,0,0,0
1986.2055,0,0,0,0
1986.2082,0,0,0,0
1986.211,0,0,0,0
1986.2137,0,0,0,0
1986.2164,0,0,0,0
1986.2192,0,0,0,0
1986.2219,0,0,0,0
1986.2247,0,0,0,0
1986.2274,0,0,0,0
1986.2301,0,0,0,0
1986.2329,0,0,0,0
1986.2356,0,0,0,0
1986.2384,0,0,0,0
1986.2411,0,0,0,0
1986.2438,0,0,0,0
1986.2466,0,0,0,0
1986.2493,0,0,0,0
1986.2521,0,0,0,0
1986.2548,0,0,0,0
1986.2575,0,0,0,0
1986.2603,0,0,0,0
1986.263,0,0,0,0
1986.2658,0,0,0,0
1986.2685,0,0,0,0
1986.2712,0,0,0,0
1986.274,0,0,0,0
1986.2767,0,0,0,0
1986.2795,0,0,0,0
1986.2822,0,0,0,0
1986.2849,0,0,0,0
1986.2877,0,0,0,0
1986.2904,0,0,0,0
1986.2932,0,0,0,0
1986.2959,0,0,0,0
1986.2986,0,0,0,0
1986.3014,0,0,0,0
1986.3041,0,0,0,0
1986.3068,0,0,0,0
1986.3096,0,0,0,0
1986.3123,0,0,0,0
1986.3151,0,0,0,0
1986.3178,0,0,0,0
1986.3205,0,0,0,0
1986.3233,0,0,0,0
1986.326,0,0,0,0
1986.3288,0,0,0,0
1986.3315,0,0,0,0
1986.3342,0,0,0,0
1986.337,0,0,0,0
1986.3397,0,0,0,0
1986.3425,0,0,0,0
1986.3452,0,0,0,0
1986.3479,0,0,0,0
1986.3507,0,0,0,0
1986.3534,0,0,0,0
1986.3562,0,0,0,0
1986.3589,0,0,0,0
1986.3616,0,0,0,0
1986.3644,0,0,0,0
1986.3671,0,0,0,0
1986.3699,0,0,0,0
1986.3726,0,0,0,0
1986.3753,0,0,0,0
1986.3781,0,0,0,0
1986.3808,0,0,0,0
1986.3836,0,0,0,0
1986.3863,0,0,0,0
1986.389,0,0,0,0
1986.3918,0,0,0,0
1986.3945,0,0,0,0
1986.3973,0,0,0,0
1986.4,0,0,0,0
1986.4027,0,0,0,0
1986.4055,0,0,0,0
1986.4082,0,0,0,0
1986.411,0,0,0,0
1986.4137,0,0,0,0
1986.4164,0,0,0,0
1986.4192,0,0,0,0
1986.4219,0,0,0,0
1986.4247,0,0,0,0
1986.4274,0,0,0,0
1986.4301,0,0,0,0
1986.4329,0,0,0,0
1986.4356,0,0,0,0
1986.4384,0,0,0,0
1986.4411,0,0,0,0
1986.4438,0,0,0,0
1986.4466,0,0,0,0
1986.4493,0,0,0,0
1986.4521,0,0,0,0
1986.4548,0,0,0,0
1986.4575,0,0,0,0
1986.4603,0,0,0,0
1986.463,0,0,0,0
1986.4658,0,0,0,0
1986.4685,0,0,0,0
1986.4712,0,0,0,0
1986.474,0,0,0,0
1986.4767,0,0,0,0
1986.4795,0,0,0,0
1986.4822,0,0,0,0
1986.4849,0,0,0,0
1986.4877,0,0,0,0
1986.4904,0,0,0,0
1986.4932,0,0,0,0
1986.4959,0,0,0,0
1986.4986,0,0,0,0
1986.5014,0,0,0,0
1986.5041,0,0,0,0
1986.5068,0,0,0,0
1986.5096,0,0,0,0
1986.5123,0,0,0,0
1986.5151,0,0,0,0
1986.5178,0,0,0,0
1986.5205,0,0,0,0
1986.5233,0,0,0,0
1986.526,0,0,0,0
1986.5288,0,0,0,0
1986.5315,0,0,0,0
1986.5342,0,0,0,0
1986.537,0,0,0,0
1986.5397,0,0,0,0
1986.5425,0,0,0,0
1986.5452,0,0,0,0
1986.5479,0,0,0,0
1986.5507,0,0,0,0
1986.5534,0,0,0,0
1986.5562,0,0,0,0
1986.5589,0,0,0,0
1986.5616,0,0,0,0
1986.5644,0,0,0,0
1986.5671,0,0,0,0
1986.5699,0,0,0,0
1986.5726,0,0,0,0
1986.5753,0,0,0,0
1986.5781,0,0,0,0
1986.5808,0,0,0,0
1986.5836,0,0,0,0
1986.5863,0,0,0,0
1986.589,0,0,0,0
1986.5918,0,0,0,0
1986.5945,0,0,0,0
1986.5973,0,0,0,0
1986.6,0,0,0,0
1986.6027,0,0,0,0
1986.6055,0,0,0,0
1986.6082,0,0,0,0
1986.611,0,0,0,0
1986.6137,0,0,0,0
1986.6164,0,0,0,0
1986.6192,0,0,0,0
1986.6219,0,0,0,0
1986.6247,0,0,0,0
1986.6274,0,0,0,0
1986.6301,0,0,0,0
1986.6329,0,0,0,0
1986.6356,0,0,0,0
1986.6384,0,0,0,0
1986.6411,0,0,0,0
1986.6438,0,0,0,0
1986.6466,0,0,0,0
1986.6493,0,0,0,0
1986.6521,0,0,0,0
1986.6548,0,0,0,0
1986.6575,0,0,0,0
1986.6603,0,0,0,0
1986.663,0,0,0,0
1986.6658,0,0,0,0
1986.6685,0,0,0,0
1986.6712,0,0,0,0
1986.674,0,0,0,0
1986.6767,0,0,0,0
1986.6795,0,0,0,0
1986.6822,0,0,0,0
1986.6849,0,0,0,0
1986.6877,0,0,0,0
1986.6904,0,0,0,0
1986.6932,0,0,0,0
1986.6959,0,0,0,0
1986.6986,0,0,0,0
1986.7014,0,0,0,0
1986.7041,0,0,0,0
1986.7068,0,0,0,0
1986.7096,0,0,0,0
1986.7123,0,0,0,0
1986.7151,0,0,0,0
1986.7178,0,0,0,0
1986.7205,0,0,0,0
1986.7233,0,0,0,0
1986.726,0,0,0,0
1986.7288,0,0,0,0
1986.7315,0,0,0,0
1986.7342,0,0,0,0
1986.737,0,0,0,0
1986.7397,0,0,0,0
1986.7425,0,0,0,0
1986.7452,0,0,0,0
1986.7479,0,0,0,0
1986.7507,0,0,0,0
1986.7534,0,0,0,0
1986.7562,0,0,0,0
1986.7589,0,0,0,0
1986.7616,0,0,0,0
1986.7644,0,0,0,0
1986.7671,0,0,0,0
1986.7699,0,0,0,0
1986.7726,0,0,0,0
1986.7753,0,0,0,0
1986.7781,0,0,0,0
1986.7808,0,0,0,0
1986.7836,0,0,0,0
1986.7863,0,0,0,0
1986.789,0,0,0,0
1986.7918,0,0,0,0
1986.7945,0,0,0,0
1986.7973,0,0,0,0
1986.8,0,0,0,0
1986.8027,0,0,0,0
1986.8055,0,0,0,0
1986.8082,0,0,0,0
1986.811,0,0,0,0
1986.8137,0,0,0,0
1986.8164,0,0,0,0
1986.8192,0,0,0,0
1986.8219,0,0,0,0
1986.8247,0,0,0,0
1986.8274,0,0,0,0
1986.8301,0,0,0,0
1986.8329,0,0,0,0
1986.8356,0,0,0,0
1986.8384,0,0,0,0
1986.8411,0,0,0,0
1986.8438,0,0,0,0
1986.8466,0,0,0,0
1986.8493,0,0,0,0
1986.8521,0,0,0,0
1986.8548,0,0,0,0
1986.8575,0,0,0,0
1986.8603,0,0,0,0
1986.863,0,0,0,0
1986.8658,0,0,0,0
1986.8685,0,0,0,0
1986.8712,0,0,0,0
1986.874,0,0,0,0
1986.8767,0,0,0,0
1986.8795,0,0,0,0
1986.8822,0,0,0,0
1986.8849,0,0,0,0
1986.8877,0,0,0,0
1986.8904,0,0,0,0
1986.8932,0,0,0,0
1986.8959,0,0,0,0
1986.8986,0,0,0,0
1986.9014,0,0,0,0
1986.9041,0,0,0,0
1986.9068,0,0,0,0
1986.9096,0,0,0,0
1986.9123,0,0,0,0
1986.9151,0,0,0,0
1986.9178,0,0,0,0
1986.9205,0,0,0,0
1986.9233,0,0,0,0
1986.926,0,0,0,0
1986.9288,0,0,0,0
1986.9315,0,0,0,0
1986.9342,0,0,0,0
1986.937,0,0,0,0
1986.9397,0,0,0,0
1986.9425,0,0,0,0
1986.9452,0,0,0,0
1986.9479,0,0,0,0
1986.9507,0,0,0,0
1986.9534,0,0,0,0
1986.9562,0,0,0,0
1986.9589,0,0,0,0
1986.9616,0,0,0,0
1986.9644,0,0,0,0
1986.9671,0,0,0,0
1986.9699,0,0,0,0
1986.9726,0,0,0,0
1986.9753,0,0,0,0
1986.9781,0,0,0,0
1986.9808,0,0,0,0
1986.9836,0,0,0,0
1986.9863,0,0,0,0
1986.989,0,0,0,0
1986.9918,0,0,0,0
1986.9945,0,0,0,0
1986.9973,0,0,0,0
1987,0,0,0,0
1987.0027,0,0,0,0
1987.0055,0,0,0,0
1987.0082,0,0,0,0
1987.011,0,0,0,0
1987.0137,0,0,0,0
1987.0164,0,0,0,0
1987.0192,0,0,0,0
1987.0219,0,0,0,0
1987.0247,0,0,0,0
1987.0274,0,0,0,0
1987.0301,0,0,0,0
1987.0329,0,0,0,0
1987.0356,0,0,0,0
1987.0384,0,0,0,0
1987.0411,0,0,0,0
1987.0438,0,0,0,0
1987.0466,0,0,0,0
1987.0493,0,0,0,0
1987.0521,0,0,0,0
1987.0548,0,0,0,0
1987.0575,0,0,0,0
1987.0603,0,0,0,0
1987.063,0,0,0,0
1987.0658,0,0,0,0
1987.0685,0,0,0,0
1987.0712,0,0,0,0
1987.074,0,0,0,0
1987.0767,0,0,0,0
1987.0795,0,0,0,0
1987.0822,0,0,0,0
1987.0849,0,0,0,0
1987.0877,0,0,0,0
1987.0904,0,0,0,0
1987.0932,0,0,0,0
1987.0959,0,0,0,0
1987.0986,0,0,0,0
1987.1014,0,0,0,0
1987.1041,0,0,0,0
1987.1068,0,0,0,0
1987.1096,0,0,0,0
1987.1123,0,0,0,0
1987.1151,0,0,0,0
1987.1178,0,0,0,0
1987.1205,0,0,0,0
1987.1233,0,0,0,0
1987.126,0,0,0,0
1987.1288,0,0,0,0
1987.1315,0,0,0,0
1987.1342,0,0,0,0
1987.137,0,0,0,0
1987.1397,0,0,0,0
1987.1425,0,0,0,0
1987.1452,0,0,0,0
1987.1479,0,0,0,0
1987.1507,0,0,0,0
1987.1534,0,0,0,0
1987.1562,0,0,0,0
1987.1589,0,0,0,0
1987.1616,0,0,0,0
1987.1644,0,0,0,0
1987.1671,0,0,0,0
1987.1699,0,0,0,0
1987.1726,0,0,0,0
1987.1753,0,0,0,0
1987.1781,0,0,0,0
1987.1808,0,0,0,0
1987.1836,0,0,0,0
1987.1863,0,0,0,0
1987.189,0,0,0,0
1987.1918,0,0,0,0
1987.1945,0,0,0,0
1987.1973,0,0,0,0
1987.2,0,0,0,0
1987.2027,0,0,0,0
1987.2055,0,0,0,0
1987.2082,0,0,0,0
1987.211,0,0,0,0
1987.2137,0,0,0,0
1987.2164,0,0,0,0
1987.2192,0,0,0,0
1987.2219,0,0,0,0
1987.2247,0,0,0,0
1987.2274,0,0,0,0
1987.2301,0,0,0,0
1987.2329,0,0,0,0
1987.2356,0,0,0,0
1987.2384,0,0,0,0
1987.2411,0,0,0,0
1987.2438,0,0,0,0
1987.2466,0,0,0,0
1987.2493,0,0,0,0
1987.2521,0,0,0,0
1987.2548,0,0,0,0
1987.2575,0,0,0,0
1987.2603,0,0,0,0
1987.263,0,0,0,0
1987.2658,0,0,0,0
1987.2685,0,0,0,0
1987.2712,0,0,0,0
1987.274,0,0,0,0
1987.2767,0,0,0,0
1987.2795,0,0,0,0
1987.2822,0,0,0,0
1987.2849,0,0,0,0
1987.2877,0,0,0,0
1987.2904,0,0,0,0
1987.2932,0,0,0,0
1987.2959,0,0,0,0
1987.2986,0,0,0,0
1987.3014,0,0,0,0
1987.3041,0,0,0,0
1987.3068,0,0,0,0
1987.3096,0,0,0,0
1987.3123,0,0,0,0
1987.3151,0,0,0,0
1987.3178,0,0,0,0
1987.3205,0,0,0,0
1987.3233,0,0,0,0
1987.326,0,0,0,0
1987.3288,0,0,0,0
1987.3315,0,0,0,0
1987.3342,0,0,0,0
1987.337,0,0,0,0
1987.3397,0,0,0,0
1987.3425,0,0,0,0
1987.3452,0,0,0,0
1987.3479,0,0,0,0
1987.3507,0,0,0,0
1987.3534,0,0,0,0
1987.3562,0,0,0,0
1987.3589,0,0,0,0
1987.3616,0,0,0,0
1987.3644,0,0,0,0
1987.3671,0,0,0,0
1987.3699,0,0,0,0
1987.3726,0,0,0,0
1987.3753,0,0,0,0
1987.3781,0,0,0,0
1987.3808,0,0,0,0
1987.3836,0,0,0,0
1987.3863,0,0,0,0
1987.389,0,0,0,0
1987.3918,0,0,0,0
1987.3945,0,0,0,0
1987.3973,0,0,0,0
1987.4,0,0,0,0
1987.4027,0,0,0,0
1987.4055,0,0,0,0
1987.4082,0,0,0,0
1987.411,0,0,0,0
1987.4137,0,0,0,0
1987.4164,0,0,0,0
1987.4192,0,0,0,0
1987.4219,0,0,0,0
1987.4247,0,0,0,0
1987.4274,0,0,0,0
1987.4301,0,0,0,0
1987.4329,0,0,0,0
1987.4356,0,0,0,0
1987.4384,0,0,0,0
1987.4411,0,0,0,0
1987.4438,0,0,0,0
1987.4466,0,0,0,0
1987.4493,0,0,0,0
1987.4521,0,0,0,0
1987.4548,0,0,0,0
1987.4575,0,0,0,0
1987.4603,0,0,0,0
1987.463,0,0,0,0
1987.4658,0,0,0,0
1987.4685,0,0,0,0
1987.4712,0,0,0,0
1987.474,0,0,0,0
1987.4767,0,0,0,0
1987.4795,0,0,0,0
1987.4822,0,0,0,0
1987.4849,0,0,0,0
1987.4877,0,0,0,0
1987.4904,0,0,0,0
1987.4932,0,0,0,0
1987.4959,0,0,0,0
1987.4986,0,0,0,0
1987.5014,0,0,0,0
1987.5041,0,0,0,0
1987.5068,0,0,0,0
1987.5096,1,0,0,0
1987.5123,0,0,0,0
1987.5151,0,0,0,0
1987.5178,0,0,0,0
1987.5205,0,0,0,0
1987.5233,0,0,0,0
1987.526,0,0,0,0
1987.5288,0,0,0,0
1987.5315,0,0,0,0
1987.5342,0,0,0,0
1987.537,0,0,0,0
1987.5397,0,0,0,0
1987.5425,0,0,0,0
1987.5452,0,0,0,0
1987.5479,0,0,0,0
1987.5507,0,0,0,0
1987.5534,0,0,0,0
1987.5562,0,0,0,0
1987.5589,0,0,0,0
1987.5616,0,0,0,0
1987.5644,0,0,0,0
1987.5671,0,0,0,0
1987.5699,0,0,0,0
1987.5726,0,0,0,0
1987.5753,0,0,0,0
1987.5781,0,0,0,0
1987.5808,0,0,0,0
1987.5836,0,0,0,0
1987.5863,0,0,0,0
1987.589,0,0,0,0
1987.5918,0,0,0,0
1987.5945,0,0,0,0
1987.5973,0,0,0,0
1987.6,0,0,0,0
1987.6027,0,0,0,0
1987.6055,0,0,0,0
1987.6082,0,0,0,0
1987.611,0,0,0,0
1987.6137,0,0,0,0
1987.6164,0,0,0,0
1987.6192,0,0,0,0
1987.6219,0,0,0,0
1987.6247,0,0,0,0
1987.6274,0,0,0,0
1987.6301,0,0,0,0
1987.6329,0,0,0,0
1987.6356,0,0,0,0
1987.6384,0,0,0,0
1987.6411,0,0,0,0
1987.6438,0,0,0,0
1987.6466,0,0,0,0
1987.6493,0,0,0,0
1987.6521,0,0,0,0
1987.6548,0,0,0,0
1987.6575,0,0,0,0
1987.6603,0,0,0,0
1987.663,0,0,0,0
1987.6658,0,0,0,0
1987.6685,0,0,0,0
1987.6712,0,0,0,0
1987.674,0,0,0,0
1987.6767,0,0,0,0
1987.6795,0,0,0,0
1987.6822,0,0,0,0
1987.6849,0,0,0,0
1987.6877,0,0,0,0
1987.6904,0,0,0,0
1987.6932,0,0,0,0
1987.6959,0,0,0,0
1987.6986,0,0,0,0
1987.7014,0,0,0,0
1987.7041,0,0,0,0
1987.7068,0,0,0,0
1987.7096,0,0,0,0
1987.7123,0,0,0,0
1987.7151,0,0,0,0
1987.7178,0,0,0,0
1987.7205,0,0,0,0
1987.7233,0,0,0,0
1987.726,0,0,0,0
1987.7288,0,0,0,0
1987.7315,0,0,0,0
1987.7342,0,0,0,0
1987.737,0,0,0,0
1987.7397,0,0,0,0
1987.7425,0,0,0,0
1987.7452,0,0,0,0
1987.7479,0,0,0,0
1987.7507,0,0,0,0
1987.7534,0,0,0,0
1987.7562,0,0,0,0
1987.7589,0,0,0,0
1987.7616,0,0,0,0
1987.7644,0,0,0,0
1987.7671,0,0,0,0
1987.7699,0,0,0,0
1987.7726,0,0,0,0
1987.7753,0,0,0,0
1987.7781,0,0,0,0
1987.7808,0,0,0,0
1987.7836,0,0,0,0
1987.7863,0,0,0,0
1987.789,0,0,0,0
1987.7918,0,0,0,0
1987.7945,0,0,0,0
1987.7973,0,0,0,0
1987.8,0,0,0,0
1987.8027,0,0,0,0
1987.8055,0,0,0,0
1987.8082,0,0,0,0
1987.811,0,0,0,0
1987.8137,0,0,0,0
1987.8164,0,0,0,0
1987.8192,0,0,0,0
1987.8219,0,0,0,0
1987.8247,0,0,0,0
1987.8274,0,0,0,0
1987.8301,0,0,0,0
1987.8329,0,0,0,0
1987.8356,0,0,0,0
1987.8384,0,0,0,0
1987.8411,0,0,0,0
1987.8438,0,0,0,0
1987.8466,0,0,0,0
1987.8493,0,0,0,0
1987.8521,0,0,0,0
1987.8548,0,0,0,0
1987.8575,0,0,0,0
1987.8603,0,0,0,0
1987.863,0,0,0,0
1987.8658,0,0,0,0
1987.8685,0,0,0,0
1987.8712,0,0,0,0
1987.874,0,0,0,0
1987.8767,0,0,0,0
1987.8795,0,0,0,0
1987.8822,0,0,0,0
1987.8849,0,0,0,0
1987.8877,0,0,0,0
1987.8904,0,0,0,0
1987.8932,0,0,0,0
1987.8959,0,0,0,0
1987.8986,0,0,0,0
1987.9014,0,0,0,0
1987.9041,0,0,0,0
1987.9068,0,0,0,0
1987.9096,0,0,0,0
1987.9123,0,0,0,0
1987.9151,0,0,0,0
1987.9178,0,0,0,0
1987.9205,0,0,0,0
1987.9233,0,0,0,0
1987.926,0,0,0,0
1987.9288,0,0,0,0
1987.9315,0,0,0,0
1987.9342,0,0,0,0
1987.937,0,0,0,0
1987.9397,0,0,0,0
1987.9425,0,0,0,0
1987.9452,0,0,0,0
1987.9479,0,0,0,0
1987.9507,0,0,0,0
1987.9534,0,0,0,0
1987.9562,0,0,0,0
1987.9589,0,0,0,0
1987.9616,0,0,0,0
1987.9644,0,0,0,0
1987.9671,0,0,0,0
1987.9699,0,0,0,0
1987.9726,0,0,0,0
1987.9753,0,0,0,0
1987.9781,0,0,0,0
1987.9808,0,0,0,0
1987.9836,0,0,0,0
1987.9863,0,0,0,0
1987.989,0,0,0,0
1987.9918,0,0,0,0
1987.9945,0,0,0,0
1987.9973,0,0,0,0
1988,0,0,0,0
1988.0027,0,0,0,0
1988.0055,0,0,0,0
1988.0082,0,0,0,0
1988.011,0,0,0,0
1988.0137,0,0,0,0
1988.0164,0,0,0,0
1988.0192,0,0,0,0
1988.0219,0,0,0,0
1988.0247,0,0,0,0
1988.0274,0,0,0,0
1988.0301,0,0,0,0
1988.0329,0,0,0,0
1988.0356,0,0,0,0
1988.0384,0,0,0,0
1988.0411,0,0,0,0
1988.0438,0,0,0,0
1988.0466,0,0,0,0
1988.0493,0,0,0,0
1988.0521,0,0,0,0
1988.0548,0,0,0,0
1988.0575,0,0,0,0
1988.0603,0,0,0,0
1988.063,0,0,0,0
1988.0658,0,0,0,0
1988.0685,0,0,0,0
1988.0712,0,0,0,0
1988.074,0,0,0,0
1988.0767,0,0,0,0
1988.0795,0,0,0,0
1988.0822,0,0,0,0
1988.0849,0,0,0,0
1988.0877,0,0,0,0
1988.0904,0,0,0,0
1988.0932,0,0,0,0
1988.0959,0,0,0,0
1988.0986,0,0,0,0
1988.1014,0,0,0,0
1988.1041,0,0,0,0
1988.1068,0,0,0,0
1988.1096,0,0,0,0
1988.1123,0,0,0,0
1988.1151,0,0,0,0
1988.1178,0,0,0,0
1988.1205,0,0,0,0
1988.1233,0,0,0,0
1988.126,0,0,0,0
1988.1288,0,0,0,0
1988.1315,0,0,0,0
1988.1342,0,0,0,0
1988.137,0,0,0,0
1988.1397,0,0,0,0
1988.1425,0,0,0,0
1988.1452,0,0,0,0
1988.1479,0,0,0,0
1988.1507,0,0,0,0
1988.1534,0,0,0,0
1988.1562,0,0,0,0
1988.1589,0,0,0,0
1988.1616,0,0,0,0
1988.1644,0,0,0,0
1988.1671,0,0,0,0
1988.1699,0,0,0,0
1988.1726,0,0,0,0
1988.1753,0,0,0,0
1988.1781,0,0,0,0
1988.1808,0,0,0,0
1988.1836,0,0,0,0
1988.1863,0,0,0,0
1988.189,0,0,0,0
1988.1918,0,0,0,0
1988.1945,0,0,0,0
1988.1973,0,0,0,0
1988.2,0,0,0,0
1988.2027,0,0,0,0
1988.2055,0,0,0,0
1988.2082,0,0,0,0
1988.211,0,0,0,0
1988.2137,0,0,0,0
1988.2164,0,0,0,0
1988.2192,0,0,0,0
1988.2219,0,0,0,0
1988.2247,0,0,0,0
1988.2274,0,0,0,0
1988.2301,0,0,0,0
1988.2329,0,0,0,0
1988.2356,0,0,0,0
1988.2384,0,0,0,0
1988.2411,0,0,0,0
1988.2438,0,0,0,0
1988.2466,0,0,0,0
1988.2493,0,0,0,0
1988.2521,0,0,0,0
1988.2548,0,0,0,0
1988.2575,0,0,0,0
1988.2603,0,0,0,0
1988.263,0,0,0,0
1988.2658,0,0,0,0
1988.2685,0,0,0,0
1988.2712,0,0,0,0
1988.274,0,0,0,0
1988.2767,0,0,0,0
1988.2795,0,0,0,0
1988.2822,0,0,0,0
1988.2849,0,0,0,0
1988.2877,0,0,0,0
1988.2904,0,0,0,0
1988.2932,0,0,0,0
1988.2959,0,0,0,0
1988.2986,0,0,0,0
1988.3014,0,0,0,0
1988.3041,0,0,0,0
1988.3068,0,0,0,0
1988.3096,0,0,0,0
1988.3123,0,0,0,0
1988.3151,0,0,0,0
1988.3178,0,0,0,0
1988.3205,0,0,0,0
1988.3233,0,0,0,0
1988.326,0,0,0,0
1988.3288,0,0,0,0
1988.3315,0,0,0,0
1988.3342,0,0,0,0
1988.337,0,0,0,0
1988.3397,0,0,0,0
1988.3425,0,0,0,0
1988.3452,0,0,0,0
1988.3479,0,0,0,0
1988.3507,0,0,0,0
1988.3534,0,0,0,0
1988.3562,0,0,0,0
1988.3589,0,0,0,0
1988.3616,0,0,0,0
1988.3644,0,0,0,0
1988.3671,0,0,0,0
1988.3699,0,0,0,0
1988.3726,0,0,0,0
1988.3753,0,0,0,0
1988.3781,0,0,0,0
1988.3808,0,0,0,0
1988.3836,0,0,0,0
1988.3863,0,0,0,0
1988.389,0,0,0,0
1988.3918,0,0,0,0
1988.3945,0,0,0,0
1988.3973,0,0,0,0
1988.4,0,0,0,0
1988.4027,0,0,0,0
1988.4055,0,0,0,0
1988.4082,0,0,0,0
1988.411,0,0,0,0
1988.4137,0,0,0,0
1988.4164,0,0,0,0
1988.4192,0,0,0,0
1988.4219,0,0,0,0
1988.4247,0,0,0,0
1988.4274,0,0,0,0
1988.4301,0,0,0,0
1988.4329,0,0,0,0
1988.4356,0,0,0,0
1988.4384,0,0,0,0
1988.4411,0,0,0,0
1988.4438,0,0,0,0
1988.4466,0,0,0,0
1988.4493,0,0,0,0
1988.4521,0,0,0,0
1988.4548,0,0,0,0
1988.4575,0,0,0,0
1988.4603,0,0,0,0
1988.463,0,0,0,0
1988.4658,0,0,0,0
1988.4685,0,0,0,0
1988.4712,0,0,0,0
1988.474,0,0,0,0
1988.4767,0,0,0,0
1988.4795,0,0,0,0
1988.4822,0,0,0,0
1988.4849,0,0,0,0
1988.4877,0,0,0,0
1988.4904,0,0,0,0
1988.4932,0,0,0,0
1988.4959,0,0,0,0
1988.4986,0,0,0,0
1988.5014,0,0,0,0
1988.5041,0,0,0,0
1988.5068,0,0,0,0
1988.5096,0,0,0,0
1988.5123,0,0,0,0
1988.5151,0,0,0,0
1988.5178,0,0,0,0
1988.5205,0,0,0,0
1988.5233,0,0,0,0
1988.526,0,0,0,0
1988.5288,0,0,0,0
1988.5315,0,0,0,0
1988.5342,0,0,0,0
1988.537,0,0,0,0
1988.5397,0,0,0,0
1988.5425,0,0,0,0
1988.5452,0,0,0,0
1988.5479,0,0,0,0
1988.5507,0,0,0,0
1988.5534,0,0,0,0
1988.5562,0,0,0,0
1988.5589,0,0,0,0
1988.5616,0,0,0,0
1988.5644,0,0,0,0
1988.5671,0,0,0,0
1988.5699,0,0,0,0
1988.5726,0,0,0,0
1988.5753,0,0,0,0
1988.5781,0,0,0,0
1988.5808,0,0,0,0
1988.5836,0,0,0,0
1988.5863,0,0,0,0
1988.589,0,0,0,0
1988.5918,0,0,0,0
1988.5945,0,0,0,0
1988.5973,0,0,0,0
1988.6,0,0,0,0
1988.6027,0,0,0,0
1988.6055,0,0,0,0
1988.6082,0,0,0,0
1988.611,0,0,0,0
1988.6137,0,0,0,0
1988.6164,0,0,0,0
1988.6192,0,0,0,0
1988.6219,0,0,0,0
1988.6247,0,0,0,0
1988.6274,0,0,0,0
1988.6301,0,0,0,0
1988.6329,0,0,0,0
1988.6356,0,0,0,0
1988.6384,0,0,0,0
1988.6411,0,0,0,0
1988.6438,0,0,0,0
1988.6466,0,0,0,0
1988.6493,0,0,0,0
1988.6521,0,0,0,0
1988.6548,0,0,0,0
1988.6575,0,0,0,0
1988.6603,0,0,0,0
1988.663,0,0,0,0
1988.6658,0,0,0,0
1988.6685,0,0,0,0
1988.6712,0,0,0,0
1988.674,0,0,0,0
1988.6767,0,0,0,0
1988.6795,0,0,0,0
1988.6822,0,0,0,0
1988.6849,0,0,0,0
1988.6877,0,0,0,0
1988.6904,0,0,0,0
1988.6932,0,0,0,0
1988.6959,0,0,0,0
1988.6986,0,0,0,0
1988.7014,0,0,0,0
1988.7041,0,0,0,0
1988.7068,0,0,0,0
1988.7096,0,0,0,0
1988.7123,0,0,0,0
1988.7151,0,0,0,0
1988.7178,0,0,0,0
1988.7205,0,0,0,0
1988.7233,0,0,0,0
1988.726,0,0,0,0
1988.7288,0,0,0,0
1988.7315,0,0,0,0
1988.7342,0,0,0,0
1988.737,0,0,0,0
1988.7397,0,0,0,0
1988.7425,0,0,0,0
1988.7452,0,0,0,0
1988.7479,0,0,0,0
1988.7507,0,0,0,0
1988.7534,0,0,0,0
1988.7562,0,0,0,0
1988.7589,0,0,0,0
1988.7616,0,0,0,0
1988.7644,0,0,0,0
1988.7671,0,0,0,0
1988.7699,0,0,0,0
1988.7726,0,0,0,0
1988.7753,0,0,0,0
1988.7781,0,0,0,0
1988.7808,0,0,0,0
1988.7836,0,0,0,0
1988.7863,0,0,0,0
1988.789,0,0,0,0
1988.7918,0,0,0,0
1988.7945,0,0,0,0
1988.7973,0,0,0,0
1988.8,0,0,0,0
1988.8027,0,0,0,0
1988.8055,0,0,0,0
1988.8082,0,0,0,0
1988.811,0,0,0,0
1988.8137,0,0,0,0
1988.8164,0,0,0,0
1988.8192,0,0,0,0
1988.8219,0,0,0,0
1988.8247,0,0,0,0
1988.8274,0,0,0,0
1988.8301,0,0,0,0
1988.8329,0,0,0,0
1988.8356,0,0,0,0
1988.8384,0,0,0,0
1988.8411,0,0,0,0
1988.8438,0,0,0,0
1988.8466,0,0,0,0
1988.8493,0,0,0,0
1988.8521,0,0,0,0
1988.8548,0,0,0,0
1988.8575,0,0,0,0
1988.8603,0,0,0,0
1988.863,0,0,0,0
1988.8658,0,0,0,0
1988.8685,0,0,0,0
1988.8712,0,0,0,0
1988.874,0,0,0,0
1988.8767,0,0,0,0
1988.8795,0,0,0,0
1988.8822,0,0,0,0
1988.8849,0,0,0,0
1988.8877,0,0,0,0
1988.8904,0,0,0,0
1988.8932,0,0,0,0
1988.8959,0,0,0,0
1988.8986,0,0,0,0
1988.9014,0,0,0,0
1988.9041,0,0,0,0
1988.9068,0,0,0,0
1988.9096,0,0,0,0
1988.9123,0,0,0,0
1988.9151,0,0,0,0
1988.9178,0,0,0,0
1988.9205,0,0,0,0
1988.9233,0,0,0,0
1988.926,0,0,0,0
1988.9288,0,0,0,0
1988.9315,0,0,0,0
1988.9342,0,0,0,0
1988.937,0,0,0,0
1988.9397,0,0,0,0
1988.9425,0,0,0,0
1988.9452,0,0,0,0
1988.9479,0,0,0,0
1988.9507,0,0,0,0
1988.9534,0,0,0,0
1988.9562,0,0,0,0
1988.9589,0,0,0,0
1988.9616,0,0,0,0
1988.9644,0,0,0,0
1988.9671,0,0,0,0
1988.9699,0,0,0,0
1988.9726,0,0,0,0
1988.9753,0,0,0,0
1988.9781,0,0,0,0
1988.9808,0,0,0,0
1988.9836,0,0,0,0
1988.9863,0,0,0,0
1988.989,0,0,0,0
1988.9918,0,0,0,0
1988.9945,0,0,0,0
1988.9973,0,0,0,0
1989,0,0,0,0
1989,0,0,0,0
1989.0027,0,0,0,0
1989.0055,0,0,0,0
1989.0082,0,0,0,0
1989.011,0,0,0,0
1989.0137,0,0,0,0
1989.0164,0,0,0,0
1989.0192,0,0,0,0
1989.0219,0,0,0,0
1989.0247,0,0,0,0
1989.0274,0,0,0,0
1989.0301,0,0,0,0
1989.0329,0,0,0,0
1989.0356,0,0,0,0
1989.0384,0,0,0,0
1989.0411,0,0,0,0
1989.0438,0,0,0,0
1989.0466,0,0,0,0
1989.0493,0,0,0,0
1989.0521,0,0,0,0
1989.0548,0,0,0,0
1989.0575,0,0,0,0
1989.0603,0,0,0,0
1989.063,0,0,0,0
1989.0658,0,0,0,0
1989.0685,0,0,0,0
1989.0712,0,0,0,0
1989.074,0,0,0,0
1989.0767,0,0,0,0
1989.0795,0,0,0,0
1989.0822,0,0,0,0
1989.0849,0,0,0,0
1989.0877,0,0,0,0
1989.0904,0,0,0,0
1989.0932,0,0,0,0
1989.0959,0,0,0,0
1989.0986,0,0,0,0
1989.1014,0,0,0,0
1989.1041,0,0,0,0
1989.1068,0,0,0,0
1989.1096,0,0,0,0
1989.1123,0,0,0,0
1989.1151,0,0,0,0
1989.1178,0,0,0,0
1989.1205,0,0,0,0
1989.1233,0,0,0,0
1989.126,0,0,0,0
1989.1288,0,0,0,0
1989.1315,0,0,0,0
1989.1342,0,0,0,0
1989.137,0,0,0,0
1989.1397,0,0,0,0
1989.1425,0,0,0,0
1989.1452,0,0,0,0
1989.1479,0,0,0,0
1989.1507,0,0,0,0
1989.1534,0,0,0,0
1989.1562,0,0,0,0
1989.1589,0,0,0,0
1989.1616,0,0,0,0
1989.1644,0,0,0,0
1989.1671,0,0,0,0
1989.1699,0,0,0,0
1989.1726,0,0,0,0
1989.1753,0,0,0,0
1989.1781,0,0,0,0
1989.1808,0,0,0,0
1989.1836,0,0,0,0
1989.1863,0,0,0,0
1989.189,0,0,0,0
1989.1918,0,0,0,0
1989.1945,0,0,0,0
1989.1973,0,0,0,0
1989.2,0,0,0,0
1989.2027,0,0,0,0
1989.2055,0,0,0,0
1989.2082,0,0,0,0
1989.211,0,0,0,0
1989.2137,0,0,0,0
1989.2164,0,0,0,0
1989.2192,0,0,0,0
1989.2219,0,0,0,0
1989.2247,0,0,0,0
1989.2274,0,0,0,0
1989.2301,0,0,0,0
1989.2329,0,0,0,0
1989.2356,0,0,0,0
1989.2384,0,0,0,0
1989.2411,0,0,0,0
1989.2438,0,0,0,0
1989.2466,0,0,0,0
1989.2493,0,0,0,0
1989.2521,0,0,0,0
1989.2548,0,0,0,0
1989.2575,0,0,0,0
1989.2603,0,0,0,0
1989.263,0,0,0,0
1989.2658,0,0,0,0
1989.2685,0,0,0,0
1989.2712,0,0,0,0
1989.274,0,0,0,0
1989.2767,0,0,0,0
1989.2795,0,0,0,0
1989.2822,0,0,0,0
1989.2849,0,0,0,0
1989.2877,0,0,0,0
1989.2904,0,0,0,0
1989.2932,0,0,0,0
1989.2959,0,0,0,0
1989.2986,0,0,0,0
1989.3014,0,0,0,0
1989.3041,0,0,0,0
1989.3068,0,0,0,0
1989.3096,0,0,0,0
1989.3123,0,0,0,0
1989.3151,0,0,0,0
1989.3178,0,0,0,0
1989.3205,0,0,0,0
1989.3233,0,0,0,0
1989.326,0,0,0,0
1989.3288,0,0,0,0
1989.3315,0,0,0,0
1989.3342,0,0,0,0
1989.337,0,0,0,0
1989.3397,0,0,0,0
1989.3425,0,0,0,0
1989.3452,0,0,0,0
1989.3479,0,0,0,0
1989.3507,0,0,0,0
1989.3534,0,0,0,0
1989.3562,0,0,0,0
1989.3589,0,0,0,0
1989.3616,0,0,0,0
1989.3644,0,0,0,0
1989.3671,0,0,0,0
1989.3699,0,0,0,0
1989.3726,0,0,0,0
1989.3753,0,0,0,0
1989.3781,0,0,0,0
1989.3808,0,0,0,0
1989.3836,0,0,0,0
1989.3863,0,0,0,0
1989.389,0,0,0,0
1989.3918,0,0,0,0
1989.3945,0,0,0,0
1989.3973,0,0,0,0
1989.4,0,0,0,0
1989.4027,0,0,0,0
1989.4055,0,0,0,0
1989.4082,0,0,0,0
1989.411,0,0,0,0
1989.4137,0,0,0,0
1989.4164,0,0,0,0
1989.4192,0,0,0,0
1989.4219,0,0,0,0
1989.4247,0,0,0,0
1989.4274,0,0,0,0
1989.4301,0,0,0,0
1989.4329,0,0,0,0
1989.4356,0,0,0,0
1989.4384,0,0,0,0
1989.4411,0,0,0,0
1989.4438,0,0,0,0
1989.4466,0,0,0,0
1989.4493,0,0,0,0
1989.4521,0,0,0,0
1989.4548,0,0,0,0
1989.4575,0,0,0,0
1989.4603,0,0,0,0
1989.463,0,0,0,0
1989.4658,0,0,0,0
1989.4685,0,0,0,0
1989.4712,0,0,0,0
1989.474,0,0,0,0
1989.4767,0,0,0,0
1989.4795,0,0,0,0
1989.4822,0,0,0,0
1989.4849,0,0,0,0
1989.4877,0,0,0,0
1989.4904,0,0,0,0
1989.4932,0,0,0,0
1989.4959,0,0,0,0
1989.4986,0,0,0,0
1989.5014,0,0,0,0
1989.5041,0,0,0,0
1989.5068,0,0,0,0
1989.5096,0,0,0,0
1989.5123,0,0,0,0
1989.5151,0,0,0,0
1989.5178,0,0,0,0
1989.5205,0,0,0,0
1989.5233,0,0,0,0
1989.526,0,0,0,0
1989.5288,0,0,0,0
1989.5315,0,0,0,0
1989.5342,0,0,0,0
1989.537,0,0,0,0
1989.5397,0,0,0,0
1989.5425,0,0,0,0
1989.5452,0,0,0,0
1989.5479,0,0,0,0
1989.5507,0,0,0,0
1989.5534,0,0,0,0
1989.5562,0,0,0,0
1989.5589,0,0,0,0
1989.5616,0,0,0,0
1989.5644,0,0,0,0
1989.5671,0,0,0,0
1989.5699,0,0,0,0
1989.5726,0,0,0,0
1989.5753,0,0,0,0
1989.5781,0,0,0,0
1989.5808,0,0,0,0
1989.5836,0,0,0,0
1989.5863,0,0,0,0
1989.589,0,0,0,0
1989.5918,0,0,0,0
1989.5945,0,0,0,0
1989.5973,0,0,0,0
1989.6,0,0,0,0
1989.6027,0,0,0,0
1989.6055,0,0,0,0
1989.6082,0,0,0,0
1989.611,0,0,0,0
1989.6137,0,0,0,0
1989.6164,0,0,0,0
1989.6192,0,0,0,0
1989.6219,0,0,0,0
1989.6247,0,0,0,0
1989.6274,0,0,0,0
1989.6301,0,0,0,0
1989.6329,0,0,0,0
1989.6356,0,0,0,0
1989.6384,0,0,0,0
1989.6411,0,0,0,0
1989.6438,0,0,0,0
1989.6466,0,0,0,0
1989.6493,0,0,0,0
1989.6521,0,0,0,0
1989.6548,0,0,0,0
1989.6575,0,0,0,0
1989.6603,0,0,0,0
1989.663,0,0,0,0
1989.6658,0,0,0,0
1989.6685,0,0,0,0
1989.6712,0,0,0,0
1989.674,0,0,0,0
1989.6767,0,0,0,0
1989.6795,0,0,0,0
1989.6822,0,0,0,0
1989.6849,0,0,0,0
1989.6877,0,0,0,0
1989.6904,0,0,0,0
1989.6932,0,0,0,0
1989.6959,0,0,0,0
1989.6986,0,0,0,0
1989.7014,0,0,0,0
1989.7041,0,0,0,0
1989.7068,0,0,0,0
1989.7096,0,0,0,0
1989.7123,0,0,0,0
1989.7151,0,0,0,0
1989.7178,0,0,0,0
1989.7205,0,0,0,0
1989.7233,0,0,0,0
1989.726,0,0,0,0
1989.7288,0,0,0,0
1989.7315,0,0,0,0
1989.7342,0,0,0,0
1989.737,0,0,0,0
1989.7397,0,0,0,0
1989.7425,0,0,0,0
1989.7452,0,0,0,0
1989.7479,0,0,0,0
1989.7507,0,0,0,0
1989.7534,0,0,0,0
1989.7562,0,0,0,0
1989.7589,0,0,0,0
1989.7616,0,0,0,0
1989.7644,0,0,0,0
1989.7671,0,0,0,0
1989.7699,0,0,0,0
1989.7726,0,0,0,0
1989.7753,0,0,0,0
1989.7781,0,0,0,0
1989.7808,0,0,0,0
1989.7836,0,0,0,0
1989.7863,0,0,0,0
1989.789,0,0,0,0
1989.7918,0,0,0,0
1989.7945,0,0,0,0
1989.7973,0,0,0,0
1989.8,0,0,0,0
1989.8027,0,0,0,0
1989.8055,0,0,0,0
1989.8082,0,0,0,0
1989.811,0,0,0,0
1989.8137,0,0,0,0
1989.8164,0,0,0,0
1989.8192,0,0,0,0
1989.8219,0,0,0,0
1989.8247,0,0,0,0
1989.8274,0,0,0,0
1989.8301,0,0,0,0
1989.8329,0,0,0,0
1989.8356,0,0,0,0
1989.8384,0,0,0,0
1989.8411,0,0,0,0
1989.8438,0,0,0,0
1989.8466,0,0,0,0
1989.8493,0,0,0,0
1989.8521,0,0,0,0
1989.8548,0,0,0,0
1989.8575,0,0,0,0
1989.8603,0,0,0,0
1989.863,0,0,0,0
1989.8658,0,0,0,0
1989.8685,0,0,0,0
1989.8712,0,0,0,0
1989.874,0,0,0,0
1989.8767,0,0,0,0
1989.8795,0,0,0,0
1989.8822,0,0,0,0
1989.8849,0,0,0,0
1989.8877,0,0,0,0
1989.8904,0,0,0,0
1989.8932,0,0,0,0
1989.8959,0,0,0,0
1989.8986,0,0,0,0
1989.9014,0,0,0,0
1989.9041,0,0,0,0
1989.9068,0,0,0,0
1989.9096,0,0,0,0
1989.9123,0,0,0,0
1989.9151,0,0,0,0
1989.9178,0,0,0,0
1989.9205,0,0,0,0
1989.9233,0,0,0,0
1989.926,0,0,0,0
1989.9288,0,0,0,0
1989.9315,0,0,0,0
1989.9342,0,0,0,0
1989.937,0,0,0,0
1989.9397,0,0,0,0
1989.9425,0,0,0,0
1989.9452,0,0,0,0
1989.9479,0,0,0,0
1989.9507,0,0,0,0
1989.9534,0,0,0,0
1989.9562,0,0,0,0
1989.9589,0,0,0,0
1989.9616,0,0,0,0
1989.9644,0,0,0,0
1989.9671,0,0,0,0
1989.9699,0,0,0,0
1989.9726,0,0,0,0
1989.9753,0,0,0,0
1989.9781,0,0,0,0
1989.9808,0,0,0,0
1989.9836,0,0,0,0
1989.9863,0,0,0,0
1989.989,0,0,0,0
1989.9918,0,0,0,0
1989.9945,0,0,0,0
1989.9973,0,0,0,0
1990,0,0,0,0
1990.0027,0,0,0,0
1990.0055,0,0,0,0
1990.0082,0,0,0,0
1990.011,0,0,0,0
1990.0137,0,0,0,0
1990.0164,0,0,0,0
1990.0192,0,0,0,0
1990.0219,0,0,0,0
1990.0247,0,0,0,0
1990.0274,0,0,0,0
1990.0301,0,0,0,0
1990.0329,0,0,0,0
1990.0356,0,0,0,0
1990.0384,0,0,0,0
1990.0411,0,0,0,0
1990.0438,0,0,0,0
1990.0466,0,0,0,0
1990.0493,0,0,0,0
1990.0521,0,0,0,0
1990.0548,0,0,0,0
1990.0575,0,0,0,0
1990.0603,0,0,0,0
1990.063,0,0,0,0
1990.0658,0,0,0,0
1990.0685,0,0,0,0
1990.0712,0,0,0,0
1990.074,0,0,0,0
1990.0767,0,0,0,0
1990.0795,0,0,0,0
1990.0822,0,0,0,0
1990.0849,0,0,0,0
1990.0877,0,0,0,0
1990.0904,0,0,0,0
1990.0932,0,0,0,0
1990.0959,0,0,0,0
1990.0986,0,0,0,0
1990.1014,0,0,0,0
1990.1041,0,0,0,0
1990.1068,0,0,0,0
1990.1096,0,0,0,0
1990.1123,0,0,0,0
1990.1151,0,0,0,0
1990.1178,0,0,0,0
1990.1205,0,0,0,0
1990.1233,0,0,0,0
1990.126,0,0,0,0
1990.1288,0,0,0,0
1990.1315,0,0,0,0
1990.1342,0,0,0,0
1990.137,0,0,0,0
1990.1397,0,0,0,0
1990.1425,0,0,0,0
1990.1452,0,0,0,0
1990.1479,0,0,0,0
1990.1507,0,0,0,0
1990.1534,0,0,0,0
1990.1562,0,0,0,0
1990.1589,0,0,0,0
1990.1616,0,0,0,0
1990.1644,0,0,0,0
1990.1671,0,0,0,0
1990.1699,0,0,0,0
1990.1726,0,0,0,0
1990.1753,0,0,0,0
1990.1781,0,0,0,0
1990.1808,0,0,0,0
1990.1836,0,0,0,0
1990.1863,0,0,0,0
1990.189,0,0,0,0
1990.1918,0,0,0,0
1990.1945,0,0,0,0
1990.1973,0,0,0,0
1990.2,0,0,0,0
1990.2027,0,0,0,0
1990.2055,0,0,0,0
1990.2082,0,0,0,0
1990.211,0,0,0,0
1990.2137,0,0,0,0
1990.2164,0,0,0,0
1990.2192,0,0,0,0
1990.2219,0,0,0,0
1990.2247,0,0,0,0
1990.2274,0,0,0,0
1990.2301,0,0,0,0
1990.2329,0,0,0,0
1990.2356,0,0,0,0
1990.2384,0,0,0,0
1990.2411,0,0,0,0
1990.2438,0,0,0,0
1990.2466,0,0,0,0
1990.2493,0,0,0,0
1990.2521,0,0,0,0
1990.2548,0,0,0,0
1990.2575,0,0,0,0
1990.2603,0,0,0,0
1990.263,0,0,0,0
1990.2658,0,0,0,0
1990.2685,0,0,0,0
1990.2712,0,0,0,0
1990.274,0,0,0,0
1990.2767,0,0,0,0
1990.2795,0,0,0,0
1990.2822,0,0,0,0
1990.2849,0,0,0,0
1990.2877,0,0,0,0
1990.2904,0,0,0,0
1990.2932,0,0,0,0
1990.2959,0,0,0,0
1990.2986,0,0,0,0
1990.3014,0,0,0,0
1990.3041,0,0,0,0
1990.3068,0,0,0,0
1990.3096,0,0,0,0
1990.3123,0,0,0,0
1990.3151,0,0,0,0
1990.3178,0,0,0,0
1990.3205,0,0,0,0
1990.3233,0,0,0,0
1990.326,0,0,0,0
1990.3288,0,0,0,0
1990.3315,0,0,0,0
1990.3342,0,0,0,0
1990.337,0,0,0,0
1990.3397,0,0,0,0
1990.3425,0,0,0,0
1990.3452,0,0,0,0
1990.3479,0,0,0,0
1990.3507,0,0,0,0
1990.3534,0,0,0,0
1990.3562,0,0,0,0
1990.3589,0,0,0,0
1990.3616,0,0,0,0
1990.3644,0,0,0,0
1990.3671,0,0,0,0
1990.3699,0,0,0,0
1990.3726,0,0,0,0
1990.3753,0,0,0,0
1990.3781,0,0,0,0
1990.3808,0,0,0,0
1990.3836,0,0,0,0
1990.3863,0,0,0,0
1990.389,0,0,0,0
1990.3918,0,0,0,0
1990.3945,0,0,0,0
1990.3973,0,0,0,0
1990.4,0,0,0,0
1990.4027,0,0,0,0
1990.4055,0,0,0,0
1990.4082,0,0,0,0
1990.411,0,0,0,0
1990.4137,0,0,0,0
1990.4164,0,0,0,0
1990.4192,0,0,0,0
1990.4219,0,0,0,0
1990.4247,0,0,0,0
1990.4274,0,0,0,0
1990.4301,0,0,0,0
1990.4329,0,0,0,0
1990.4356,0,0,0,0
1990.4384,0,0,0,0
1990.4411,0,0,0,0
1990.4438,0,0,0,0
1990.4466,0,0,0,0
1990.4493,0,0,0,0
1990.4521,0,0,0,0
1990.4548,0,0,0,0
1990.4575,0,0,0,0
1990.4603,0,0,0,0
1990.463,0,0,0,0
1990.4658,0,0,0,0
1990.4685,0,0,0,0
1990.4712,0,0,0,0
1990.474,0,0,0,0
1990.4767,0,0,0,0
1990.4795,0,0,0,0
1990.4822,0,0,0,0
1990.4849,0,0,0,0
1990.4877,0,0,0,0
1990.4904,0,0,0,0
1990.4932,0,0,0,0
1990.4959,0,0,0,0
1990.4986,0,0,0,0
1990.5014,0,0,0,0
1990.5041,0,0,0,0
1990.5068,0,0,0,0
1990.5096,0,0,0,0
1990.5123,0,0,0,0
1990.5151,0,0,0,0
1990.5178,0,0,0,0
1990.5205,0,0,0,0
1990.5233,0,0,0,0
1990.526,0,0,0,0
1990.5288,0,0,0,0
1990.5315,0,0,0,0
1990.5342,0,0,0,0
1990.537,0,0,0,0
1990.5397,0,0,0,0
1990.5425,0,0,0,0
1990.5452,0,0,0,0
1990.5479,0,0,0,0
1990.5507,0,0,0,0
1990.5534,0,0,0,0
1990.5562,0,0,0,0
1990.5589,0,0,0,0
1990.5616,0,0,0,0
1990.5644,0,0,0,0
1990.5671,0,0,0,0
1990.5699,0,0,0,0
1990.5726,0,0,0,0
1990.5753,0,0,0,0
1990.5781,0,0,0,0
1990.5808,0,0,0,0
1990.5836,0,0,0,0
1990.5863,0,0,0,0
1990.589,0,0,0,0
1990.5918,0,0,0,0
1990.5945,0,0,0,0
1990.5973,0,0,0,0
1990.6,0,0,0,0
1990.6027,0,0,0,0
1990.6055,0,0,0,0
1990.6082,0,0,0,0
1990.611,0,0,0,0
1990.6137,0,0,0,0
1990.6164,0,0,0,0
1990.6192,0,0,0,0
1990.6219,0,0,0,0
1990.6247,0,0,0,0
1990.6274,0,0,0,0
1990.6301,0,0,0,0
1990.6329,0,0,0,0
1990.6356,0,0,0,0
1990.6384,0,0,0,0
1990.6411,0,0,0,0
1990.6438,0,0,0,0
1990.6466,0,0,0,0
1990.6493,0,0,0,0
1990.6521,0,0,0,0
1990.6548,0,0,0,0
1990.6575,0,0,0,0
1990.6603,0,0,0,0
1990.663,0,0,0,0
1990.6658,0,0,0,0
1990.6685,0,0,0,0
1990.6712,0,0,0,0
1990.674,0,0,0,0
1990.6767,0,0,0,0
1990.6795,0,0,0,0
1990.6822,0,0,0,0
1990.6849,0,0,0,0
1990.6877,0,0,0,0
1990.6904,0,0,0,0
1990.6932,0,0,0,0
1990.6959,0,0,0,0
1990.6986,0,0,0,0
1990.7014,0,0,0,0
1990.7041,0,0,0,0
1990.7068,0,0,0,0
1990.7096,0,0,0,0
1990.7123,0,0,0,0
1990.7151,0,0,0,0
1990.7178,0,0,0,0
1990.7205,0,0,0,0
1990.7233,0,0,0,0
1990.726,0,0,0,0
1990.7288,0,0,0,0
1990.7315,0,0,0,0
1990.7342,0,0,0,0
1990.737,0,0,0,0
1990.7397,0,0,0,0
1990.7425,0,0,0,0
1990.7452,0,0,0,0
1990.7479,0,0,0,0
1990.7507,0,0,0,0
1990.7534,0,0,0,0
1990.7562,0,0,0,0
1990.7589,0,0,0,0
1990.7616,0,0,0,0
1990.7644,0,0,0,0
1990.7671,0,0,0,0
1990.7699,0,0,0,0
1990.7726,0,0,0,0
1990.7753,0,0,0,0
1990.7781,0,0,0,0
1990.7808,0,0,0,0
1990.7836,0,0,0,0
1990.7863,0,0,0,0
1990.789,0,0,0,0
1990.7918,0,0,0,0
1990.7945,0,0,0,0
1990.7973,0,0,0,0
1990.8,0,0,0,0
1990.8027,0,0,0,0
1990.8055,0,0,0,0
1990.8082,0,0,0,0
1990.811,0,0,0,0
1990.8137,0,0,0,0
1990.8164,0,0,0,0
1990.8192,0,0,0,0
1990.8219,0,0,0,0
1990.8247,0,0,0,0
1990.8274,0,0,0,0
1990.8301,0,0,0,0
1990.8329,0,0,0,0
1990.8356,0,0,0,0
1990.8384,0,0,0,0
1990.8411,0,0,0,0
1990.8438,0,0,0,0
1990.8466,0,0,0,0
1990.8493,0,0,0,0
1990.8521,0,0,0,0
1990.8548,0,0,0,0
1990.8575,0,0,0,0
1990.8603,0,0,0,0
1990.863,0,0,0,0
1990.8658,0,0,0,0
1990.8685,0,0,0,0
1990.8712,0,0,0,0
1990.874,0,0,0,0
1990.8767,0,0,0,0
1990.8795,0,0,0,0
1990.8822,0,0,0,0
1990.8849,0,0,0,0
1990.8877,0,0,0,0
1990.8904,0,0,0,0
1990.8932,0,0,0,0
1990.8959,0,0,0,0
1990.8986,0,0,0,0
1990.9014,0,0,0,0
1990.9041,0,0,0,0
1990.9068,0,0,0,0
1990.9096,0,0,0,0
1990.9123,0,0,0,0
1990.9151,0,0,0,0
1990.9178,0,0,0,0
1990.9205,0,0,0,0
1990.9233,0,0,0,0
1990.926,0,0,0,0
1990.9288,0,0,0,0
1990.9315,0,0,0,0
1990.9342,0,0,0,0
1990.937,0,0,0,0
1990.9397,0,0,0,0
1990.9425,0,0,0,0
1990.9452,0,0,0,0
1990.9479,0,0,0,0
1990.9507,0,0,0,0
1990.9534,0,0,0,0
1990.9562,0,0,0,0
1990.9589,0,0,0,0
1990.9616,0,0,0,0
1990.9644,0,0,0,0
1990.9671,0,0,0,0
1990.9699,0,0,0,0
1990.9726,0,0,0,0
1990.9753,0,0,0,0
1990.9781,0,0,0,0
1990.9808,0,0,0,0
1990.9836,0,0,0,0
1990.9863,0,0,0,0
1990.989,0,0,0,0
1990.9918,0,0,0,0
1990.9945,0,0,0,0
1990.9973,0,0,0,0
1991,0,0,0,0
1991.0027,0,0,0,0
1991.0055,0,0,0,0
1991.0082,0,0,0,0
1991.011,0,0,0,0
1991.0137,0,0,0,0
1991.0164,0,0,0,0
1991.0192,0,0,0,0
1991.0219,0,0,0,0
1991.0247,0,0,0,0
1991.0274,0,0,0,0
1991.0301,0,0,0,0
1991.0329,0,0,0,0
1991.0356,0,0,0,0
1991.0384,0,0,0,0
1991.0411,0,0,0,0
1991.0438,0,0,0,0
1991.0466,0,0,0,0
1991.0493,0,0,0,0
1991.0521,0,0,0,0
1991.0548,0,0,0,0
1991.0575,0,0,0,0
1991.0603,0,0,0,0
1991.063,0,0,0,0
1991.0658,0,0,0,0
1991.0685,0,0,0,0
1991.0712,0,0,0,0
1991.074,0,0,0,0
1991.0767,0,0,0,0
1991.0795,0,0,0,0
1991.0822,0,0,0,0
1991.0849,0,0,0,0
1991.0877,0,0,0,0
1991.0904,0,0,0,0
1991.0932,0,0,0,0
1991.0959,0,0,0,0
1991.0986,0,0,0,0
1991.1014,0,0,0,0
1991.1041,0,0,0,0
1991.1068,0,0,0,0
1991.1096,0,0,0,0
1991.1123,0,0,0,0
1991.1151,0,0,0,0
1991.1178,0,0,0,0
1991.1205,0,0,0,0
1991.1233,0,0,0,0
1991.126,0,0,0,0
1991.1288,0,0,0,0
1991.1315,0,0,0,0
1991.1342,0,0,0,0
1991.137,0,0,0,0
1991.1397,0,0,0,0
1991.1425,0,0,0,0
1991.1452,0,0,0,0
1991.1479,0,0,0,0
1991.1507,0,0,0,0
1991.1534,0,0,0,0
1991.1562,0,0,0,0
1991.1589,0,0,0,0
1991.1616,0,0,0,0
1991.1644,0,0,0,0
1991.1671,0,0,0,0
1991.1699,0,0,0,0
1991.1726,0,0,0,0
1991.1753,0,0,0,0
1991.1781,0,0,0,0
1991.1808,0,0,0,0
1991.1836,0,0,0,0
1991.1863,0,0,0,0
1991.189,0,0,0,0
1991.1918,0,0,0,0
1991.1945,0,0,0,0
1991.1973,0,0,0,0
1991.2,0,0,0,0
1991.2027,0,0,0,0
1991.2055,0,0,0,0
1991.2082,0,0,0,0
1991.211,0,0,0,0
1991.2137,0,0,0,0
1991.2164,0,0,0,0
1991.2192,0,0,0,0
1991.2219,0,0,0,0
1991.2247,0,0,0,0
1991.2274,0,0,0,0
1991.2301,0,0,0,0
1991.2329,0,0,0,0
1991.2356,0,0,0,0
1991.2384,0,0,0,0
1991.2411,0,0,0,0
1991.2438,0,0,0,0
1991.2466,0,0,0,0
1991.2493,0,0,0,0
1991.2521,0,0,0,0
1991.2548,0,0,0,0
1991.2575,0,0,0,0
1991.2603,0,0,0,0
1991.263,0,0,0,0
1991.2658,0,0,0,0
1991.2685,0,0,0,0
1991.2712,0,0,0,0
1991.274,0,0,0,0
1991.2767,0,0,0,0
1991.2795,0,0,0,0
1991.2822,0,0,0,0
1991.2849,0,0,0,0
1991.2877,0,0,0,0
1991.2904,0,0,0,0
1991.2932,0,0,0,0
1991.2959,0,0,0,0
1991.2986,0,0,0,0
1991.3014,0,0,0,0
1991.3041,0,0,0,0
1991.3068,0,0,0,0
1991.3096,0,0,0,0
1991.3123,0,0,0,0
1991.3151,0,0,0,0
1991.3178,0,0,0,0
1991.3205,0,0,0,0
1991.3233,0,0,0,0
1991.326,0,0,0,0
1991.3288,0,0,0,0
1991.3315,0,0,0,0
1991.3342,0,0,0,0
1991.337,0,0,0,0
1991.3397,0,0,0,0
1991.3425,0,0,0,0
1991.3452,0,0,0,0
1991.3479,0,0,0,0
1991.3507,0,0,0,0
1991.3534,0,0,0,0
1991.3562,0,0,0,0
1991.3589,0,0,0,0
1991.3616,0,0,0,0
1991.3644,0,0,0,0
1991.3671,0,0,0,0
1991.3699,0,0,0,0
1991.3726,0,0,0,0
1991.3753,0,0,0,0
1991.3781,0,0,0,0
1991.3808,0,0,0,0
1991.3836,0,0,0,0
1991.3863,0,0,0,0
1991.389,0,0,0,0
1991.3918,0,0,0,0
1991.3945,0,0,0,0
1991.3973,0,0,0,0
1991.4,0,0,0,0
1991.4027,0,0,0,0
1991.4055,0,0,0,0
1991.4082,0,0,0,0
1991.411,0,0,0,0
1991.4137,0,0,0,0
1991.4164,0,0,0,0
1991.4192,0,0,0,0
1991.4219,0,0,0,0
1991.4247,0,0,0,0
1991.4274,0,0,0,0
1991.4301,0,0,0,0
1991.4329,0,0,0,0
1991.4356,0,0,0,0
1991.4384,0,0,0,0
1991.4411,0,0,0,0
1991.4438,0,0,0,0
1991.4466,0,0,0,0
1991.4493,0,0,0,0
1991.4521,0,0,0,0
1991.4548,0,0,0,0
1991.4575,0,0,0,0
1991.4603,0,0,0,0
1991.463,0,0,0,0
1991.4658,0,0,0,0
1991.4685,0,0,0,0
1991.4712,0,0,0,0
1991.474,0,0,0,0
1991.4767,0,0,0,0
1991.4795,0,0,0,0
1991.4822,0,0,0,0
1991.4849,0,0,0,0
1991.4877,0,0,0,0
1991.4904,0,0,0,0
1991.4932,0,0,0,0
1991.4959,0,0,0,0
1991.4986,0,0,0,0
1991.5014,0,0,0,0
1991.5041,0,0,0,0
1991.5068,0,0,0,0
1991.5096,0,0,0,0
1991.5123,0,0,0,0
1991.5151,0,0,0,0
1991.5178,0,0,0,0
1991.5205,0,0,0,0
1991.5233,0,0,0,0
1991.526,0,0,0,0
1991.5288,0,0,0,0
1991.5315,0,0,0,0
1991.5342,0,0,0,0
1991.537,0,0,0,0
1991.5397,0,0,0,0
1991.5425,0,0,0,0
1991.5452,0,0,0,0
1991.5479,0,0,0,0
1991.5507,0,0,0,0
1991.5534,0,0,0,0
1991.5562,0,0,0,0
1991.5589,0,0,0,0
1991.5616,0,0,0,0
1991.5644,0,0,0,0
1991.5671,0,0,0,0
1991.5699,0,0,0,0
1991.5726,0,0,0,0
1991.5753,0,0,0,0
1991.5781,0,0,0,0
1991.5808,0,0,0,0
1991.5836,0,0,0,0
1991.5863,0,0,0,0
1991.589,0,0,0,0
1991.5918,0,0,0,0
1991.5945,0,0,0,0
1991.5973,0,0,0,0
1991.6,0,0,0,0
1991.6027,0,0,0,0
1991.6055,0,0,0,0
1991.6082,0,0,0,0
1991.611,0,0,0,0
1991.6137,0,0,0,0
1991.6164,0,0,0,0
1991.6192,0,0,0,0
1991.6219,0,0,0,0
1991.6247,0,0,0,0
1991.6274,0,0,0,0
1991.6301,0,0,0,0
1991.6329,0,0,0,0
1991.6356,0,0,0,0
1991.6384,0,0,0,0
1991.6411,0,0,0,0
1991.6438,0,0,0,0
1991.6466,0,0,0,0
1991.6493,0,0,0,0
1991.6521,0,0,0,0
1991.6548,0,0,0,0
1991.6575,0,0,0,0
1991.6603,0,0,0,0
1991.663,0,0,0,0
1991.6658,0,0,0,0
1991.6685,0,0,0,0
1991.6712,0,0,0,0
1991.674,0,0,0,0
1991.6767,0,0,0,0
1991.6795,0,0,0,0
1991.6822,0,0,0,0
1991.6849,0,0,0,0
1991.6877,0,0,0,0
1991.6904,0,0,0,0
1991.6932,0,0,0,0
1991.6959,0,0,0,0
1991.6986,0,0,0,0
1991.7014,0,0,0,0
1991.7041,0,0,0,0
1991.7068,0,0,0,0
1991.7096,0,0,0,0
1991.7123,0,0,0,0
1991.7151,0,0,0,0
1991.7178,0,0,0,0
1991.7205,0,0,0,0
1991.7233,0,0,0,0
1991.726,0,0,0,0
1991.7288,0,0,0,0
1991.7315,0,0,0,0
1991.7342,0,0,0,0
1991.737,0,0,0,0
1991.7397,0,0,0,0
1991.7425,0,0,0,0
1991.7452,0,0,0,0
1991.7479,0,0,0,0
1991.7507,0,0,0,0
1991.7534,0,0,0,0
1991.7562,0,0,0,0
1991.7589,0,0,0,0
1991.7616,0,0,0,0
1991.7644,0,0,0,0
1991.7671,0,0,0,0
1991.7699,0,0,0,0
1991.7726,0,0,0,0
1991.7753,0,0,0,0
1991.7781,0,0,0,0
1991.7808,0,0,0,0
1991.7836,0,0,0,0
1991.7863,0,0,0,0
1991.789,0,0,0,0
1991.7918,0,0,0,0
1991.7945,0,0,0,0
1991.7973,0,0,0,0
1991.8,0,0,0,0
1991.8027,0,0,0,0
1991.8055,0,0,0,0
1991.8082,0,0,0,0
1991.811,0,0,0,0
1991.8137,0,0,0,0
1991.8164,0,0,0,0
1991.8192,0,0,0,0
1991.8219,0,0,0,0
1991.8247,0,0,0,0
1991.8274,0,0,0,0
1991.8301,0,0,0,0
1991.8329,0,0,0,0
1991.8356,0,0,0,0
1991.8384,0,0,0,0
1991.8411,0,0,0,0
1991.8438,0,0,0,0
1991.8466,0,0,0,0
1991.8493,0,0,0,0
1991.8521,0,0,0,0
1991.8548,0,0,0,0
1991.8575,0,0,0,0
1991.8603,0,0,0,0
1991.863,0,0,0,0
1991.8658,0,0,0,0
1991.8685,0,0,0,0
1991.8712,0,0,0,0
1991.874,0,0,0,0
1991.8767,0,0,0,0
1991.8795,0,0,0,0
1991.8822,0,0,0,0
1991.8849,0,0,0,0
1991.8877,0,0,0,0
1991.8904,0,0,0,0
1991.8932,0,0,0,0
1991.8959,0,0,0,0
1991.8986,0,0,0,0
1991.9014,0,0,0,0
1991.9041,0,0,0,0
1991.9068,0,0,0,0
1991.9096,0,0,0,0
1991.9123,0,0,0,0
1991.9151,0,0,0,0
1991.9178,0,0,0,0
1991.9205,0,0,0,0
1991.9233,0,0,0,0
1991.926,0,0,0,0
1991.9288,0,0,0,0
1991.9315,0,0,0,0
1991.9342,0,0,0,0
1991.937,0,0,0,0
1991.9397,0,0,0,0
1991.9425,0,0,0,0
1991.9452,0,0,0,0
1991.9479,0,0,0,0
1991.9507,0,0,0,0
1991.9534,0,0,0,0
1991.9562,0,0,0,0
1991.9589,0,0,0,0
1991.9616,0,0,0,0
1991.9644,0,0,0,0
1991.9671,0,0,0,0
1991.9699,0,0,0,0
1991.9726,0,0,0,0
1991.9753,0,0,0,0
1991.9781,0,0,0,0
1991.9808,0,0,0,0
1991.9836,0,0,0,0
1991.9863,0,0,0,0
1991.989,0,0,0,0
1991.9918,0,0,0,0
1991.9945,0,0,0,0
1991.9973,0,0,0,0
1992,0,0,0,0
1992.0027,0,0,0,0
1992.0055,0,0,0,0
1992.0082,0,0,0,0
1992.011,0,0,0,0
1992.0137,0,0,0,0
1992.0164,0,0,0,0
1992.0192,0,0,0,0
1992.0219,0,0,0,0
1992.0247,0,0,0,0
1992.0274,0,0,0,0
1992.0301,0,0,0,0
1992.0329,0,0,0,0
1992.0356,0,0,0,0
1992.0384,0,0,0,0
1992.0411,0,0,0,0
1992.0438,0,0,0,0
1992.0466,0,0,0,0
1992.0493,0,0,0,0
1992.0521,0,0,0,0
1992.0548,0,0,0,0
1992.0575,0,0,0,0
1992.0603,0,0,0,0
1992.063,0,0,0,0
1992.0658,0,0,0,0
1992.0685,0,0,0,0
1992.0712,0,0,0,0
1992.074,0,0,0,0
1992.0767,0,0,0,0
1992.0795,0,0,0,0
1992.0822,0,0,0,0
1992.0849,0,0,0,0
1992.0877,0,0,0,0
1992.0904,0,0,0,0
1992.0932,0,0,0,0
1992.0959,0,0,0,0
1992.0986,0,0,0,0
1992.1014,0,0,0,0
1992.1041,0,0,0,0
1992.1068,0,0,0,0
1992.1096,0,0,0,0
1992.1123,0,0,0,0
1992.1151,0,0,0,0
1992.1178,0,0,0,0
1992.1205,0,0,0,0
1992.1233,0,0,0,0
1992.126,0,0,0,0
1992.1288,0,0,0,0
1992.1315,0,0,0,0
1992.1342,0,0,0,0
1992.137,0,0,0,0
1992.1397,0,0,0,0
1992.1425,0,0,0,0
1992.1452,0,0,0,0
1992.1479,0,0,0,0
1992.1507,0,0,0,0
1992.1534,0,0,0,0
1992.1562,0,0,0,0
1992.1589,0,0,0,0
1992.1616,0,0,0,0
1992.1644,0,0,0,0
1992.1671,0,0,0,0
1992.1699,0,0,0,0
1992.1726,0,0,0,0
1992.1753,0,0,0,0
1992.1781,0,0,0,0
1992.1808,0,0,0,0
1992.1836,0,0,0,0
1992.1863,0,0,0,0
1992.189,0,0,0,0
1992.1918,0,0,0,0
1992.1945,0,0,0,0
1992.1973,0,0,0,0
1992.2,0,0,0,0
1992.2027,0,0,0,0
1992.2055,0,0,0,0
1992.2082,0,0,0,0
1992.211,0,0,0,0
1992.2137,0,0,0,0
1992.2164,0,0,0,0
1992.2192,0,0,0,0
1992.2219,0,0,0,0
1992.2247,0,0,0,0
1992.2274,0,0,0,0
1992.2301,0,0,0,0
1992.2329,0,0,0,0
1992.2356,0,0,0,0
1992.2384,0,0,0,0
1992.2411,0,0,0,0
1992.2438,0,0,0,0
1992.2466,0,0,0,0
1992.2493,0,0,0,0
1992.2521,0,0,0,0
1992.2548,0,0,0,0
1992.2575,0,0,0,0
1992.2603,0,0,0,0
1992.263,0,0,0,0
1992.2658,0,0,0,0
1992.2685,0,0,0,0
1992.2712,0,0,0,0
1992.274,0,0,0,0
1992.2767,0,0,0,0
1992.2795,0,0,0,0
1992.2822,0,0,0,0
1992.2849,0,0,0,0
1992.2877,0,0,0,0
1992.2904,0,0,0,0
1992.2932,0,0,0,0
1992.2959,0,0,0,0
1992.2986,0,0,0,0
1992.3014,0,0,0,0
1992.3041,0,0,0,0
1992.3068,0,0,0,0
1992.3096,0,0,0,0
1992.3123,0,0,0,0
1992.3151,0,0,0,0
1992.3178,0,0,0,0
1992.3205,0,0,0,0
1992.3233,0,0,0,0
1992.326,0,0,0,0
1992.3288,0,0,0,0
1992.3315,0,0,0,0
1992.3342,0,0,0,0
1992.337,0,0,0,0
1992.3397,0,0,0,0
1992.3425,0,0,0,0
1992.3452,0,0,0,0
1992.3479,0,0,0,0
1992.3507,0,0,0,0
1992.3534,0,0,0,0
1992.3562,0,0,0,0
1992.3589,0,0,0,0
1992.3616,0,0,0,0
1992.3644,0,0,0,0
1992.3671,0,0,0,0
1992.3699,0,0,0,0
1992.3726,0,0,0,0
1992.3753,0,0,0,0
1992.3781,0,0,0,0
1992.3808,0,0,0,0
1992.3836,0,0,0,0
1992.3863,0,0,0,0
1992.389,0,0,0,0
1992.3918,0,0,0,0
1992.3945,0,0,0,0
1992.3973,0,0,0,0
1992.4,0,0,0,0
1992.4027,0,0,0,0
1992.4055,0,0,0,0
1992.4082,0,0,0,0
1992.411,0,0,0,0
1992.4137,0,0,0,0
1992.4164,0,0,0,0
1992.4192,0,0,0,0
1992.4219,0,0,0,0
1992.4247,0,0,0,0
1992.4274,0,0,0,0
1992.4301,0,0,0,0
1992.4329,0,0,0,0
1992.4356,0,0,0,0
1992.4384,0,0,0,0
1992.4411,0,0,0,0
1992.4438,0,0,0,0
1992.4466,0,0,0,0
1992.4493,0,0,0,0
1992.4521,0,0,0,0
1992.4548,0,0,0,0
1992.4575,0,0,0,0
1992.4603,0,0,0,0
1992.463,0,0,0,0
1992.4658,0,0,0,0
1992.4685,0,0,0,0
1992.4712,0,0,0,0
1992.474,0,0,0,0
1992.4767,0,0,0,0
1992.4795,0,0,0,0
1992.4822,0,0,0,0
1992.4849,0,0,0,0
1992.4877,0,0,0,0
1992.4904,0,0,0,0
1992.4932,0,0,0,0
1992.4959,0,0,0,0
1992.4986,0,0,0,0
1992.5014,0,0,0,0
1992.5041,0,0,0,0
1992.5068,0,0,0,0
1992.5096,0,0,0,0
1992.5123,0,0,0,0
1992.5151,0,0,0,0
1992.5178,0,0,0,0
1992.5205,0,0,0,0
1992.5233,0,0,0,0
1992.526,0,0,0,0
1992.5288,0,0,0,0
1992.5315,0,0,0,0
1992.5342,0,0,0,0
1992.537,0,0,0,0
1992.5397,0,0,0,0
1992.5425,0,0,0,0
1992.5452,0,0,0,0
1992.5479,0,0,0,0
1992.5507,0,0,0,0
1992.5534,0,0,0,0
1992.5562,0,0,0,0
1992.5589,0,0,0,0
1992.5616,0,0,0,0
1992.5644,0,0,0,0
1992.5671,0,0,0,0
1992.5699,0,0,0,0
1992.5726,0,0,0,0
1992.5753,0,0,0,0
1992.5781,0,0,0,0
1992.5808,0,0,0,0
1992.5836,0,0,0,0
1992.5863,0,0,0,0
1992.589,0,0,0,0
1992.5918,0,0,0,0
1992.5945,0,0,0,0
1992.5973,0,0,0,0
1992.6,0,0,0,0
1992.6027,0,0,0,0
1992.6055,0,0,0,0
1992.6082,0,0,0,0
1992.611,0,0,0,0
1992.6137,0,0,0,0
1992.6164,0,0,0,0
1992.6192,0,0,0,0
1992.6219,0,0,0,0
1992.6247,0,0,0,0
1992.6274,0,0,0,0
1992.6301,0,0,0,0
1992.6329,0,0,0,0
1992.6356,0,0,0,0
1992.6384,0,0,0,0
1992.6411,0,0,0,0
1992.6438,0,0,0,0
1992.6466,0,0,0,0
1992.6493,0,0,0,0
1992.6521,0,0,0,0
1992.6548,0,0,0,0
1992.6575,0,0,0,0
1992.6603,0,0,0,0
1992.663,0,0,0,0
1992.6658,0,0,0,0
1992.6685,0,0,0,0
1992.6712,0,0,0,0
1992.674,0,0,0,0
1992.6767,0,0,0,0
1992.6795,0,0,0,0
1992.6822,0,0,0,0
1992.6849,0,0,0,0
1992.6877,0,0,0,0
1992.6904,0,0,0,0
1992.6932,0,0,0,0
1992.6959,0,0,0,0
1992.6986,0,0,0,0
1992.7014,0,0,0,0
1992.7041,0,0,0,0
1992.7068,0,0,0,0
1992.7096,0,0,0,0
1992.7123,0,0,0,0
1992.7151,0,0,0,0
1992.7178,0,0,0,0
1992.7205,0,0,0,0
1992.7233,0,0,0,0
1992.726,0,0,0,0
1992.7288,0,0,0,0
1992.7315,0,0,0,0
1992.7342,0,0,0,0
1992.737,0,0,0,0
1992.7397,0,0,0,0
1992.7425,0,0,0,0
1992.7452,0,0,0,0
1992.7479,0,0,0,0
1992.7507,0,0,0,0
1992.7534,0,0,0,0
1992.7562,0,0,0,0
1992.7589,0,0,0,0
1992.7616,0,0,0,0
1992.7644,0,0,0,0
1992.7671,0,0,0,0
1992.7699,0,0,0,0
1992.7726,0,0,0,0
1992.7753,0,0,0,0
1992.7781,0,0,0,0
1992.7808,0,0,0,0
1992.7836,0,0,0,0
1992.7863,0,0,0,0
1992.789,0,0,0,0
1992.7918,0,0,0,0
1992.7945,0,0,0,0
1992.7973,0,0,0,0
1992.8,0,0,0,0
1992.8027,0,0,0,0
1992.8055,0,0,0,0
1992.8082,0,0,0,0
1992.811,0,0,0,0
1992.8137,0,0,0,0
1992.8164,0,0,0,0
1992.8192,0,0,0,0
1992.8219,0,0,0,0
1992.8247,0,0,0,0
1992.8274,0,0,0,0
1992.8301,0,0,0,0
1992.8329,0,0,0,0
1992.8356,0,0,0,0
1992.8384,0,0,0,0
1992.8411,0,0,0,0
1992.8438,0,0,0,0
1992.8466,0,0,0,0
1992.8493,0,0,0,0
1992.8521,0,0,0,0
1992.8548,0,0,0,0
1992.8575,0,0,0,0
1992.8603,0,0,0,0
1992.863,0,0,0,0
1992.8658,0,0,0,0
1992.8685,0,0,0,0
1992.8712,0,0,0,0
1992.874,0,0,0,0
1992.8767,0,0,0,0
1992.8795,0,0,0,0
1992.8822,0,0,0,0
1992.8849,0,0,0,0
1992.8877,0,0,0,0
1992.8904,0,0,0,0
1992.8932,0,0,0,0
1992.8959,0,0,0,0
1992.8986,0,0,0,0
1992.9014,0,0,0,0
1992.9041,0,0,0,0
1992.9068,0,0,0,0
1992.9096,0,0,0,0
1992.9123,0,0,0,0
1992.9151,0,0,0,0
1992.9178,0,0,0,0
1992.9205,0,0,0,0
1992.9233,0,0,0,0
1992.926,0,0,0,0
1992.9288,0,0,0,0
1992.9315,0,0,0,0
1992.9342,0,0,0,0
1992.937,0,0,0,0
1992.9397,0,0,0,0
1992.9425,0,0,0,0
1992.9452,0,0,0,0
1992.9479,0,0,0,0
1992.9507,0,0,0,0
1992.9534,0,0,0,0
1992.9562,0,0,0,0
1992.9589,0,0,0,0
1992.9616,0,0,0,0
1992.9644,0,0,0,0
1992.9671,0,0,0,0
1992.9699,0,0,0,0
1992.9726,0,0,0,0
1992.9753,0,0,0,0
1992.9781,0,0,0,0
1992.9808,0,0,0,0
1992.9836,0,0,0,0
1992.9863,0,0,0,0
1992.989,0,0,0,0
1992.9918,0,0,0,0
1992.9945,0,0,0,0
1992.9973,0,0,0,0
1993,0,0,0,0
1993,0,0,0,0
1993.0027,0,0,0,0
1993.0055,0,0,0,0
1993.0082,0,0,0,0
1993.011,0,0,0,0
1993.0137,0,0,0,0
1993.0164,0,0,0,0
1993.0192,0,0,0,0
1993.0219,0,0,0,0
1993.0247,0,0,0,0
1993.0274,0,0,0,0
1993.0301,0,0,0,0
1993.0329,0,0,0,0
1993.0356,0,0,0,0
1993.0384,0,0,0,0
1993.0411,0,0,0,0
1993.0438,0,0,0,0
1993.0466,0,0,0,0
1993.0493,0,0,0,0
1993.0521,0,0,0,0
1993.0548,0,0,0,0
1993.0575,0,0,0,0
1993.0603,0,0,0,0
1993.063,0,0,0,0
1993.0658,0,0,0,0
1993.0685,0,0,0,0
1993.0712,0,0,0,0
1993.074,0,0,0,0
1993.0767,0,0,0,0
1993.0795,0,0,0,0
1993.0822,0,0,0,0
1993.0849,0,0,0,0
1993.0877,0,0,0,0
1993.0904,0,0,0,0
1993.0932,0,0,0,0
1993.0959,0,0,0,0
1993.0986,0,0,0,0
1993.1014,0,0,0,0
1993.1041,0,0,0,0
1993.1068,0,0,0,0
1993.1096,0,0,0,0
1993.1123,0,0,0,0
1993.1151,0,0,0,0
1993.1178,0,0,0,0
1993.1205,0,0,0,0
1993.1233,0,0,0,0
1993.126,0,0,0,0
1993.1288,0,0,0,0
1993.1315,0,0,0,0
1993.1342,0,0,0,0
1993.137,0,0,0,0
1993.1397,0,0,0,0
1993.1425,0,0,0,0
1993.1452,0,0,0,0
1993.1479,0,0,0,0
1993.1507,0,0,0,0
1993.1534,0,0,0,0
1993.1562,0,0,0,0
1993.1589,0,0,0,0
1993.1616,0,0,0,0
1993.1644,0,0,0,0
1993.1671,0,0,0,0
1993.1699,0,0,0,0
1993.1726,0,0,0,0
1993.1753,0,0,0,0
1993.1781,0,0,0,0
1993.1808,0,0,0,0
1993.1836,0,0,0,0
1993.1863,0,0,0,0
1993.189,0,0,0,0
1993.1918,0,0,0,0
1993.1945,0,0,0,0
1993.1973,0,0,0,0
1993.2,0,0,0,0
1993.2027,0,0,0,0
1993.2055,0,0,0,0
1993.2082,0,0,0,0
1993.211,0,0,0,0
1993.2137,0,0,0,0
1993.2164,0,0,0,0
1993.2192,0,0,0,0
1993.2219,0,0,0,0
1993.2247,0,0,0,0
1993.2274,0,0,0,0
1993.2301,0,0,0,0
1993.2329,0,0,0,0
1993.2356,0,0,0,0
1993.2384,0,0,0,0
1993.2411,0,0,0,0
1993.2438,0,0,0,0
1993.2466,0,0,0,0
1993.2493,0,0,0,0
1993.2521,0,0,0,0
1993.2548,0,0,0,0
1993.2575,0,0,0,0
1993.2603,0,0,0,0
1993.263,0,0,0,0
1993.2658,0,0,0,0
1993.2685,0,0,0,0
1993.2712,0,0,0,0
1993.274,0,0,0,0
1993.2767,0,0,0,0
1993.2795,0,0,0,0
1993.2822,0,0,0,0
1993.2849,0,0,0,0
1993.2877,0,0,0,0
1993.2904,0,0,0,0
1993.2932,0,0,0,0
1993.2959,0,0,0,0
1993.2986,0,0,0,0
1993.3014,0,0,0,0
1993.3041,0,0,0,0
1993.3068,0,0,0,0
1993.3096,0,0,0,0
1993.3123,0,0,0,0
1993.3151,0,0,0,0
1993.3178,0,0,0,0
1993.3205,0,0,0,0
1993.3233,0,0,0,0
1993.326,0,0,0,0
1993.3288,0,0,0,0
1993.3315,0,0,0,0
1993.3342,0,0,0,0
1993.337,0,0,0,0
1993.3397,0,0,0,0
1993.3425,0,0,0,0
1993.3452,0,0,0,0
1993.3479,0,0,0,0
1993.3507,0,0,0,0
1993.3534,0,0,0,0
1993.3562,0,0,0,0
1993.3589,0,0,0,0
1993.3616,0,0,0,0
1993.3644,0,0,0,0
1993.3671,0,0,0,0
1993.3699,0,0,0,0
1993.3726,0,0,0,0
1993.3753,0,0,0,0
1993.3781,0,0,0,0
1993.3808,0,0,0,0
1993.3836,0,0,0,0
1993.3863,0,0,0,0
1993.389,0,0,0,0
1993.3918,0,0,0,0
1993.3945,0,0,0,0
1993.3973,0,0,0,0
1993.4,0,0,0,0
1993.4027,0,0,0,0
1993.4055,0,0,0,0
1993.4082,0,0,0,0
1993.411,0,0,0,0
1993.4137,0,0,0,0
1993.4164,0,0,0,0
1993.4192,0,0,0,0
1993.4219,0,0,0,0
1993.4247,0,0,0,0
1993.4274,0,0,0,0
1993.4301,0,0,0,0
1993.4329,0,0,0,0
1993.4356,0,0,0,0
1993.4384,0,0,0,0
1993.4411,0,0,0,0
1993.4438,0,0,0,0
1993.4466,0,0,0,0
1993.4493,0,0,0,0
1993.4521,0,0,0,0
1993.4548,0,0,0,0
1993.4575,0,0,0,0
1993.4603,0,0,0,0
1993.463,0,0,0,0
1993.4658,0,0,0,0
1993.4685,0,0,0,0
1993.4712,0,0,0,0
1993.474,0,0,0,0
1993.4767,0,0,0,0
1993.4795,0,0,0,0
1993.4822,0,0,0,0
1993.4849,0,0,0,0
1993.4877,0,0,0,0
1993.4904,0,0,0,0
1993.4932,0,0,0,0
1993.4959,0,0,0,0
1993.4986,0,0,0,0
1993.5014,0,0,0,0
1993.5041,0,0,0,0
1993.5068,0,0,0,0
1993.5096,0,0,0,0
1993.5123,0,0,0,0
1993.5151,0,0,0,0
1993.5178,0,0,0,0
1993.5205,0,0,0,0
1993.5233,0,0,0,0
1993.526,0,0,0,0
1993.5288,0,0,0,0
1993.5315,0,0,0,0
1993.5342,0,0,0,0
1993.537,0,0,0,0
1993.5397,0,0,0,0
1993.5425,0,0,0,0
1993.5452,0,0,0,0
1993.5479,0,0,0,0
1993.5507,0,0,0,0
1993.5534,0,0,0,0
1993.5562,0,0,0,0
1993.5589,0,0,0,0
1993.5616,0,0,0,0
1993.5644,0,0,0,0
1993.5671,0,0,0,0
1993.5699,0,0,0,0
1993.5726,0,0,0,0
1993.5753,0,0,0,0
1993.5781,0,0,0,0
1993.5808,0,0,0,0
1993.5836,0,0,0,0
1993.5863,0,0,0,0
1993.589,0,0,0,0
1993.5918,0,0,0,0
1993.5945,0,0,0,0
1993.5973,0,0,0,0
1993.6,0,0,0,0
1993.6027,0,0,0,0
1993.6055,0,0,0,0
1993.6082,0,0,0,0
1993.611,0,0,0,0
1993.6137,0,0,0,0
1993.6164,0,0,0,0
1993.6192,0,0,0,0
1993.6219,0,0,0,0
1993.6247,0,0,0,0
1993.6274,0,0,0,0
1993.6301,0,0,0,0
1993.6329,0,0,0,0
1993.6356,0,0,0,0
1993.6384,0,0,0,0
1993.6411,0,0,0,0
1993.6438,0,0,0,0
1993.6466,0,0,0,0
1993.6493,0,0,0,0
1993.6521,0,0,0,0
1993.6548,0,0,0,0
1993.6575,0,0,0,0
1993.6603,0,0,0,0
1993.663,0,0,0,0
1993.6658,0,0,0,0
1993.6685,0,0,0,0
1993.6712,0,0,0,0
1993.674,0,0,0,0
1993.6767,0,0,0,0
1993.6795,0,0,0,0
1993.6822,0,0,0,0
1993.6849,0,0,0,0
1993.6877,0,0,0,0
1993.6904,0,0,0,0
1993.6932,0,0,0,0
1993.6959,0,0,0,0
1993.6986,0,0,0,0
1993.7014,0,0,0,0
1993.7041,0,0,0,0
1993.7068,0,0,0,0
1993.7096,0,0,0,0
1993.7123,0,0,0,0
1993.7151,0,0,0,0
1993.7178,0,0,0,0
1993.7205,0,0,0,0
1993.7233,0,0,0,0
1993.726,0,0,0,0
1993.7288,0,0,0,0
1993.7315,0,0,0,0
1993.7342,0,0,0,0
1993.737,0,0,0,0
1993.7397,0,0,0,0
1993.7425,0,0,0,0
1993.7452,0,0,0,0
1993.7479,0,0,0,0
1993.7507,0,0,0,0
1993.7534,0,0,0,0
1993.7562,0,0,0,0
1993.7589,0,0,0,0
1993.7616,0,0,0,0
1993.7644,0,0,0,0
1993.7671,0,0,0,0
1993.7699,0,0,0,0
1993.7726,0,0,0,0
1993.7753,0,0,0,0
1993.7781,0,0,0,0
1993.7808,0,0,0,0
1993.7836,0,0,0,0
1993.7863,0,0,0,0
1993.789,0,0,0,0
1993.7918,0,0,0,0
1993.7945,0,0,0,0
1993.7973,0,0,0,0
1993.8,0,0,0,0
1993.8027,0,0,0,0
1993.8055,0,0,0,0
1993.8082,0,0,0,0
1993.811,0,0,0,0
1993.8137,0,0,0,0
1993.8164,0,0,0,0
1993.8192,0,0,0,0
1993.8219,0,0,0,0
1993.8247,0,0,0,0
1993.8274,0,0,0,0
1993.8301,0,0,0,0
1993.8329,0,0,0,0
1993.8356,0,0,0,0
1993.8384,0,0,0,0
1993.8411,0,0,0,0
1993.8438,0,0,0,0
1993.8466,0,0,0,0
1993.8493,0,0,0,0
1993.8521,0,0,0,0
1993.8548,0,0,0,0
1993.8575,0,0,0,0
1993.8603,0,0,0,0
1993.863,0,0,0,0
1993.8658,0,0,0,0
1993.8685,0,0,0,0
1993.8712,0,0,0,0
1993.874,0,0,0,0
1993.8767,0,0,0,0
1993.8795,0,0,0,0
1993.8822,0,0,0,0
1993.8849,0,0,0,0
1993.8877,0,0,0,0
1993.8904,0,0,0,0
1993.8932,0,0,0,0
1993.8959,0,0,0,0
1993.8986,0,0,0,0
1993.9014,0,0,0,0
1993.9041,0,0,0,0
1993.9068,0,0,0,0
1993.9096,0,0,0,0
1993.9123,0,0,0,0
1993.9151,0,0,0,0
1993.9178,0,0,0,0
1993.9205,0,0,0,0
1993.9233,0,0,0,0
1993.926,0,0,0,0
1993.9288,0,0,0,0
1993.9315,0,0,0,0
1993.9342,0,0,0,0
1993.937,0,0,0,0
1993.9397,0,0,0,0
1993.9425,0,0,0,0
1993.9452,0,0,0,0
1993.9479,0,0,0,0
1993.9507,0,0,0,0
1993.9534,0,0,0,0
1993.9562,0,0,0,0
1993.9589,0,0,0,0
1993.9616,0,0,0,0
1993.9644,0,0,0,0
1993.9671,0,0,0,0
1993.9699,0,0,0,0
1993.9726,0,0,0,0
1993.9753,0,0,0,0
1993.9781,0,0,0,0
1993.9808,0,0,0,0
1993.9836,0,0,0,0
1993.9863,0,0,0,0
1993.989,0,0,0,0
1993.9918,0,0,0,0
1993.9945,0,0,0,0
1993.9973,0,0,0,0
1994,0,0,0,0
1994.0027,0,0,0,0
1994.0055,0,0,0,0
1994.0082,0,0,0,0
1994.011,0,0,0,0
1994.0137,0,0,0,0
1994.0164,0,0,0,0
1994.0192,0,0,0,0
1994.0219,0,0,0,0
1994.0247,0,0,0,0
1994.0274,0,0,0,0
1994.0301,0,0,0,0
1994.0329,0,0,0,0
1994.0356,0,0,0,0
1994.0384,0,0,0,0
1994.0411,0,0,0,0
1994.0438,0,0,0,0
1994.0466,0,0,0,0
1994.0493,0,0,0,0
1994.0521,0,0,0,0
1994.0548,0,0,0,0
1994.0575,0,0,0,0
1994.0603,0,0,0,0
1994.063,0,0,0,0
1994.0658,0,0,0,0
1994.0685,0,0,0,0
1994.0712,0,0,0,0
1994.074,0,0,0,0
1994.0767,0,0,0,0
1994.0795,0,0,0,0
1994.0822,0,0,0,0
1994.0849,0,0,0,0
1994.0877,0,0,0,0
1994.0904,0,0,0,0
1994.0932,0,0,0,0
1994.0959,0,0,0,0
1994.0986,0,0,0,0
1994.1014,0,0,0,0
1994.1041,0,0,0,0
1994.1068,0,0,0,0
1994.1096,0,0,0,0
1994.1123,0,0,0,0
1994.1151,0,0,0,0
1994.1178,0,0,0,0
1994.1205,0,0,0,0
1994.1233,0,0,0,0
1994.126,0,0,0,0
1994.1288,0,0,0,0
1994.1315,0,0,0,0
1994.1342,0,0,0,0
1994.137,0,0,0,0
1994.1397,0,0,0,0
1994.1425,0,0,0,0
1994.1452,0,0,0,0
1994.1479,0,0,0,0
1994.1507,0,0,0,0
1994.1534,0,0,0,0
1994.1562,0,0,0,0
1994.1589,0,0,0,0
1994.1616,0,0,0,0
1994.1644,0,0,0,0
1994.1671,0,0,0,0
1994.1699,0,0,0,0
1994.1726,0,0,0,0
1994.1753,0,0,0,0
1994.1781,0,0,0,0
1994.1808,0,0,0,0
1994.1836,0,0,0,0
1994.1863,0,0,0,0
1994.189,0,0,0,0
1994.1918,0,0,0,0
1994.1945,0,0,0,0
1994.1973,0,0,0,0
1994.2,0,0,0,0
1994.2027,0,0,0,0
1994.2055,0,0,0,0
1994.2082,0,0,0,0
1994.211,0,0,0,0
1994.2137,0,0,0,0
1994.2164,0,0,0,0
1994.2192,0,0,0,0
1994.2219,0,0,0,0
1994.2247,0,0,0,0
1994.2274,0,0,0,0
1994.2301,0,0,0,0
1994.2329,0,0,0,0
1994.2356,0,0,0,0
1994.2384,0,0,0,0
1994.2411,0,0,0,0
1994.2438,0,0,0,0
1994.2466,0,0,0,0
1994.2493,0,0,0,0
1994.2521,0,0,0,0
1994.2548,0,0,0,0
1994.2575,0,0,0,0
1994.2603,0,0,0,0
1994.263,0,0,0,0
1994.2658,0,0,0,0
1994.2685,0,0,0,0
1994.2712,0,0,0,0
1994.274,0,0,0,0
1994.2767,0,0,0,0
1994.2795,0,0,0,0
1994.2822,0,0,0,0
1994.2849,0,0,0,0
1994.2877,0,0,0,0
1994.2904,0,0,0,0
1994.2932,0,0,0,0
1994.2959,0,0,0,0
1994.2986,0,0,0,0
1994.3014,0,0,0,0
1994.3041,0,0,0,0
1994.3068,0,0,0,0
1994.3096,0,0,0,0
1994.3123,0,0,0,0
1994.3151,0,0,0,0
1994.3178,0,0,0,0
1994.3205,0,0,0,0
1994.3233,0,0,0,0
1994.326,0,0,0,0
1994.3288,0,0,0,0
1994.3315,0,0,0,0
1994.3342,0,0,0,0
1994.337,0,0,0,0
1994.3397,0,0,0,0
1994.3425,0,0,0,0
1994.3452,0,0,0,0
1994.3479,0,0,0,0
1994.3507,0,0,0,0
1994.3534,0,0,0,0
1994.3562,0,0,0,0
1994.3589,0,0,0,0
1994.3616,0,0,0,0
1994.3644,0,0,0,0
1994.3671,0,0,0,0
1994.3699,0,0,0,0
1994.3726,0,0,0,0
1994.3753,0,0,0,0
1994.3781,0,0,0,0
1994.3808,0,0,0,0
1994.3836,0,0,0,0
1994.3863,0,0,0,0
1994.389,0,0,0,0
1994.3918,0,0,0,0
1994.3945,0,0,0,0
1994.3973,0,0,0,0
1994.4,0,0,0,0
1994.4027,0,0,0,0
1994.4055,0,0,0,0
1994.4082,0,0,0,0
1994.411,0,0,0,0
1994.4137,0,0,0,0
1994.4164,0,0,0,0
1994.4192,0,0,0,0
1994.4219,0,0,0,0
1994.4247,0,0,0,0
1994.4274,0,0,0,0
1994.4301,0,0,0,0
1994.4329,0,0,0,0
1994.4356,0,0,0,0
1994.4384,0,0,0,0
1994.4411,0,0,0,0
1994.4438,0,0,0,0
1994.4466,0,0,0,0
1994.4493,0,0,0,0
1994.4521,0,0,0,0
1994.4548,0,0,0,0
1994.4575,0,0,0,0
1994.4603,0,0,0,0
1994.463,0,0,0,0
1994.4658,0,0,0,0
1994.4685,0,0,0,0
1994.4712,0,0,0,0
1994.474,0,0,0,0
1994.4767,0,0,0,0
1994.4795,0,0,0,0
1994.4822,0,0,0,0
1994.4849,0,0,0,0
1994.4877,0,0,0,0
1994.4904,0,0,0,0
1994.4932,0,0,0,0
1994.4959,0,0,0,0
1994.4986,0,0,0,0
1994.5014,0,0,0,0
1994.5041,0,0,0,0
1994.5068,0,0,0,0
1994.5096,0,0,0,0
1994.5123,0,0,0,0
1994.5151,0,0,0,0
1994.5178,0,0,0,0
1994.5205,0,0,0,0
1994.5233,0,0,0,0
1994.526,0,0,0,0
1994.5288,0,0,0,0
1994.5315,0,0,0,0
1994.5342,0,0,0,0
1994.537,0,0,0,0
1994.5397,0,0,0,0
1994.5425,0,0,0,0
1994.5452,0,0,0,0
1994.5479,0,0,0,0
1994.5507,0,0,0,0
1994.5534,0,0,0,0
1994.5562,0,0,0,0
1994.5589,0,0,0,0
1994.5616,0,0,0,0
1994.5644,0,0,0,0
1994.5671,0,0,0,0
1994.5699,0,0,0,0
1994.5726,0,0,0,0
1994.5753,0,0,0,0
1994.5781,0,0,0,0
1994.5808,0,0,0,0
1994.5836,0,0,0,0
1994.5863,0,0,0,0
1994.589,0,0,0,0
1994.5918,0,0,0,0
1994.5945,0,0,0,0
1994.5973,0,0,0,0
1994.6,0,0,0,0
1994.6027,0,0,0,0
1994.6055,0,0,0,0
1994.6082,0,0,0,0
1994.611,0,0,0,0
1994.6137,0,0,0,0
1994.6164,0,0,0,0
1994.6192,0,0,0,0
1994.6219,0,0,0,0
1994.6247,0,0,0,0
1994.6274,0,0,0,0
1994.6301,0,0,0,0
1994.6329,0,0,0,0
1994.6356,0,0,0,0
1994.6384,0,0,0,0
1994.6411,0,0,0,0
1994.6438,0,0,0,0
1994.6466,0,0,0,0
1994.6493,0,0,0,0
1994.6521,0,0,0,0
1994.6548,0,0,0,0
1994.6575,0,0,0,0
1994.6603,0,0,0,0
1994.663,0,0,0,0
1994.6658,0,0,0,0
1994.6685,0,0,0,0
1994.6712,0,0,0,0
1994.674,0,0,0,0
1994.6767,0,0,0,0
1994.6795,0,0,0,0
1994.6822,0,0,0,0
1994.6849,0,0,0,0
1994.6877,0,0,0,0
1994.6904,0,0,0,0
1994.6932,0,0,0,0
1994.6959,0,0,0,0
1994.6986,0,0,0,0
1994.7014,0,0,0,0
1994.7041,0,0,0,0
1994.7068,0,0,0,0
1994.7096,0,0,0,0
1994.7123,0,0,0,0
1994.7151,0,0,0,0
1994.7178,0,0,0,0
1994.7205,0,0,0,0
1994.7233,0,0,0,0
1994.726,0,0,0,0
1994.7288,0,0,0,0
1994.7315,0,0,0,0
1994.7342,0,0,0,0
1994.737,0,0,0,0
1994.7397,0,0,0,0
1994.7425,0,0,0,0
1994.7452,0,0,0,0
1994.7479,0,0,0,0
1994.7507,0,0,0,0
1994.7534,0,0,0,0
1994.7562,0,0,0,0
1994.7589,0,0,0,0
1994.7616,0,0,0,0
1994.7644,0,0,0,0
1994.7671,0,0,0,0
1994.7699,0,0,0,0
1994.7726,0,0,0,0
1994.7753,0,0,0,0
1994.7781,0,0,0,0
1994.7808,0,0,0,0
1994.7836,0,0,0,0
1994.7863,0,0,0,0
1994.789,0,0,0,0
1994.7918,0,0,0,0
1994.7945,0,0,0,0
1994.7973,0,0,0,0
1994.8,0,0,0,0
1994.8027,0,0,0,0
1994.8055,0,0,0,0
1994.8082,0,0,0,0
1994.811,0,0,0,0
1994.8137,0,0,0,0
1994.8164,0,0,0,0
1994.8192,0,0,0,0
1994.8219,0,0,0,0
1994.8247,0,0,0,0
1994.8274,0,0,0,0
1994.8301,0,0,0,0
1994.8329,0,0,0,0
1994.8356,0,0,0,0
1994.8384,0,0,0,0
1994.8411,0,0,0,0
1994.8438,0,0,0,0
1994.8466,0,0,0,0
1994.8493,0,0,0,0
1994.8521,0,0,0,0
1994.8548,0,0,0,0
1994.8575,0,0,0,0
1994.8603,0,0,0,0
1994.863,0,0,0,0
1994.8658,0,0,0,0
1994.8685,0,0,0,0
1994.8712,0,0,0,0
1994.874,0,0,0,0
1994.8767,0,0,0,0
1994.8795,0,0,0,0
1994.8822,0,0,0,0
1994.8849,0,0,0,0
1994.8877,0,0,0,0
1994.8904,0,0,0,0
1994.8932,0,0,0,0
1994.8959,0,0,0,0
1994.8986,0,0,0,0
1994.9014,0,0,0,0
1994.9041,0,0,0,0
1994.9068,0,0,0,0
1994.9096,0,0,0,0
1994.9123,0,0,0,0
1994.9151,0,0,0,0
1994.9178,0,0,0,0
1994.9205,0,0,0,0
1994.9233,0,0,0,0
1994.926,0,0,0,0
1994.9288,0,0,0,0
1994.9315,0,0,0,0
1994.9342,0,0,0,0
1994.937,0,0,0,0
1994.9397,0,0,0,0
1994.9425,0,0,0,0
1994.9452,0,0,0,0
1994.9479,0,0,0,0
1994.9507,0,0,0,0
1994.9534,0,0,0,0
1994.9562,0,0,0,0
1994.9589,0,0,0,0
1994.9616,0,0,0,0
1994.9644,0,0,0,0
1994.9671,0,0,0,0
1994.9699,0,0,0,0
1994.9726,0,0,0,0
1994.9753,0,0,0,0
1994.9781,0,0,0,0
1994.9808,0,0,0,0
1994.9836,0,0,0,0
1994.9863,0,0,0,0
1994.989,0,0,0,0
1994.9918,0,0,0,0
1994.9945,0,0,0,0
1994.9973,0,0,0,0
1995,0,0,0,0
1995.0027,0,0,0,0
1995.0055,0,0,0,0
1995.0082,0,0,0,0
1995.011,0,0,0,0
1995.0137,0,0,0,0
1995.0164,0,0,0,0
1995.0192,0,0,0,0
1995.0219,0,0,0,0
1995.0247,0,0,0,0
1995.0274,0,0,0,0
1995.0301,0,0,0,0
1995.0329,0,0,0,0
1995.0356,0,0,0,0
1995.0384,0,0,0,0
1995.0411,0,0,0,0
1995.0438,0,0,0,0
1995.0466,0,0,0,0
1995.0493,0,0,0,0
1995.0521,0,0,0,0
1995.0548,0,0,0,0
1995.0575,0,0,0,0
1995.0603,0,0,0,0
1995.063,0,0,0,0
1995.0658,0,0,0,0
1995.0685,0,0,0,0
1995.0712,0,0,0,0
1995.074,0,0,0,0
1995.0767,0,0,0,0
1995.0795,0,0,0,0
1995.0822,0,0,0,0
1995.0849,0,0,0,0
1995.0877,0,0,0,0
1995.0904,0,0,0,0
1995.0932,0,0,0,0
1995.0959,0,0,0,0
1995.0986,0,0,0,0
1995.1014,0,0,0,0
1995.1041,0,0,0,0
1995.1068,0,0,0,0
1995.1096,0,0,0,0
1995.1123,0,0,0,0
1995.1151,0,0,0,0
1995.1178,0,0,0,0
1995.1205,0,0,0,0
1995.1233,0,0,0,0
1995.126,0,0,0,0
1995.1288,0,0,0,0
1995.1315,0,0,0,0
1995.1342,0,0,0,0
1995.137,0,0,0,0
1995.1397,0,0,0,0
1995.1425,0,0,0,0
1995.1452,0,0,0,0
1995.1479,0,0,0,0
1995.1507,0,0,0,0
1995.1534,0,0,0,0
1995.1562,0,0,0,0
1995.1589,0,0,0,0
1995.1616,0,0,0,0
1995.1644,0,0,0,0
1995.1671,0,0,0,0
1995.1699,0,0,0,0
1995.1726,0,0,0,0
1995.1753,0,0,0,0
1995.1781,0,0,0,0
1995.1808,0,0,0,0
1995.1836,0,0,0,0
1995.1863,0,0,0,0
1995.189,0,0,0,0
1995.1918,0,0,0,0
1995.1945,0,0,0,0
1995.1973,0,0,0,0
1995.2,0,0,0,0
1995.2027,0,0,0,0
1995.2055,0,0,0,0
1995.2082,0,0,0,0
1995.211,0,0,0,0
1995.2137,0,0,0,0
1995.2164,0,0,0,0
1995.2192,0,0,0,0
1995.2219,0,0,0,0
1995.2247,0,0,0,0
1995.2274,0,0,0,0
1995.2301,0,0,0,0
1995.2329,0,0,0,0
1995.2356,0,0,0,0
1995.2384,0,0,0,0
1995.2411,0,0,0,0
1995.2438,0,0,0,0
1995.2466,0,0,0,0
1995.2493,0,0,0,0
1995.2521,0,0,0,0
1995.2548,0,0,0,0
1995.2575,0,0,0,0
1995.2603,0,0,0,0
1995.263,0,0,0,0
1995.2658,0,0,0,0
1995.2685,0,0,0,0
1995.2712,0,0,0,0
1995.274,0,0,0,0
1995.2767,0,0,0,0
1995.2795,0,0,0,0
1995.2822,0,0,0,0
1995.2849,0,0,0,0
1995.2877,0,0,0,0
1995.2904,0,0,0,0
1995.2932,0,0,0,0
1995.2959,0,0,0,0
1995.2986,0,0,0,0
1995.3014,0,0,0,0
1995.3041,0,0,0,0
1995.3068,0,0,0,0
1995.3096,0,0,0,0
1995.3123,0,0,0,0
1995.3151,0,0,0,0
1995.3178,0,0,0,0
1995.3205,0,0,0,0
1995.3233,0,0,0,0
1995.326,0,0,0,0
1995.3288,0,0,0,0
1995.3315,0,0,0,0
1995.3342,0,0,0,0
1995.337,0,0,0,0
1995.3397,0,0,0,0
1995.3425,0,0,0,0
1995.3452,0,0,0,0
1995.3479,0,0,0,0
1995.3507,0,0,0,0
1995.3534,0,0,0,0
1995.3562,0,0,0,0
1995.3589,0,0,0,0
1995.3616,0,0,0,0
1995.3644,0,0,0,0
1995.3671,0,0,0,0
1995.3699,1,1,1,0
1995.3726,1,0,0,0
1995.3753,0,0,0,0
1995.3781,0,0,0,0
1995.3808,0,0,0,0
1995.3836,0,0,0,0
1995.3863,0,0,0,0
1995.389,0,0,0,0
1995.3918,0,0,0,0
1995.3945,0,0,0,0
1995.3973,0,0,0,0
1995.4,0,0,0,0
1995.4027,0,0,0,0
1995.4055,0,0,0,0
1995.4082,0,0,0,0
1995.411,0,0,0,0
1995.4137,0,0,0,0
1995.4164,0,0,0,0
1995.4192,0,0,0,0
1995.4219,0,0,0,0
1995.4247,0,0,0,0
1995.4274,0,0,0,0
1995.4301,0,0,0,0
1995.4329,0,0,0,0
1995.4356,0,0,0,0
1995.4384,0,0,0,0
1995.4411,0,0,0,0
1995.4438,0,0,0,0
1995.4466,0,0,0,0
1995.4493,0,0,0,0
1995.4521,0,0,0,0
1995.4548,0,0,0,0
1995.4575,0,0,0,0
1995.4603,0,0,0,0
1995.463,0,0,0,0
1995.4658,0,0,0,0
1995.4685,0,0,0,0
1995.4712,0,0,0,0
1995.474,0,0,0,0
1995.4767,0,0,0,0
1995.4795,0,0,0,0
1995.4822,0,0,0,0
1995.4849,0,0,0,0
1995.4877,0,0,0,0
1995.4904,0,0,0,0
1995.4932,0,0,0,0
1995.4959,0,0,0,0
1995.4986,0,0,0,0
1995.5014,0,0,0,0
1995.5041,0,0,0,0
1995.5068,0,0,0,0
1995.5096,0,0,0,0
1995.5123,0,0,0,0
1995.5151,0,0,0,0
1995.5178,0,0,0,0
1995.5205,0,0,0,0
1995.5233,0,0,0,0
1995.526,0,0,0,0
1995.5288,0,0,0,0
1995.5315,0,0,0,0
1995.5342,0,0,0,0
1995.537,0,0,0,0
1995.5397,0,0,0,0
1995.5425,0,0,0,0
1995.5452,0,0,0,0
1995.5479,0,0,0,0
1995.5507,0,0,0,0
1995.5534,0,0,0,0
1995.5562,0,0,0,0
1995.5589,0,0,0,0
1995.5616,0,0,0,0
1995.5644,0,0,0,0
1995.5671,0,0,0,0
1995.5699,0,0,0,0
1995.5726,0,0,0,0
1995.5753,0,0,0,0
1995.5781,0,0,0,0
1995.5808,0,0,0,0
1995.5836,0,0,0,0
1995.5863,0,0,0,0
1995.589,0,0,0,0
1995.5918,0,0,0,0
1995.5945,0,0,0,0
1995.5973,0,0,0,0
1995.6,0,0,0,0
1995.6027,0,0,0,0
1995.6055,0,0,0,0
1995.6082,0,0,0,0
1995.611,0,0,0,0
1995.6137,0,0,0,0
1995.6164,0,0,0,0
1995.6192,0,0,0,0
1995.6219,0,0,0,0
1995.6247,0,0,0,0
1995.6274,0,0,0,0
1995.6301,0,0,0,0
1995.6329,0,0,0,0
1995.6356,0,0,0,0
1995.6384,0,0,0,0
1995.6411,0,0,0,0
1995.6438,0,0,0,0
1995.6466,0,0,0,0
1995.6493,0,0,0,0
1995.6521,0,0,0,0
1995.6548,0,0,0,0
1995.6575,0,0,0,0
1995.6603,0,0,0,0
1995.663,0,0,0,0
1995.6658,0,0,0,0
1995.6685,0,0,0,0
1995.6712,0,0,0,0
1995.674,0,0,0,0
1995.6767,0,0,0,0
1995.6795,0,0,0,0
1995.6822,0,0,0,0
1995.6849,0,0,0,0
1995.6877,0,0,0,0
1995.6904,0,0,0,0
1995.6932,0,0,0,0
1995.6959,0,0,0,0
1995.6986,0,0,0,0
1995.7014,0,0,0,0
1995.7041,0,0,0,0
1995.7068,0,0,0,0
1995.7096,0,0,0,0
1995.7123,0,0,0,0
1995.7151,0,0,0,0
1995.7178,0,0,0,0
1995.7205,0,0,0,0
1995.7233,0,0,0,0
1995.726,0,0,0,0
1995.7288,0,0,0,0
1995.7315,0,0,0,0
1995.7342,0,0,0,0
1995.737,0,0,0,0
1995.7397,0,0,0,0
1995.7425,0,0,0,0
1995.7452,0,0,0,0
1995.7479,0,0,0,0
1995.7507,0,0,0,0
1995.7534,0,0,0,0
1995.7562,0,0,0,0
1995.7589,0,0,0,0
1995.7616,0,0,0,0
1995.7644,0,0,0,0
1995.7671,0,0,0,0
1995.7699,0,0,0,0
1995.7726,0,0,0,0
1995.7753,0,0,0,0
1995.7781,0,0,0,0
1995.7808,0,0,0,0
1995.7836,0,0,0,0
1995.7863,0,0,0,0
1995.789,0,0,0,0
1995.7918,0,0,0,0
1995.7945,0,0,0,0
1995.7973,0,0,0,0
1995.8,0,0,0,0
1995.8027,0,0,0,0
1995.8055,0,0,0,0
1995.8082,0,0,0,0
1995.811,0,0,0,0
1995.8137,0,0,0,0
1995.8164,0,0,0,0
1995.8192,0,0,0,0
1995.8219,0,0,0,0
1995.8247,0,0,0,0
1995.8274,0,0,0,0
1995.8301,0,0,0,0
1995.8329,0,0,0,0
1995.8356,0,0,0,0
1995.8384,0,0,0,0
1995.8411,0,0,0,0
1995.8438,0,0,0,0
1995.8466,0,0,0,0
1995.8493,0,0,0,0
1995.8521,0,0,0,0
1995.8548,0,0,0,0
1995.8575,0,0,0,0
1995.8603,0,0,0,0
1995.863,0,0,0,0
1995.8658,0,0,0,0
1995.8685,0,0,0,0
1995.8712,0,0,0,0
1995.874,0,0,0,0
1995.8767,0,0,0,0
1995.8795,0,0,0,0
1995.8822,0,0,0,0
1995.8849,0,0,0,0
1995.8877,0,0,0,0
1995.8904,0,0,0,0
1995.8932,0,0,0,0
1995.8959,0,0,0,0
1995.8986,0,0,0,0
1995.9014,0,0,0,0
1995.9041,0,0,0,0
1995.9068,0,0,0,0
1995.9096,0,0,0,0
1995.9123,0,0,0,0
1995.9151,0,0,0,0
1995.9178,0,0,0,0
1995.9205,0,0,0,0
1995.9233,0,0,0,0
1995.926,0,0,0,0
1995.9288,0,0,0,0
1995.9315,0,0,0,0
1995.9342,0,0,0,0
1995.937,0,0,0,0
1995.9397,0,0,0,0
1995.9425,0,0,0,0
1995.9452,0,0,0,0
1995.9479,0,0,0,0
1995.9507,0,0,0,0
1995.9534,0,0,0,0
1995.9562,0,0,0,0
1995.9589,0,0,0,0
1995.9616,0,0,0,0
1995.9644,0,0,0,0
1995.9671,0,0,0,0
1995.9699,0,0,0,0
1995.9726,0,0,0,0
1995.9753,0,0,0,0
1995.9781,0,0,0,0
1995.9808,0,0,0,0
1995.9836,0,0,0,0
1995.9863,0,0,0,0
1995.989,0,0,0,0
1995.9918,0,0,0,0
1995.9945,0,0,0,0
1995.9973,0,0,0,0
1996,0,0,0,0
1996.0027,0,0,0,0
1996.0055,0,0,0,0
1996.0082,0,0,0,0
1996.011,0,0,0,0
1996.0137,0,0,0,0
1996.0164,0,0,0,0
1996.0192,0,0,0,0
1996.0219,0,0,0,0
1996.0247,0,0,0,0
1996.0274,0,0,0,0
1996.0301,0,0,0,0
1996.0329,0,0,0,0
1996.0356,0,0,0,0
1996.0384,0,0,0,0
1996.0411,0,0,0,0
1996.0438,0,0,0,0
1996.0466,0,0,0,0
1996.0493,0,0,0,0
1996.0521,0,0,0,0
1996.0548,0,0,0,0
1996.0575,0,0,0,0
1996.0603,0,0,0,0
1996.063,0,0,0,0
1996.0658,0,0,0,0
1996.0685,0,0,0,0
1996.0712,0,0,0,0
1996.074,0,0,0,0
1996.0767,0,0,0,0
1996.0795,0,0,0,0
1996.0822,0,0,0,0
1996.0849,0,0,0,0
1996.0877,0,0,0,0
1996.0904,0,0,0,0
1996.0932,0,0,0,0
1996.0959,0,0,0,0
1996.0986,0,0,0,0
1996.1014,0,0,0,0
1996.1041,0,0,0,0
1996.1068,0,0,0,0
1996.1096,0,0,0,0
1996.1123,0,0,0,0
1996.1151,0,0,0,0
1996.1178,0,0,0,0
1996.1205,0,0,0,0
1996.1233,0,0,0,0
1996.126,0,0,0,0
1996.1288,0,0,0,0
1996.1315,0,0,0,0
1996.1342,0,0,0,0
1996.137,0,0,0,0
1996.1397,0,0,0,0
1996.1425,0,0,0,0
1996.1452,0,0,0,0
1996.1479,0,0,0,0
1996.1507,0,0,0,0
1996.1534,0,0,0,0
1996.1562,0,0,0,0
1996.1589,0,0,0,0
1996.1616,0,0,0,0
1996.1644,0,0,0,0
1996.1671,0,0,0,0
1996.1699,0,0,0,0
1996.1726,0,0,0,0
1996.1753,0,0,0,0
1996.1781,0,0,0,0
1996.1808,0,0,0,0
1996.1836,0,0,0,0
1996.1863,0,0,0,0
1996.189,0,0,0,0
1996.1918,0,0,0,0
1996.1945,0,0,0,0
1996.1973,0,0,0,0
1996.2,0,0,0,0
1996.2027,0,0,0,0
1996.2055,0,0,0,0
1996.2082,0,0,0,0
1996.211,0,0,0,0
1996.2137,0,0,0,0
1996.2164,0,0,0,0
1996.2192,0,0,0,0
1996.2219,0,0,0,0
1996.2247,0,0,0,0
1996.2274,0,0,0,0
1996.2301,0,0,0,0
1996.2329,0,0,0,0
1996.2356,0,0,0,0
1996.2384,0,0,0,0
1996.2411,0,0,0,0
1996.2438,0,0,0,0
1996.2466,0,0,0,0
1996.2493,0,0,0,0
1996.2521,0,0,0,0
1996.2548,0,0,0,0
1996.2575,0,0,0,0
1996.2603,0,0,0,0
1996.263,0,0,0,0
1996.2658,0,0,0,0
1996.2685,0,0,0,0
1996.2712,0,0,0,0
1996.274,0,0,0,0
1996.2767,0,0,0,0
1996.2795,0,0,0,0
1996.2822,0,0,0,0
1996.2849,0,0,0,0
1996.2877,0,0,0,0
1996.2904,0,0,0,0
1996.2932,0,0,0,0
1996.2959,0,0,0,0
1996.2986,0,0,0,0
1996.3014,0,0,0,0
1996.3041,0,0,0,0
1996.3068,0,0,0,0
1996.3096,0,0,0,0
1996.3123,0,0,0,0
1996.3151,0,0,0,0
1996.3178,0,0,0,0
1996.3205,0,0,0,0
1996.3233,1,1,0,0
1996.326,0,0,0,0
1996.3288,0,0,0,0
1996.3315,0,0,0,0
1996.3342,0,0,0,0
1996.337,0,0,0,0
1996.3397,0,0,0,0
1996.3425,0,0,0,0
1996.3452,0,0,0,0
1996.3479,0,0,0,0
1996.3507,0,0,0,0
1996.3534,0,0,0,0
1996.3562,0,0,0,0
1996.3589,0,0,0,0
1996.3616,0,0,0,0
1996.3644,0,0,0,0
1996.3671,0,0,0,0
1996.3699,0,0,0,0
1996.3726,0,0,0,0
1996.3753,0,0,0,0
1996.3781,0,0,0,0
1996.3808,0,0,0,0
1996.3836,0,0,0,0
1996.3863,0,0,0,0
1996.389,0,0,0,0
1996.3918,0,0,0,0
1996.3945,0,0,0,0
1996.3973,0,0,0,0
1996.4,0,0,0,0
1996.4027,0,0,0,0
1996.4055,0,0,0,0
1996.4082,0,0,0,0
1996.411,0,0,0,0
1996.4137,0,0,0,0
1996.4164,0,0,0,0
1996.4192,0,0,0,0
1996.4219,0,0,0,0
1996.4247,0,0,0,0
1996.4274,0,0,0,0
1996.4301,0,0,0,0
1996.4329,0,0,0,0
1996.4356,0,0,0,0
1996.4384,0,0,0,0
1996.4411,0,0,0,0
1996.4438,0,0,0,0
1996.4466,0,0,0,0
1996.4493,0,0,0,0
1996.4521,0,0,0,0
1996.4548,0,0,0,0
1996.4575,0,0,0,0
1996.4603,0,0,0,0
1996.463,0,0,0,0
1996.4658,0,0,0,0
1996.4685,0,0,0,0
1996.4712,0,0,0,0
1996.474,0,0,0,0
1996.4767,0,0,0,0
1996.4795,0,0,0,0
1996.4822,0,0,0,0
1996.4849,0,0,0,0
1996.4877,0,0,0,0
1996.4904,0,0,0,0
1996.4932,0,0,0,0
1996.4959,0,0,0,0
1996.4986,0,0,0,0
1996.5014,0,0,0,0
1996.5041,0,0,0,0
1996.5068,0,0,0,0
1996.5096,0,0,0,0
1996.5123,0,0,0,0
1996.5151,0,0,0,0
1996.5178,0,0,0,0
1996.5205,0,0,0,0
1996.5233,0,0,0,0
1996.526,0,0,0,0
1996.5288,0,0,0,0
1996.5315,0,0,0,0
1996.5342,0,0,0,0
1996.537,0,0,0,0
1996.5397,0,0,0,0
1996.5425,0,0,0,0
1996.5452,0,0,0,0
1996.5479,0,0,0,0
1996.5507,0,0,0,0
1996.5534,0,0,0,0
1996.5562,0,0,0,0
1996.5589,0,0,0,0
1996.5616,0,0,0,0
1996.5644,0,0,0,0
1996.5671,0,0,0,0
1996.5699,0,0,0,0
1996.5726,0,0,0,0
1996.5753,0,0,0,0
1996.5781,0,0,0,0
1996.5808,0,0,0,0
1996.5836,0,0,0,0
1996.5863,0,0,0,0
1996.589,0,0,0,0
1996.5918,0,0,0,0
1996.5945,0,0,0,0
1996.5973,0,0,0,0
1996.6,0,0,0,0
1996.6027,0,0,0,0
1996.6055,0,0,0,0
1996.6082,0,0,0,0
1996.611,0,0,0,0
1996.6137,0,0,0,0
1996.6164,0,0,0,0
1996.6192,0,0,0,0
1996.6219,0,0,0,0
1996.6247,0,0,0,0
1996.6274,0,0,0,0
1996.6301,0,0,0,0
1996.6329,0,0,0,0
1996.6356,0,0,0,0
1996.6384,0,0,0,0
1996.6411,0,0,0,0
1996.6438,0,0,0,0
1996.6466,0,0,0,0
1996.6493,0,0,0,0
1996.6521,0,0,0,0
1996.6548,0,0,0,0
1996.6575,0,0,0,0
1996.6603,0,0,0,0
1996.663,0,0,0,0
1996.6658,0,0,0,0
1996.6685,0,0,0,0
1996.6712,0,0,0,0
1996.674,0,0,0,0
1996.6767,0,0,0,0
1996.6795,0,0,0,0
1996.6822,0,0,0,0
1996.6849,0,0,0,0
1996.6877,0,0,0,0
1996.6904,0,0,0,0
1996.6932,0,0,0,0
1996.6959,0,0,0,0
1996.6986,0,0,0,0
1996.7014,0,0,0,0
1996.7041,0,0,0,0
1996.7068,0,0,0,0
1996.7096,0,0,0,0
1996.7123,0,0,0,0
1996.7151,0,0,0,0
1996.7178,0,0,0,0
1996.7205,0,0,0,0
1996.7233,0,0,0,0
1996.726,0,0,0,0
1996.7288,0,0,0,0
1996.7315,0,0,0,0
1996.7342,0,0,0,0
1996.737,0,0,0,0
1996.7397,0,0,0,0
1996.7425,0,0,0,0
1996.7452,0,0,0,0
1996.7479,0,0,0,0
1996.7507,0,0,0,0
1996.7534,0,0,0,0
1996.7562,0,0,0,0
1996.7589,0,0,0,0
1996.7616,0,0,0,0
1996.7644,0,0,0,0
1996.7671,0,0,0,0
1996.7699,0,0,0,0
1996.7726,0,0,0,0
1996.7753,0,0,0,0
1996.7781,0,0,0,0
1996.7808,0,0,0,0
1996.7836,0,0,0,0
1996.7863,0,0,0,0
1996.789,0,0,0,0
1996.7918,0,0,0,0
1996.7945,0,0,0,0
1996.7973,0,0,0,0
1996.8,0,0,0,0
1996.8027,0,0,0,0
1996.8055,0,0,0,0
1996.8082,0,0,0,0
1996.811,0,0,0,0
1996.8137,0,0,0,0
1996.8164,0,0,0,0
1996.8192,0,0,0,0
1996.8219,0,0,0,0
1996.8247,0,0,0,0
1996.8274,0,0,0,0
1996.8301,0,0,0,0
1996.8329,0,0,0,0
1996.8356,0,0,0,0
1996.8384,0,0,0,0
1996.8411,0,0,0,0
1996.8438,0,0,0,0
1996.8466,0,0,0,0
1996.8493,0,0,0,0
1996.8521,0,0,0,0
1996.8548,0,0,0,0
1996.8575,0,0,0,0
1996.8603,0,0,0,0
1996.863,0,0,0,0
1996.8658,0,0,0,0
1996.8685,0,0,0,0
1996.8712,0,0,0,0
1996.874,0,0,0,0
1996.8767,0,0,0,0
1996.8795,0,0,0,0
1996.8822,0,0,0,0
1996.8849,0,0,0,0
1996.8877,0,0,0,0
1996.8904,0,0,0,0
1996.8932,0,0,0,0
1996.8959,0,0,0,0
1996.8986,0,0,0,0
1996.9014,0,0,0,0
1996.9041,0,0,0,0
1996.9068,0,0,0,0
1996.9096,0,0,0,0
1996.9123,0,0,0,0
1996.9151,0,0,0,0
1996.9178,0,0,0,0
1996.9205,0,0,0,0
1996.9233,0,0,0,0
1996.926,0,0,0,0
1996.9288,0,0,0,0
1996.9315,0,0,0,0
1996.9342,0,0,0,0
1996.937,0,0,0,0
1996.9397,0,0,0,0
1996.9425,0,0,0,0
1996.9452,0,0,0,0
1996.9479,0,0,0,0
1996.9507,0,0,0,0
1996.9534,0,0,0,0
1996.9562,0,0,0,0
1996.9589,0,0,0,0
1996.9616,0,0,0,0
1996.9644,0,0,0,0
1996.9671,0,0,0,0
1996.9699,0,0,0,0
1996.9726,0,0,0,0
1996.9753,0,0,0,0
1996.9781,0,0,0,0
1996.9808,0,0,0,0
1996.9836,0,0,0,0
1996.9863,0,0,0,0
1996.989,0,0,0,0
1996.9918,0,0,0,0
1996.9945,0,0,0,0
1996.9973,0,0,0,0
1997,0,0,0,0
1997,0,0,0,0
1997.0027,0,0,0,0
1997.0055,0,0,0,0
1997.0082,0,0,0,0
1997.011,0,0,0,0
1997.0137,0,0,0,0
1997.0164,0,0,0,0
1997.0192,0,0,0,0
1997.0219,0,0,0,0
1997.0247,0,0,0,0
1997.0274,0,0,0,0
1997.0301,0,0,0,0
1997.0329,0,0,0,0
1997.0356,0,0,0,0
1997.0384,0,0,0,0
1997.0411,0,0,0,0
1997.0438,0,0,0,0
1997.0466,0,0,0,0
1997.0493,0,0,0,0
1997.0521,0,0,0,0
1997.0548,0,0,0,0
1997.0575,0,0,0,0
1997.0603,0,0,0,0
1997.063,0,0,0,0
1997.0658,0,0,0,0
1997.0685,0,0,0,0
1997.0712,0,0,0,0
1997.074,0,0,0,0
1997.0767,0,0,0,0
1997.0795,0,0,0,0
1997.0822,0,0,0,0
1997.0849,0,0,0,0
1997.0877,0,0,0,0
1997.0904,0,0,0,0
1997.0932,0,0,0,0
1997.0959,0,0,0,0
1997.0986,0,0,0,0
1997.1014,0,0,0,0
1997.1041,0,0,0,0
1997.1068,0,0,0,0
1997.1096,0,0,0,0
1997.1123,0,0,0,0
1997.1151,0,0,0,0
1997.1178,0,0,0,0
1997.1205,0,0,0,0
1997.1233,0,0,0,0
1997.126,0,0,0,0
1997.1288,0,0,0,0
1997.1315,0,0,0,0
1997.1342,0,0,0,0
1997.137,0,0,0,0
1997.1397,0,0,0,0
1997.1425,0,0,0,0
1997.1452,0,0,0,0
1997.1479,0,0,0,0
1997.1507,0,0,0,0
1997.1534,0,0,0,0
1997.1562,0,0,0,0
1997.1589,0,0,0,0
1997.1616,0,0,0,0
1997.1644,0,0,0,0
1997.1671,0,0,0,0
1997.1699,0,0,0,0
1997.1726,0,0,0,0
1997.1753,0,0,0,0
1997.1781,0,0,0,0
1997.1808,0,0,0,0
1997.1836,0,0,0,0
1997.1863,0,0,0,0
1997.189,0,0,0,0
1997.1918,0,0,0,0
1997.1945,0,0,0,0
1997.1973,0,0,0,0
1997.2,0,0,0,0
1997.2027,0,0,0,0
1997.2055,0,0,0,0
1997.2082,0,0,0,0
1997.211,0,0,0,0
1997.2137,0,0,0,0
1997.2164,0,0,0,0
1997.2192,0,0,0,0
1997.2219,0,0,0,0
1997.2247,0,0,0,0
1997.2274,0,0,0,0
1997.2301,0,0,0,0
1997.2329,0,0,0,0
1997.2356,0,0,0,0
1997.2384,0,0,0,0
1997.2411,0,0,0,0
1997.2438,0,0,0,0
1997.2466,0,0,0,0
1997.2493,0,0,0,0
1997.2521,0,0,0,0
1997.2548,0,0,0,0
1997.2575,0,0,0,0
1997.2603,0,0,0,0
1997.263,0,0,0,0
1997.2658,0,0,0,0
1997.2685,0,0,0,0
1997.2712,0,0,0,0
1997.274,0,0,0,0
1997.2767,0,0,0,0
1997.2795,0,0,0,0
1997.2822,0,0,0,0
1997.2849,0,0,0,0
1997.2877,0,0,0,0
1997.2904,0,0,0,0
1997.2932,0,0,0,0
1997.2959,0,0,0,0
1997.2986,0,0,0,0
1997.3014,0,0,0,0
1997.3041,0,0,0,0
1997.3068,0,0,0,0
1997.3096,0,0,0,0
1997.3123,0,0,0,0
1997.3151,0,0,0,0
1997.3178,0,0,0,0
1997.3205,0,0,0,0
1997.3233,0,0,0,0
1997.326,0,0,0,0
1997.3288,0,0,0,0
1997.3315,0,0,0,0
1997.3342,0,0,0,0
1997.337,0,0,0,0
1997.3397,0,0,0,0
1997.3425,0,0,0,0
1997.3452,0,0,0,0
1997.3479,0,0,0,0
1997.3507,0,0,0,0
1997.3534,0,0,0,0
1997.3562,0,0,0,0
1997.3589,0,0,0,0
1997.3616,0,0,0,0
1997.3644,0,0,0,0
1997.3671,0,0,0,0
1997.3699,0,0,0,0
1997.3726,0,0,0,0
1997.3753,0,0,0,0
1997.3781,0,0,0,0
1997.3808,0,0,0,0
1997.3836,0,0,0,0
1997.3863,0,0,0,0
1997.389,0,0,0,0
1997.3918,0,0,0,0
1997.3945,0,0,0,0
1997.3973,0,0,0,0
1997.4,0,0,0,0
1997.4027,0,0,0,0
1997.4055,0,0,0,0
1997.4082,0,0,0,0
1997.411,0,0,0,0
1997.4137,0,0,0,0
1997.4164,0,0,0,0
1997.4192,0,0,0,0
1997.4219,0,0,0,0
1997.4247,0,0,0,0
1997.4274,0,0,0,0
1997.4301,0,0,0,0
1997.4329,0,0,0,0
1997.4356,0,0,0,0
1997.4384,0,0,0,0
1997.4411,0,0,0,0
1997.4438,0,0,0,0
1997.4466,0,0,0,0
1997.4493,0,0,0,0
1997.4521,0,0,0,0
1997.4548,0,0,0,0
1997.4575,0,0,0,0
1997.4603,0,0,0,0
1997.463,0,0,0,0
1997.4658,0,0,0,0
1997.4685,0,0,0,0
1997.4712,0,0,0,0
1997.474,0,0,0,0
1997.4767,0,0,0,0
1997.4795,0,0,0,0
1997.4822,0,0,0,0
1997.4849,0,0,0,0
1997.4877,0,0,0,0
1997.4904,0,0,0,0
1997.4932,0,0,0,0
1997.4959,0,0,0,0
1997.4986,0,0,0,0
1997.5014,0,0,0,0
1997.5041,0,0,0,0
1997.5068,0,0,0,0
1997.5096,0,0,0,0
1997.5123,0,0,0,0
1997.5151,0,0,0,0
1997.5178,0,0,0,0
1997.5205,0,0,0,0
1997.5233,0,0,0,0
1997.526,0,0,0,0
1997.5288,0,0,0,0
1997.5315,0,0,0,0
1997.5342,0,0,0,0
1997.537,0,0,0,0
1997.5397,0,0,0,0
1997.5425,0,0,0,0
1997.5452,0,0,0,0
1997.5479,0,0,0,0
1997.5507,0,0,0,0
1997.5534,0,0,0,0
1997.5562,0,0,0,0
1997.5589,0,0,0,0
1997.5616,0,0,0,0
1997.5644,0,0,0,0
1997.5671,0,0,0,0
1997.5699,0,0,0,0
1997.5726,0,0,0,0
1997.5753,0,0,0,0
1997.5781,0,0,0,0
1997.5808,0,0,0,0
1997.5836,0,0,0,0
1997.5863,0,0,0,0
1997.589,0,0,0,0
1997.5918,0,0,0,0
1997.5945,0,0,0,0
1997.5973,0,0,0,0
1997.6,0,0,0,0
1997.6027,0,0,0,0
1997.6055,0,0,0,0
1997.6082,0,0,0,0
1997.611,0,0,0,0
1997.6137,0,0,0,0
1997.6164,0,0,0,0
1997.6192,0,0,0,0
1997.6219,0,0,0,0
1997.6247,0,0,0,0
1997.6274,0,0,0,0
1997.6301,0,0,0,0
1997.6329,0,0,0,0
1997.6356,0,0,0,0
1997.6384,0,0,0,0
1997.6411,0,0,0,0
1997.6438,0,0,0,0
1997.6466,0,0,0,0
1997.6493,0,0,0,0
1997.6521,0,0,0,0
1997.6548,0,0,0,0
1997.6575,0,0,0,0
1997.6603,0,0,0,0
1997.663,0,0,0,0
1997.6658,0,0,0,0
1997.6685,0,0,0,0
1997.6712,0,0,0,0
1997.674,0,0,0,0
1997.6767,0,0,0,0
1997.6795,0,0,0,0
1997.6822,0,0,0,0
1997.6849,0,0,0,0
1997.6877,0,0,0,0
1997.6904,0,0,0,0
1997.6932,0,0,0,0
1997.6959,0,0,0,0
1997.6986,0,0,0,0
1997.7014,0,0,0,0
1997.7041,0,0,0,0
1997.7068,0,0,0,0
1997.7096,0,0,0,0
1997.7123,0,0,0,0
1997.7151,0,0,0,0
1997.7178,0,0,0,0
1997.7205,0,0,0,0
1997.7233,0,0,0,0
1997.726,0,0,0,0
1997.7288,0,0,0,0
1997.7315,0,0,0,0
1997.7342,0,0,0,0
1997.737,0,0,0,0
1997.7397,0,0,0,0
1997.7425,0,0,0,0
1997.7452,0,0,0,0
1997.7479,0,0,0,0
1997.7507,0,0,0,0
1997.7534,0,0,0,0
1997.7562,0,0,0,0
1997.7589,0,0,0,0
1997.7616,0,0,0,0
1997.7644,0,0,0,0
1997.7671,0,0,0,0
1997.7699,0,0,0,0
1997.7726,0,0,0,0
1997.7753,0,0,0,0
1997.7781,0,0,0,0
1997.7808,0,0,0,0
1997.7836,0,0,0,0
1997.7863,0,0,0,0
1997.789,0,0,0,0
1997.7918,0,0,0,0
1997.7945,0,0,0,0
1997.7973,0,0,0,0
1997.8,0,0,0,0
1997.8027,0,0,0,0
1997.8055,0,0,0,0
1997.8082,0,0,0,0
1997.811,0,0,0,0
1997.8137,0,0,0,0
1997.8164,0,0,0,0
1997.8192,0,0,0,0
1997.8219,0,0,0,0
1997.8247,0,0,0,0
1997.8274,0,0,0,0
1997.8301,0,0,0,0
1997.8329,0,0,0,0
1997.8356,0,0,0,0
1997.8384,0,0,0,0
1997.8411,0,0,0,0
1997.8438,0,0,0,0
1997.8466,0,0,0,0
1997.8493,0,0,0,0
1997.8521,0,0,0,0
1997.8548,0,0,0,0
1997.8575,0,0,0,0
1997.8603,0,0,0,0
1997.863,0,0,0,0
1997.8658,0,0,0,0
1997.8685,0,0,0,0
1997.8712,0,0,0,0
1997.874,0,0,0,0
1997.8767,0,0,0,0
1997.8795,0,0,0,0
1997.8822,0,0,0,0
1997.8849,0,0,0,0
1997.8877,0,0,0,0
1997.8904,0,0,0,0
1997.8932,0,0,0,0
1997.8959,0,0,0,0
1997.8986,0,0,0,0
1997.9014,0,0,0,0
1997.9041,0,0,0,0
1997.9068,0,0,0,0
1997.9096,0,0,0,0
1997.9123,0,0,0,0
1997.9151,0,0,0,0
1997.9178,0,0,0,0
1997.9205,0,0,0,0
1997.9233,0,0,0,0
1997.926,0,0,0,0
1997.9288,0,0,0,0
1997.9315,0,0,0,0
1997.9342,0,0,0,0
1997.937,0,0,0,0
1997.9397,0,0,0,0
1997.9425,0,0,0,0
1997.9452,0,0,0,0
1997.9479,0,0,0,0
1997.9507,0,0,0,0
1997.9534,0,0,0,0
1997.9562,0,0,0,0
1997.9589,0,0,0,0
1997.9616,0,0,0,0
1997.9644,0,0,0,0
1997.9671,0,0,0,0
1997.9699,0,0,0,0
1997.9726,0,0,0,0
1997.9753,0,0,0,0
1997.9781,0,0,0,0
1997.9808,0,0,0,0
1997.9836,0,0,0,0
1997.9863,0,0,0,0
1997.989,0,0,0,0
1997.9918,0,0,0,0
1997.9945,0,0,0,0
1997.9973,0,0,0,0
1998,0,0,0,0
1998.0027,0,0,0,0
1998.0055,0,0,0,0
1998.0082,0,0,0,0
1998.011,0,0,0,0
1998.0137,0,0,0,0
1998.0164,0,0,0,0
1998.0192,0,0,0,0
1998.0219,0,0,0,0
1998.0247,0,0,0,0
1998.0274,0,0,0,0
1998.0301,0,0,0,0
1998.0329,0,0,0,0
1998.0356,0,0,0,0
1998.0384,0,0,0,0
1998.0411,0,0,0,0
1998.0438,0,0,0,0
1998.0466,0,0,0,0
1998.0493,0,0,0,0
1998.0521,0,0,0,0
1998.0548,0,0,0,0
1998.0575,0,0,0,0
1998.0603,0,0,0,0
1998.063,0,0,0,0
1998.0658,0,0,0,0
1998.0685,0,0,0,0
1998.0712,0,0,0,0
1998.074,0,0,0,0
1998.0767,0,0,0,0
1998.0795,0,0,0,0
1998.0822,0,0,0,0
1998.0849,0,0,0,0
1998.0877,0,0,0,0
1998.0904,0,0,0,0
1998.0932,0,0,0,0
1998.0959,0,0,0,0
1998.0986,0,0,0,0
1998.1014,0,0,0,0
1998.1041,0,0,0,0
1998.1068,0,0,0,0
1998.1096,0,0,0,0
1998.1123,0,0,0,0
1998.1151,0,0,0,0
1998.1178,0,0,0,0
1998.1205,0,0,0,0
1998.1233,0,0,0,0
1998.126,0,0,0,0
1998.1288,0,0,0,0
1998.1315,0,0,0,0
1998.1342,0,0,0,0
1998.137,0,0,0,0
1998.1397,0,0,0,0
1998.1425,0,0,0,0
1998.1452,0,0,0,0
1998.1479,0,0,0,0
1998.1507,0,0,0,0
1998.1534,0,0,0,0
1998.1562,0,0,0,0
1998.1589,0,0,0,0
1998.1616,0,0,0,0
1998.1644,0,0,0,0
1998.1671,0,0,0,0
1998.1699,0,0,0,0
1998.1726,0,0,0,0
1998.1753,0,0,0,0
1998.1781,0,0,0,0
1998.1808,0,0,0,0
1998.1836,0,0,0,0
1998.1863,0,0,0,0
1998.189,0,0,0,0
1998.1918,0,0,0,0
1998.1945,0,0,0,0
1998.1973,0,0,0,0
1998.2,0,0,0,0
1998.2027,0,0,0,0
1998.2055,0,0,0,0
1998.2082,0,0,0,0
1998.211,0,0,0,0
1998.2137,0,0,0,0
1998.2164,0,0,0,0
1998.2192,0,0,0,0
1998.2219,0,0,0,0
1998.2247,0,0,0,0
1998.2274,0,0,0,0
1998.2301,0,0,0,0
1998.2329,0,0,0,0
1998.2356,0,0,0,0
1998.2384,0,0,0,0
1998.2411,0,0,0,0
1998.2438,0,0,0,0
1998.2466,0,0,0,0
1998.2493,0,0,0,0
1998.2521,0,0,0,0
1998.2548,0,0,0,0
1998.2575,0,0,0,0
1998.2603,0,0,0,0
1998.263,0,0,0,0
1998.2658,0,0,0,0
1998.2685,0,0,0,0
1998.2712,0,0,0,0
1998.274,0,0,0,0
1998.2767,0,0,0,0
1998.2795,0,0,0,0
1998.2822,0,0,0,0
1998.2849,0,0,0,0
1998.2877,0,0,0,0
1998.2904,0,0,0,0
1998.2932,0,0,0,0
1998.2959,0,0,0,0
1998.2986,0,0,0,0
1998.3014,0,0,0,0
1998.3041,0,0,0,0
1998.3068,0,0,0,0
1998.3096,0,0,0,0
1998.3123,0,0,0,0
1998.3151,0,0,0,0
1998.3178,0,0,0,0
1998.3205,0,0,0,0
1998.3233,0,0,0,0
1998.326,0,0,0,0
1998.3288,0,0,0,0
1998.3315,0,0,0,0
1998.3342,0,0,0,0
1998.337,0,0,0,0
1998.3397,0,0,0,0
1998.3425,0,0,0,0
1998.3452,0,0,0,0
1998.3479,0,0,0,0
1998.3507,0,0,0,0
1998.3534,0,0,0,0
1998.3562,0,0,0,0
1998.3589,0,0,0,0
1998.3616,0,0,0,0
1998.3644,0,0,0,0
1998.3671,0,0,0,0
1998.3699,0,0,0,0
1998.3726,0,0,0,0
1998.3753,0,0,0,0
1998.3781,0,0,0,0
1998.3808,0,0,0,0
1998.3836,0,0,0,0
1998.3863,0,0,0,0
1998.389,0,0,0,0
1998.3918,0,0,0,0
1998.3945,0,0,0,0
1998.3973,0,0,0,0
1998.4,0,0,0,0
1998.4027,0,0,0,0
1998.4055,0,0,0,0
1998.4082,0,0,0,0
1998.411,0,0,0,0
1998.4137,0,0,0,0
1998.4164,0,0,0,0
1998.4192,0,0,0,0
1998.4219,0,0,0,0
1998.4247,0,0,0,0
1998.4274,0,0,0,0
1998.4301,0,0,0,0
1998.4329,0,0,0,0
1998.4356,0,0,0,0
1998.4384,0,0,0,0
1998.4411,0,0,0,0
1998.4438,0,0,0,0
1998.4466,0,0,0,0
1998.4493,0,0,0,0
1998.4521,0,0,0,0
1998.4548,0,0,0,0
1998.4575,0,0,0,0
1998.4603,0,0,0,0
1998.463,0,0,0,0
1998.4658,0,0,0,0
1998.4685,0,0,0,0
1998.4712,0,0,0,0
1998.474,0,0,0,0
1998.4767,0,0,0,0
1998.4795,0,0,0,0
1998.4822,0,0,0,0
1998.4849,0,0,0,0
1998.4877,0,0,0,0
1998.4904,0,0,0,0
1998.4932,0,0,0,0
1998.4959,0,0,0,0
1998.4986,0,0,0,0
1998.5014,0,0,0,0
1998.5041,0,0,0,0
1998.5068,0,0,0,0
1998.5096,0,0,0,0
1998.5123,0,0,0,0
1998.5151,0,0,0,0
1998.5178,0,0,0,0
1998.5205,0,0,0,0
1998.5233,0,0,0,0
1998.526,0,0,0,0
1998.5288,0,0,0,0
1998.5315,0,0,0,0
1998.5342,0,0,0,0
1998.537,0,0,0,0
1998.5397,0,0,0,0
1998.5425,0,0,0,0
1998.5452,0,0,0,0
1998.5479,0,0,0,0
1998.5507,0,0,0,0
1998.5534,0,0,0,0
1998.5562,0,0,0,0
1998.5589,0,0,0,0
1998.5616,0,0,0,0
1998.5644,0,0,0,0
1998.5671,0,0,0,0
1998.5699,0,0,0,0
1998.5726,0,0,0,0
1998.5753,0,0,0,0
1998.5781,0,0,0,0
1998.5808,0,0,0,0
1998.5836,0,0,0,0
1998.5863,0,0,0,0
1998.589,0,0,0,0
1998.5918,0,0,0,0
1998.5945,0,0,0,0
1998.5973,0,0,0,0
1998.6,0,0,0,0
1998.6027,0,0,0,0
1998.6055,0,0,0,0
1998.6082,0,0,0,0
1998.611,0,0,0,0
1998.6137,0,0,0,0
1998.6164,0,0,0,0
1998.6192,0,0,0,0
1998.6219,0,0,0,0
1998.6247,0,0,0,0
1998.6274,0,0,0,0
1998.6301,0,0,0,0
1998.6329,0,0,0,0
1998.6356,0,0,0,0
1998.6384,0,0,0,0
1998.6411,0,0,0,0
1998.6438,0,0,0,0
1998.6466,0,0,0,0
1998.6493,0,0,0,0
1998.6521,0,0,0,0
1998.6548,0,0,0,0
1998.6575,0,0,0,0
1998.6603,0,0,0,0
1998.663,0,0,0,0
1998.6658,0,0,0,0
1998.6685,0,0,0,0
1998.6712,0,0,0,0
1998.674,0,0,0,0
1998.6767,0,0,0,0
1998.6795,0,0,0,0
1998.6822,0,0,0,0
1998.6849,0,0,0,0
1998.6877,0,0,0,0
1998.6904,0,0,0,0
1998.6932,0,0,0,0
1998.6959,0,0,0,0
1998.6986,0,0,0,0
1998.7014,0,0,0,0
1998.7041,0,0,0,0
1998.7068,0,0,0,0
1998.7096,0,0,0,0
1998.7123,0,0,0,0
1998.7151,0,0,0,0
1998.7178,0,0,0,0
1998.7205,0,0,0,0
1998.7233,0,0,0,0
1998.726,0,0,0,0
1998.7288,0,0,0,0
1998.7315,0,0,0,0
1998.7342,0,0,0,0
1998.737,0,0,0,0
1998.7397,0,0,0,0
1998.7425,0,0,0,0
1998.7452,0,0,0,0
1998.7479,0,0,0,0
1998.7507,0,0,0,0
1998.7534,0,0,0,0
1998.7562,0,0,0,0
1998.7589,0,0,0,0
1998.7616,0,0,0,0
1998.7644,0,0,0,0
1998.7671,0,0,0,0
1998.7699,0,0,0,0
1998.7726,0,0,0,0
1998.7753,0,0,0,0
1998.7781,0,0,0,0
1998.7808,0,0,0,0
1998.7836,0,0,0,0
1998.7863,0,0,0,0
1998.789,0,0,0,0
1998.7918,0,0,0,0
1998.7945,0,0,0,0
1998.7973,0,0,0,0
1998.8,0,0,0,0
1998.8027,0,0,0,0
1998.8055,0,0,0,0
1998.8082,0,0,0,0
1998.811,0,0,0,0
1998.8137,0,0,0,0
1998.8164,0,0,0,0
1998.8192,0,0,0,0
1998.8219,0,0,0,0
1998.8247,0,0,0,0
1998.8274,0,0,0,0
1998.8301,0,0,0,0
1998.8329,0,0,0,0
1998.8356,0,0,0,0
1998.8384,0,0,0,0
1998.8411,0,0,0,0
1998.8438,0,0,0,0
1998.8466,0,0,0,0
1998.8493,0,0,0,0
1998.8521,0,0,0,0
1998.8548,0,0,0,0
1998.8575,0,0,0,0
1998.8603,0,0,0,0
1998.863,0,0,0,0
1998.8658,0,0,0,0
1998.8685,0,0,0,0
1998.8712,0,0,0,0
1998.874,0,0,0,0
1998.8767,0,0,0,0
1998.8795,0,0,0,0
1998.8822,0,0,0,0
1998.8849,0,0,0,0
1998.8877,0,0,0,0
1998.8904,0,0,0,0
1998.8932,0,0,0,0
1998.8959,0,0,0,0
1998.8986,0,0,0,0
1998.9014,0,0,0,0
1998.9041,0,0,0,0
1998.9068,0,0,0,0
1998.9096,0,0,0,0
1998.9123,0,0,0,0
1998.9151,0,0,0,0
1998.9178,0,0,0,0
1998.9205,0,0,0,0
1998.9233,0,0,0,0
1998.926,0,0,0,0
1998.9288,0,0,0,0
1998.9315,0,0,0,0
1998.9342,0,0,0,0
1998.937,0,0,0,0
1998.9397,0,0,0,0
1998.9425,0,0,0,0
1998.9452,0,0,0,0
1998.9479,0,0,0,0
1998.9507,0,0,0,0
1998.9534,0,0,0,0
1998.9562,0,0,0,0
1998.9589,0,0,0,0
1998.9616,0,0,0,0
1998.9644,0,0,0,0
1998.9671,0,0,0,0
1998.9699,0,0,0,0
1998.9726,0,0,0,0
1998.9753,0,0,0,0
1998.9781,0,0,0,0
1998.9808,0,0,0,0
1998.9836,0,0,0,0
1998.9863,0,0,0,0
1998.989,0,0,0,0
1998.9918,0,0,0,0
1998.9945,0,0,0,0
1998.9973,0,0,0,0
1999,0,0,0,0
1999.0027,0,0,0,0
1999.0055,0,0,0,0
1999.0082,0,0,0,0
1999.011,0,0,0,0
1999.0137,0,0,0,0
1999.0164,0,0,0,0
1999.0192,0,0,0,0
1999.0219,0,0,0,0
1999.0247,0,0,0,0
1999.0274,0,0,0,0
1999.0301,0,0,0,0
1999.0329,0,0,0,0
1999.0356,0,0,0,0
1999.0384,0,0,0,0
1999.0411,0,0,0,0
1999.0438,0,0,0,0
1999.0466,0,0,0,0
1999.0493,0,0,0,0
1999.0521,0,0,0,0
1999.0548,0,0,0,0
1999.0575,0,0,0,0
1999.0603,0,0,0,0
1999.063,0,0,0,0
1999.0658,0,0,0,0
1999.0685,0,0,0,0
1999.0712,0,0,0,0
1999.074,0,0,0,0
1999.0767,0,0,0,0
1999.0795,0,0,0,0
1999.0822,0,0,0,0
1999.0849,0,0,0,0
1999.0877,0,0,0,0
1999.0904,0,0,0,0
1999.0932,0,0,0,0
1999.0959,0,0,0,0
1999.0986,0,0,0,0
1999.1014,0,0,0,0
1999.1041,0,0,0,0
1999.1068,0,0,0,0
1999.1096,0,0,0,0
1999.1123,0,0,0,0
1999.1151,0,0,0,0
1999.1178,0,0,0,0
1999.1205,0,0,0,0
1999.1233,0,0,0,0
1999.126,0,0,0,0
1999.1288,0,0,0,0
1999.1315,0,0,0,0
1999.1342,0,0,0,0
1999.137,0,0,0,0
1999.1397,0,0,0,0
1999.1425,0,0,0,0
1999.1452,0,0,0,0
1999.1479,0,0,0,0
1999.1507,0,0,0,0
1999.1534,0,0,0,0
1999.1562,0,0,0,0
1999.1589,0,0,0,0
1999.1616,0,0,0,0
1999.1644,0,0,0,0
1999.1671,0,0,0,0
1999.1699,0,0,0,0
1999.1726,0,0,0,0
1999.1753,0,0,0,0
1999.1781,0,0,0,0
1999.1808,0,0,0,0
1999.1836,0,0,0,0
1999.1863,0,0,0,0
1999.189,0,0,0,0
1999.1918,0,0,0,0
1999.1945,0,0,0,0
1999.1973,0,0,0,0
1999.2,0,0,0,0
1999.2027,0,0,0,0
1999.2055,0,0,0,0
1999.2082,0,0,0,0
1999.211,0,0,0,0
1999.2137,0,0,0,0
1999.2164,0,0,0,0
1999.2192,0,0,0,0
1999.2219,0,0,0,0
1999.2247,0,0,0,0
1999.2274,0,0,0,0
1999.2301,0,0,0,0
1999.2329,0,0,0,0
1999.2356,0,0,0,0
1999.2384,0,0,0,0
1999.2411,0,0,0,0
1999.2438,0,0,0,0
1999.2466,0,0,0,0
1999.2493,0,0,0,0
1999.2521,0,0,0,0
1999.2548,0,0,0,0
1999.2575,0,0,0,0
1999.2603,0,0,0,0
1999.263,0,0,0,0
1999.2658,0,0,0,0
1999.2685,0,0,0,0
1999.2712,0,0,0,0
1999.274,0,0,0,0
1999.2767,0,0,0,0
1999.2795,0,0,0,0
1999.2822,0,0,0,0
1999.2849,0,0,0,0
1999.2877,0,0,0,0
1999.2904,0,0,0,0
1999.2932,0,0,0,0
1999.2959,0,0,0,0
1999.2986,0,0,0,0
1999.3014,0,0,0,0
1999.3041,0,0,0,0
1999.3068,0,0,0,0
1999.3096,0,0,0,0
1999.3123,0,0,0,0
1999.3151,0,0,0,0
1999.3178,0,0,0,0
1999.3205,0,0,0,0
1999.3233,0,0,0,0
1999.326,0,0,0,0
1999.3288,0,0,0,0
1999.3315,0,0,0,0
1999.3342,0,0,0,0
1999.337,0,0,0,0
1999.3397,0,0,0,0
1999.3425,0,0,0,0
1999.3452,0,0,0,0
1999.3479,0,0,0,0
1999.3507,0,0,0,0
1999.3534,0,0,0,0
1999.3562,0,0,0,0
1999.3589,0,0,0,0
1999.3616,0,0,0,0
1999.3644,0,0,0,0
1999.3671,0,0,0,0
1999.3699,0,0,0,0
1999.3726,0,0,0,0
1999.3753,0,0,0,0
1999.3781,0,0,0,0
1999.3808,0,0,0,0
1999.3836,0,0,0,0
1999.3863,0,0,0,0
1999.389,0,0,0,0
1999.3918,0,0,0,0
1999.3945,0,0,0,0
1999.3973,0,0,0,0
1999.4,0,0,0,0
1999.4027,0,0,0,0
1999.4055,0,0,0,0
1999.4082,0,0,0,0
1999.411,0,0,0,0
1999.4137,0,0,0,0
1999.4164,0,0,0,0
1999.4192,0,0,0,0
1999.4219,0,0,0,0
1999.4247,0,0,0,0
1999.4274,0,0,0,0
1999.4301,0,0,0,0
1999.4329,0,0,0,0
1999.4356,0,0,0,0
1999.4384,0,0,0,0
1999.4411,0,0,0,0
1999.4438,1,0,0,0
1999.4466,0,0,0,0
1999.4493,0,0,0,0
1999.4521,0,0,0,0
1999.4548,0,0,0,0
1999.4575,0,0,0,0
1999.4603,0,0,0,0
1999.463,0,0,0,0
1999.4658,0,0,0,0
1999.4685,0,0,0,0
1999.4712,0,0,0,0
1999.474,0,0,0,0
1999.4767,0,0,0,0
1999.4795,0,0,0,0
1999.4822,0,0,0,0
1999.4849,0,0,0,0
1999.4877,0,0,0,0
1999.4904,0,0,0,0
1999.4932,0,0,0,0
1999.4959,0,0,0,0
1999.4986,0,0,0,0
1999.5014,0,0,0,0
1999.5041,0,0,0,0
1999.5068,0,0,0,0
1999.5096,0,0,0,0
1999.5123,0,0,0,0
1999.5151,0,0,0,0
1999.5178,0,0,0,0
1999.5205,0,0,0,0
1999.5233,0,0,0,0
1999.526,0,0,0,0
1999.5288,0,0,0,0
1999.5315,0,0,0,0
1999.5342,0,0,0,0
1999.537,0,0,0,0
1999.5397,0,0,0,0
1999.5425,0,0,0,0
1999.5452,0,0,0,0
1999.5479,0,0,0,0
1999.5507,0,0,0,0
1999.5534,0,0,0,0
1999.5562,0,0,0,0
1999.5589,0,0,0,0
1999.5616,0,0,0,0
1999.5644,0,0,0,0
1999.5671,0,0,0,0
1999.5699,0,0,0,0
1999.5726,0,0,0,0
1999.5753,0,0,0,0
1999.5781,0,0,0,0
1999.5808,0,0,0,0
1999.5836,0,0,0,0
1999.5863,0,0,0,0
1999.589,0,0,0,0
1999.5918,0,0,0,0
1999.5945,0,0,0,0
1999.5973,0,0,0,0
1999.6,0,0,0,0
1999.6027,0,0,0,0
1999.6055,0,0,0,0
1999.6082,0,0,0,0
1999.611,0,0,0,0
1999.6137,0,0,0,0
1999.6164,0,0,0,0
1999.6192,0,0,0,0
1999.6219,0,0,0,0
1999.6247,0,0,0,0
1999.6274,0,0,0,0
1999.6301,0,0,0,0
1999.6329,0,0,0,0
1999.6356,0,0,0,0
1999.6384,0,0,0,0
1999.6411,0,0,0,0
1999.6438,0,0,0,0
1999.6466,0,0,0,0
1999.6493,0,0,0,0
1999.6521,0,0,0,0
1999.6548,0,0,0,0
1999.6575,0,0,0,0
1999.6603,0,0,0,0
1999.663,0,0,0,0
1999.6658,0,0,0,0
1999.6685,0,0,0,0
1999.6712,0,0,0,0
1999.674,0,0,0,0
1999.6767,0,0,0,0
1999.6795,0,0,0,0
1999.6822,0,0,0,0
1999.6849,0,0,0,0
1999.6877,0,0,0,0
1999.6904,0,0,0,0
1999.6932,0,0,0,0
1999.6959,0,0,0,0
1999.6986,0,0,0,0
1999.7014,0,0,0,0
1999.7041,0,0,0,0
1999.7068,0,0,0,0
1999.7096,0,0,0,0
1999.7123,0,0,0,0
1999.7151,0,0,0,0
1999.7178,0,0,0,0
1999.7205,0,0,0,0
1999.7233,0,0,0,0
1999.726,0,0,0,0
1999.7288,0,0,0,0
1999.7315,0,0,0,0
1999.7342,0,0,0,0
1999.737,0,0,0,0
1999.7397,0,0,0,0
1999.7425,0,0,0,0
1999.7452,0,0,0,0
1999.7479,0,0,0,0
1999.7507,0,0,0,0
1999.7534,0,0,0,0
1999.7562,0,0,0,0
1999.7589,0,0,0,0
1999.7616,0,0,0,0
1999.7644,0,0,0,0
1999.7671,0,0,0,0
1999.7699,0,0,0,0
1999.7726,0,0,0,0
1999.7753,0,0,0,0
1999.7781,0,0,0,0
1999.7808,0,0,0,0
1999.7836,0,0,0,0
1999.7863,0,0,0,0
1999.789,0,0,0,0
1999.7918,0,0,0,0
1999.7945,0,0,0,0
1999.7973,0,0,0,0
1999.8,0,0,0,0
1999.8027,0,0,0,0
1999.8055,0,0,0,0
1999.8082,0,0,0,0
1999.811,0,0,0,0
1999.8137,0,0,0,0
1999.8164,0,0,0,0
1999.8192,0,0,0,0
1999.8219,0,0,0,0
1999.8247,0,0,0,0
1999.8274,0,0,0,0
1999.8301,0,0,0,0
1999.8329,0,0,0,0
1999.8356,0,0,0,0
1999.8384,0,0,0,0
1999.8411,0,0,0,0
1999.8438,0,0,0,0
1999.8466,0,0,0,0
1999.8493,0,0,0,0
1999.8521,0,0,0,0
1999.8548,0,0,0,0
1999.8575,0,0,0,0
1999.8603,0,0,0,0
1999.863,0,0,0,0
1999.8658,0,0,0,0
1999.8685,0,0,0,0
1999.8712,0,0,0,0
1999.874,0,0,0,0
1999.8767,0,0,0,0
1999.8795,0,0,0,0
1999.8822,0,0,0,0
1999.8849,0,0,0,0
1999.8877,0,0,0,0
1999.8904,0,0,0,0
1999.8932,0,0,0,0
1999.8959,0,0,0,0
1999.8986,0,0,0,0
1999.9014,0,0,0,0
1999.9041,0,0,0,0
1999.9068,0,0,0,0
1999.9096,0,0,0,0
1999.9123,0,0,0,0
1999.9151,0,0,0,0
1999.9178,0,0,0,0
1999.9205,0,0,0,0
1999.9233,0,0,0,0
1999.926,0,0,0,0
1999.9288,0,0,0,0
1999.9315,0,0,0,0
1999.9342,0,0,0,0
1999.937,0,0,0,0
1999.9397,0,0,0,0
1999.9425,0,0,0,0
1999.9452,0,0,0,0
1999.9479,0,0,0,0
1999.9507,0,0,0,0
1999.9534,0,0,0,0
1999.9562,0,0,0,0
1999.9589,0,0,0,0
1999.9616,0,0,0,0
1999.9644,0,0,0,0
1999.9671,0,0,0,0
1999.9699,0,0,0,0
1999.9726,0,0,0,0
1999.9753,0,0,0,0
1999.9781,0,0,0,0
1999.9808,0,0,0,0
1999.9836,0,0,0,0
1999.9863,0,0,0,0
1999.989,0,0,0,0
1999.9918,0,0,0,0
1999.9945,0,0,0,0
1999.9973,0,0,0,0
2000,0,0,0,0
2000.0027,0,0,0,0
2000.0055,0,0,0,0
2000.0082,0,0,0,0
2000.011,0,0,0,0
2000.0137,0,0,0,0
2000.0164,0,0,0,0
2000.0192,0,0,0,0
2000.0219,0,0,0,0
2000.0247,0,0,0,0
2000.0274,0,0,0,0
2000.0301,0,0,0,0
2000.0329,0,0,0,0
2000.0356,0,0,0,0
2000.0384,0,0,0,0
2000.0411,0,0,0,0
2000.0438,0,0,0,0
2000.0466,0,0,0,0
2000.0493,0,0,0,0
2000.0521,0,0,0,0
2000.0548,0,0,0,0
2000.0575,0,0,0,0
2000.0603,0,0,0,0
2000.063,0,0,0,0
2000.0658,0,0,0,0
2000.0685,0,0,0,0
2000.0712,0,0,0,0
2000.074,0,0,0,0
2000.0767,0,0,0,0
2000.0795,0,0,0,0
2000.0822,0,0,0,0
2000.0849,0,0,0,0
2000.0877,0,0,0,0
2000.0904,0,0,0,0
2000.0932,0,0,0,0
2000.0959,0,0,0,0
2000.0986,0,0,0,0
2000.1014,0,0,0,0
2000.1041,0,0,0,0
2000.1068,0,0,0,0
2000.1096,0,0,0,0
2000.1123,0,0,0,0
2000.1151,0,0,0,0
2000.1178,0,0,0,0
2000.1205,0,0,0,0
2000.1233,0,0,0,0
2000.126,0,0,0,0
2000.1288,0,0,0,0
2000.1315,0,0,0,0
2000.1342,0,0,0,0
2000.137,0,0,0,0
2000.1397,0,0,0,0
2000.1425,0,0,0,0
2000.1452,0,0,0,0
2000.1479,0,0,0,0
2000.1507,0,0,0,0
2000.1534,0,0,0,0
2000.1562,0,0,0,0
2000.1589,0,0,0,0
2000.1616,0,0,0,0
2000.1644,0,0,0,0
2000.1671,0,0,0,0
2000.1699,0,0,0,0
2000.1726,0,0,0,0
2000.1753,0,0,0,0
2000.1781,0,0,0,0
2000.1808,0,0,0,0
2000.1836,0,0,0,0
2000.1863,0,0,0,0
2000.189,0,0,0,0
2000.1918,0,0,0,0
2000.1945,0,0,0,0
2000.1973,0,0,0,0
2000.2,0,0,0,0
2000.2027,0,0,0,0
2000.2055,0,0,0,0
2000.2082,0,0,0,0
2000.211,0,0,0,0
2000.2137,0,0,0,0
2000.2164,0,0,0,0
2000.2192,0,0,0,0
2000.2219,0,0,0,0
2000.2247,0,0,0,0
2000.2274,0,0,0,0
2000.2301,0,0,0,0
2000.2329,0,0,0,0
2000.2356,0,0,0,0
2000.2384,0,0,0,0
2000.2411,0,0,0,0
2000.2438,0,0,0,0
2000.2466,0,0,0,0
2000.2493,0,0,0,0
2000.2521,0,0,0,0
2000.2548,0,0,0,0
2000.2575,0,0,0,0
2000.2603,0,0,0,0
2000.263,0,0,0,0
2000.2658,0,0,0,0
2000.2685,0,0,0,0
2000.2712,0,0,0,0
2000.274,0,0,0,0
2000.2767,0,0,0,0
2000.2795,0,0,0,0
2000.2822,0,0,0,0
2000.2849,0,0,0,0
2000.2877,0,0,0,0
2000.2904,0,0,0,0
2000.2932,0,0,0,0
2000.2959,0,0,0,0
2000.2986,0,0,0,0
2000.3014,0,0,0,0
2000.3041,0,0,0,0
2000.3068,0,0,0,0
2000.3096,0,0,0,0
2000.3123,0,0,0,0
2000.3151,0,0,0,0
2000.3178,0,0,0,0
2000.3205,0,0,0,0
2000.3233,0,0,0,0
2000.326,0,0,0,0
2000.3288,0,0,0,0
2000.3315,0,0,0,0
2000.3342,0,0,0,0
2000.337,0,0,0,0
2000.3397,0,0,0,0
2000.3425,0,0,0,0
2000.3452,0,0,0,0
2000.3479,0,0,0,0
2000.3507,0,0,0,0
2000.3534,0,0,0,0
2000.3562,0,0,0,0
2000.3589,0,0,0,0
2000.3616,0,0,0,0
2000.3644,0,0,0,0
2000.3671,0,0,0,0
2000.3699,0,0,0,0
2000.3726,0,0,0,0
2000.3753,0,0,0,0
2000.3781,0,0,0,0
2000.3808,0,0,0,0
2000.3836,0,0,0,0
2000.3863,0,0,0,0
2000.389,0,0,0,0
2000.3918,0,0,0,0
2000.3945,0,0,0,0
2000.3973,0,0,0,0
2000.4,0,0,0,0
2000.4027,0,0,0,0
2000.4055,0,0,0,0
2000.4082,0,0,0,0
2000.411,0,0,0,0
2000.4137,0,0,0,0
2000.4164,0,0,0,0
2000.4192,0,0,0,0
2000.4219,0,0,0,0
2000.4247,0,0,0,0
2000.4274,0,0,0,0
2000.4301,0,0,0,0
2000.4329,0,0,0,0
2000.4356,0,0,0,0
2000.4384,0,0,0,0
2000.4411,0,0,0,0
2000.4438,0,0,0,0
2000.4466,0,0,0,0
2000.4493,0,0,0,0
2000.4521,0,0,0,0
2000.4548,0,0,0,0
2000.4575,0,0,0,0
2000.4603,0,0,0,0
2000.463,0,0,0,0
2000.4658,0,0,0,0
2000.4685,0,0,0,0
2000.4712,0,0,0,0
2000.474,0,0,0,0
2000.4767,0,0,0,0
2000.4795,0,0,0,0
2000.4822,0,0,0,0
2000.4849,0,0,0,0
2000.4877,0,0,0,0
2000.4904,0,0,0,0
2000.4932,0,0,0,0
2000.4959,0,0,0,0
2000.4986,0,0,0,0
2000.5014,0,0,0,0
2000.5041,0,0,0,0
2000.5068,0,0,0,0
2000.5096,0,0,0,0
2000.5123,0,0,0,0
2000.5151,0,0,0,0
2000.5178,0,0,0,0
2000.5205,0,0,0,0
2000.5233,0,0,0,0
2000.526,0,0,0,0
2000.5288,0,0,0,0
2000.5315,0,0,0,0
2000.5342,0,0,0,0
2000.537,0,0,0,0
2000.5397,0,0,0,0
2000.5425,0,0,0,0
2000.5452,0,0,0,0
2000.5479,0,0,0,0
2000.5507,0,0,0,0
2000.5534,0,0,0,0
2000.5562,0,0,0,0
2000.5589,0,0,0,0
2000.5616,0,0,0,0
2000.5644,0,0,0,0
2000.5671,0,0,0,0
2000.5699,0,0,0,0
2000.5726,0,0,0,0
2000.5753,0,0,0,0
2000.5781,0,0,0,0
2000.5808,0,0,0,0
2000.5836,0,0,0,0
2000.5863,0,0,0,0
2000.589,0,0,0,0
2000.5918,0,0,0,0
2000.5945,0,0,0,0
2000.5973,0,0,0,0
2000.6,0,0,0,0
2000.6027,0,0,0,0
2000.6055,0,0,0,0
2000.6082,0,0,0,0
2000.611,0,0,0,0
2000.6137,0,0,0,0
2000.6164,0,0,0,0
2000.6192,0,0,0,0
2000.6219,0,0,0,0
2000.6247,0,0,0,0
2000.6274,0,0,0,0
2000.6301,0,0,0,0
2000.6329,0,0,0,0
2000.6356,0,0,0,0
2000.6384,0,0,0,0
2000.6411,0,0,0,0
2000.6438,0,0,0,0
2000.6466,0,0,0,0
2000.6493,0,0,0,0
2000.6521,0,0,0,0
2000.6548,0,0,0,0
2000.6575,0,0,0,0
2000.6603,0,0,0,0
2000.663,0,0,0,0
2000.6658,0,0,0,0
2000.6685,0,0,0,0
2000.6712,0,0,0,0
2000.674,0,0,0,0
2000.6767,0,0,0,0
2000.6795,0,0,0,0
2000.6822,0,0,0,0
2000.6849,0,0,0,0
2000.6877,0,0,0,0
2000.6904,0,0,0,0
2000.6932,0,0,0,0
2000.6959,0,0,0,0
2000.6986,0,0,0,0
2000.7014,0,0,0,0
2000.7041,0,0,0,0
2000.7068,0,0,0,0
2000.7096,0,0,0,0
2000.7123,0,0,0,0
2000.7151,0,0,0,0
2000.7178,0,0,0,0
2000.7205,0,0,0,0
2000.7233,0,0,0,0
2000.726,0,0,0,0
2000.7288,0,0,0,0
2000.7315,0,0,0,0
2000.7342,0,0,0,0
2000.737,0,0,0,0
2000.7397,0,0,0,0
2000.7425,0,0,0,0
2000.7452,0,0,0,0
2000.7479,0,0,0,0
2000.7507,0,0,0,0
2000.7534,0,0,0,0
2000.7562,0,0,0,0
2000.7589,0,0,0,0
2000.7616,0,0,0,0
2000.7644,0,0,0,0
2000.7671,0,0,0,0
2000.7699,0,0,0,0
2000.7726,0,0,0,0
2000.7753,0,0,0,0
2000.7781,0,0,0,0
2000.7808,0,0,0,0
2000.7836,0,0,0,0
2000.7863,0,0,0,0
2000.789,0,0,0,0
2000.7918,0,0,0,0
2000.7945,0,0,0,0
2000.7973,0,0,0,0
2000.8,0,0,0,0
2000.8027,0,0,0,0
2000.8055,0,0,0,0
2000.8082,0,0,0,0
2000.811,0,0,0,0
2000.8137,0,0,0,0
2000.8164,0,0,0,0
2000.8192,0,0,0,0
2000.8219,0,0,0,0
2000.8247,0,0,0,0
2000.8274,0,0,0,0
2000.8301,0,0,0,0
2000.8329,0,0,0,0
2000.8356,0,0,0,0
2000.8384,0,0,0,0
2000.8411,0,0,0,0
2000.8438,0,0,0,0
2000.8466,0,0,0,0
2000.8493,0,0,0,0
2000.8521,0,0,0,0
2000.8548,0,0,0,0
2000.8575,0,0,0,0
2000.8603,0,0,0,0
2000.863,0,0,0,0
2000.8658,0,0,0,0
2000.8685,0,0,0,0
2000.8712,0,0,0,0
2000.874,0,0,0,0
2000.8767,0,0,0,0
2000.8795,0,0,0,0
2000.8822,0,0,0,0
2000.8849,0,0,0,0
2000.8877,0,0,0,0
2000.8904,0,0,0,0
2000.8932,0,0,0,0
2000.8959,0,0,0,0
2000.8986,0,0,0,0
2000.9014,0,0,0,0
2000.9041,0,0,0,0
2000.9068,0,0,0,0
2000.9096,0,0,0,0
2000.9123,0,0,0,0
2000.9151,0,0,0,0
2000.9178,0,0,0,0
2000.9205,0,0,0,0
2000.9233,0,0,0,0
2000.926,0,0,0,0
2000.9288,0,0,0,0
2000.9315,0,0,0,0
2000.9342,0,0,0,0
2000.937,0,0,0,0
2000.9397,0,0,0,0
2000.9425,0,0,0,0
2000.9452,0,0,0,0
2000.9479,0,0,0,0
2000.9507,0,0,0,0
2000.9534,0,0,0,0
2000.9562,0,0,0,0
2000.9589,0,0,0,0
2000.9616,0,0,0,0
2000.9644,0,0,0,0
2000.9671,0,0,0,0
2000.9699,0,0,0,0
2000.9726,0,0,0,0
2000.9753,0,0,0,0
2000.9781,0,0,0,0
2000.9808,0,0,0,0
2000.9836,0,0,0,0
2000.9863,0,0,0,0
2000.989,0,0,0,0
2000.9918,0,0,0,0
2000.9945,0,0,0,0
2000.9973,0,0,0,0
2001,0,0,0,0
2001,0,0,0,0
2001.0027,0,0,0,0
2001.0055,0,0,0,0
2001.0082,0,0,0,0
2001.011,0,0,0,0
2001.0137,0,0,0,0
2001.0164,0,0,0,0
2001.0192,0,0,0,0
2001.0219,0,0,0,0
2001.0247,0,0,0,0
2001.0274,0,0,0,0
2001.0301,0,0,0,0
2001.0329,0,0,0,0
2001.0356,0,0,0,0
2001.0384,0,0,0,0
2001.0411,0,0,0,0
2001.0438,0,0,0,0
2001.0466,0,0,0,0
2001.0493,0,0,0,0
2001.0521,0,0,0,0
2001.0548,0,0,0,0
2001.0575,0,0,0,0
2001.0603,0,0,0,0
2001.063,0,0,0,0
2001.0658,0,0,0,0
2001.0685,0,0,0,0
2001.0712,0,0,0,0
2001.074,0,0,0,0
2001.0767,0,0,0,0
2001.0795,0,0,0,0
2001.0822,0,0,0,0
2001.0849,0,0,0,0
2001.0877,0,0,0,0
2001.0904,0,0,0,0
2001.0932,0,0,0,0
2001.0959,0,0,0,0
2001.0986,0,0,0,0
2001.1014,0,0,0,0
2001.1041,0,0,0,0
2001.1068,0,0,0,0
2001.1096,0,0,0,0
2001.1123,0,0,0,0
2001.1151,0,0,0,0
2001.1178,0,0,0,0
2001.1205,0,0,0,0
2001.1233,0,0,0,0
2001.126,0,0,0,0
2001.1288,0,0,0,0
2001.1315,0,0,0,0
2001.1342,0,0,0,0
2001.137,0,0,0,0
2001.1397,0,0,0,0
2001.1425,0,0,0,0
2001.1452,0,0,0,0
2001.1479,0,0,0,0
2001.1507,0,0,0,0
2001.1534,0,0,0,0
2001.1562,0,0,0,0
2001.1589,0,0,0,0
2001.1616,0,0,0,0
2001.1644,0,0,0,0
2001.1671,0,0,0,0
2001.1699,0,0,0,0
2001.1726,0,0,0,0
2001.1753,0,0,0,0
2001.1781,0,0,0,0
2001.1808,0,0,0,0
2001.1836,0,0,0,0
2001.1863,0,0,0,0
2001.189,0,0,0,0
2001.1918,0,0,0,0
2001.1945,0,0,0,0
2001.1973,0,0,0,0
2001.2,0,0,0,0
2001.2027,0,0,0,0
2001.2055,0,0,0,0
2001.2082,0,0,0,0
2001.211,0,0,0,0
2001.2137,0,0,0,0
2001.2164,0,0,0,0
2001.2192,0,0,0,0
2001.2219,0,0,0,0
2001.2247,0,0,0,0
2001.2274,0,0,0,0
2001.2301,0,0,0,0
2001.2329,0,0,0,0
2001.2356,0,0,0,0
2001.2384,0,0,0,0
2001.2411,0,0,0,0
2001.2438,0,0,0,0
2001.2466,0,0,0,0
2001.2493,0,0,0,0
2001.2521,0,0,0,0
2001.2548,0,0,0,0
2001.2575,0,0,0,0
2001.2603,0,0,0,0
2001.263,0,0,0,0
2001.2658,0,0,0,0
2001.2685,0,0,0,0
2001.2712,0,0,0,0
2001.274,0,0,0,0
2001.2767,0,0,0,0
2001.2795,0,0,0,0
2001.2822,0,0,0,0
2001.2849,0,0,0,0
2001.2877,0,0,0,0
2001.2904,0,0,0,0
2001.2932,0,0,0,0
2001.2959,0,0,0,0
2001.2986,0,0,0,0
2001.3014,0,0,0,0
2001.3041,0,0,0,0
2001.3068,0,0,0,0
2001.3096,0,0,0,0
2001.3123,0,0,0,0
2001.3151,0,0,0,0
2001.3178,0,0,0,0
2001.3205,0,0,0,0
2001.3233,0,0,0,0
2001.326,0,0,0,0
2001.3288,0,0,0,0
2001.3315,0,0,0,0
2001.3342,0,0,0,0
2001.337,0,0,0,0
2001.3397,0,0,0,0
2001.3425,0,0,0,0
2001.3452,0,0,0,0
2001.3479,0,0,0,0
2001.3507,0,0,0,0
2001.3534,0,0,0,0
2001.3562,0,0,0,0
2001.3589,0,0,0,0
2001.3616,0,0,0,0
2001.3644,0,0,0,0
2001.3671,0,0,0,0
2001.3699,0,0,0,0
2001.3726,0,0,0,0
2001.3753,0,0,0,0
2001.3781,0,0,0,0
2001.3808,0,0,0,0
2001.3836,0,0,0,0
2001.3863,0,0,0,0
2001.389,0,0,0,0
2001.3918,0,0,0,0
2001.3945,0,0,0,0
2001.3973,0,0,0,0
2001.4,0,0,0,0
2001.4027,0,0,0,0
2001.4055,0,0,0,0
2001.4082,0,0,0,0
2001.411,0,0,0,0
2001.4137,0,0,0,0
2001.4164,0,0,0,0
2001.4192,0,0,0,0
2001.4219,0,0,0,0
2001.4247,0,0,0,0
2001.4274,0,0,0,0
2001.4301,0,0,0,0
2001.4329,0,0,0,0
2001.4356,0,0,0,0
2001.4384,0,0,0,0
2001.4411,0,0,0,0
2001.4438,0,0,0,0
2001.4466,0,0,0,0
2001.4493,0,0,0,0
2001.4521,0,0,0,0
2001.4548,0,0,0,0
2001.4575,0,0,0,0
2001.4603,0,0,0,0
2001.463,0,0,0,0
2001.4658,0,0,0,0
2001.4685,0,0,0,0
2001.4712,0,0,0,0
2001.474,0,0,0,0
2001.4767,0,0,0,0
2001.4795,0,0,0,0
2001.4822,0,0,0,0
2001.4849,0,0,0,0
2001.4877,0,0,0,0
2001.4904,0,0,0,0
2001.4932,0,0,0,0
2001.4959,0,0,0,0
2001.4986,0,0,0,0
2001.5014,0,0,0,0
2001.5041,0,0,0,0
2001.5068,0,0,0,0
2001.5096,0,0,0,0
2001.5123,0,0,0,0
2001.5151,0,0,0,0
2001.5178,0,0,0,0
2001.5205,0,0,0,0
2001.5233,0,0,0,0
2001.526,0,0,0,0
2001.5288,0,0,0,0
2001.5315,0,0,0,0
2001.5342,0,0,0,0
2001.537,0,0,0,0
2001.5397,0,0,0,0
2001.5425,0,0,0,0
2001.5452,0,0,0,0
2001.5479,0,0,0,0
2001.5507,0,0,0,0
2001.5534,0,0,0,0
2001.5562,0,0,0,0
2001.5589,0,0,0,0
2001.5616,0,0,0,0
2001.5644,0,0,0,0
2001.5671,0,0,0,0
2001.5699,0,0,0,0
2001.5726,0,0,0,0
2001.5753,0,0,0,0
2001.5781,0,0,0,0
2001.5808,0,0,0,0
2001.5836,0,0,0,0
2001.5863,0,0,0,0
2001.589,0,0,0,0
2001.5918,0,0,0,0
2001.5945,0,0,0,0
2001.5973,0,0,0,0
2001.6,0,0,0,0
2001.6027,0,0,0,0
2001.6055,0,0,0,0
2001.6082,0,0,0,0
2001.611,0,0,0,0
2001.6137,0,0,0,0
2001.6164,0,0,0,0
2001.6192,0,0,0,0
2001.6219,0,0,0,0
2001.6247,0,0,0,0
2001.6274,0,0,0,0
2001.6301,0,0,0,0
2001.6329,0,0,0,0
2001.6356,0,0,0,0
2001.6384,0,0,0,0
2001.6411,0,0,0,0
2001.6438,0,0,0,0
2001.6466,0,0,0,0
2001.6493,0,0,0,0
2001.6521,0,0,0,0
2001.6548,0,0,0,0
2001.6575,0,0,0,0
2001.6603,0,0,0,0
2001.663,0,0,0,0
2001.6658,0,0,0,0
2001.6685,0,0,0,0
2001.6712,0,0,0,0
2001.674,0,0,0,0
2001.6767,0,0,0,0
2001.6795,0,0,0,0
2001.6822,0,0,0,0
2001.6849,0,0,0,0
2001.6877,0,0,0,0
2001.6904,0,0,0,0
2001.6932,0,0,0,0
2001.6959,0,0,0,0
2001.6986,0,0,0,0
2001.7014,0,0,0,0
2001.7041,0,0,0,0
2001.7068,0,0,0,0
2001.7096,0,0,0,0
2001.7123,0,0,0,0
2001.7151,0,0,0,0
2001.7178,0,0,0,0
2001.7205,0,0,0,0
2001.7233,0,0,0,0
2001.726,0,0,0,0
2001.7288,0,0,0,0
2001.7315,0,0,0,0
2001.7342,0,0,0,0
2001.737,0,0,0,0
2001.7397,0,0,0,0
2001.7425,0,0,0,0
2001.7452,0,0,0,0
2001.7479,0,0,0,0
2001.7507,0,0,0,0
2001.7534,0,0,0,0
2001.7562,0,0,0,0
2001.7589,0,0,0,0
2001.7616,0,0,0,0
2001.7644,0,0,0,0
2001.7671,0,0,0,0
2001.7699,0,0,0,0
2001.7726,0,0,0,0
2001.7753,0,0,0,0
2001.7781,0,0,0,0
2001.7808,0,0,0,0
2001.7836,0,0,0,0
2001.7863,0,0,0,0
2001.789,0,0,0,0
2001.7918,0,0,0,0
2001.7945,0,0,0,0
2001.7973,0,0,0,0
2001.8,0,0,0,0
2001.8027,0,0,0,0
2001.8055,0,0,0,0
2001.8082,0,0,0,0
2001.811,0,0,0,0
2001.8137,0,0,0,0
2001.8164,0,0,0,0
2001.8192,0,0,0,0
2001.8219,0,0,0,0
2001.8247,0,0,0,0
2001.8274,0,0,0,0
2001.8301,0,0,0,0
2001.8329,0,0,0,0
2001.8356,0,0,0,0
2001.8384,0,0,0,0
2001.8411,0,0,0,0
2001.8438,0,0,0,0
2001.8466,0,0,0,0
2001.8493,0,0,0,0
2001.8521,0,0,0,0
2001.8548,0,0,0,0
2001.8575,0,0,0,0
2001.8603,0,0,0,0
2001.863,0,0,0,0
2001.8658,0,0,0,0
2001.8685,0,0,0,0
2001.8712,0,0,0,0
2001.874,0,0,0,0
2001.8767,0,0,0,0
2001.8795,0,0,0,0
2001.8822,0,0,0,0
2001.8849,0,0,0,0
2001.8877,0,0,0,0
2001.8904,0,0,0,0
2001.8932,0,0,0,0
2001.8959,0,0,0,0
2001.8986,0,0,0,0
2001.9014,0,0,0,0
2001.9041,0,0,0,0
2001.9068,0,0,0,0
2001.9096,0,0,0,0
2001.9123,0,0,0,0
2001.9151,0,0,0,0
2001.9178,0,0,0,0
2001.9205,0,0,0,0
2001.9233,0,0,0,0
2001.926,0,0,0,0
2001.9288,0,0,0,0
2001.9315,0,0,0,0
2001.9342,0,0,0,0
2001.937,0,0,0,0
2001.9397,0,0,0,0
2001.9425,0,0,0,0
2001.9452,0,0,0,0
2001.9479,0,0,0,0
2001.9507,0,0,0,0
2001.9534,0,0,0,0
2001.9562,0,0,0,0
2001.9589,0,0,0,0
2001.9616,0,0,0,0
2001.9644,0,0,0,0
2001.9671,0,0,0,0
2001.9699,0,0,0,0
2001.9726,0,0,0,0
2001.9753,0,0,0,0
2001.9781,0,0,0,0
2001.9808,0,0,0,0
2001.9836,0,0,0,0
2001.9863,0,0,0,0
2001.989,0,0,0,0
2001.9918,0,0,0,0
2001.9945,0,0,0,0
2001.9973,0,0,0,0
2002,0,0,0,0
2002.0027,0,0,0,0
2002.0055,0,0,0,0
2002.0082,0,0,0,0
2002.011,0,0,0,0
2002.0137,0,0,0,0
2002.0164,0,0,0,0
2002.0192,0,0,0,0
2002.0219,0,0,0,0
2002.0247,0,0,0,0
2002.0274,0,0,0,0
2002.0301,0,0,0,0
2002.0329,0,0,0,0
2002.0356,0,0,0,0
2002.0384,0,0,0,0
2002.0411,0,0,0,0
2002.0438,0,0,0,0
2002.0466,0,0,0,0
2002.0493,0,0,0,0
2002.0521,0,0,0,0
2002.0548,0,0,0,0
2002.0575,0,0,0,0
2002.0603,0,0,0,0
2002.063,0,0,0,0
2002.0658,0,0,0,0
2002.0685,0,0,0,0
2002.0712,0,0,0,0
2002.074,0,0,0,0
2002.0767,0,0,0,0
2002.0795,0,0,0,0
2002.0822,0,0,0,0
2002.0849,0,0,0,0
2002.0877,0,0,0,0
2002.0904,0,0,0,0
2002.0932,0,0,0,0
2002.0959,0,0,0,0
2002.0986,0,0,0,0
2002.1014,0,0,0,0
2002.1041,0,0,0,0
2002.1068,0,0,0,0
2002.1096,0,0,0,0
2002.1123,0,0,0,0
2002.1151,0,0,0,0
2002.1178,0,0,0,0
2002.1205,0,0,0,0
2002.1233,0,0,0,0
2002.126,0,0,0,0
2002.1288,0,0,0,0
2002.1315,0,0,0,0
2002.1342,0,0,0,0
2002.137,0,0,0,0
2002.1397,0,0,0,0
2002.1425,0,0,0,0
2002.1452,0,0,0,0
2002.1479,0,0,0,0
2002.1507,0,0,0,0
2002.1534,0,0,0,0
2002.1562,0,0,0,0
2002.1589,0,0,0,0
2002.1616,0,0,0,0
2002.1644,0,0,0,0
2002.1671,0,0,0,0
2002.1699,0,0,0,0
2002.1726,0,0,0,0
2002.1753,0,0,0,0
2002.1781,0,0,0,0
2002.1808,0,0,0,0
2002.1836,0,0,0,0
2002.1863,0,0,0,0
2002.189,0,0,0,0
2002.1918,0,0,0,0
2002.1945,0,0,0,0
2002.1973,0,0,0,0
2002.2,0,0,0,0
2002.2027,0,0,0,0
2002.2055,0,0,0,0
2002.2082,0,0,0,0
2002.211,0,0,0,0
2002.2137,0,0,0,0
2002.2164,0,0,0,0
2002.2192,0,0,0,0
2002.2219,0,0,0,0
2002.2247,0,0,0,0
2002.2274,0,0,0,0
2002.2301,0,0,0,0
2002.2329,0,0,0,0
2002.2356,0,0,0,0
2002.2384,0,0,0,0
2002.2411,0,0,0,0
2002.2438,0,0,0,0
2002.2466,0,0,0,0
2002.2493,0,0,0,0
2002.2521,0,0,0,0
2002.2548,0,0,0,0
2002.2575,0,0,0,0
2002.2603,0,0,0,0
2002.263,0,0,0,0
2002.2658,0,0,0,0
2002.2685,0,0,0,0
2002.2712,0,0,0,0
2002.274,0,0,0,0
2002.2767,0,0,0,0
2002.2795,0,0,0,0
2002.2822,0,0,0,0
2002.2849,0,0,0,0
2002.2877,0,0,0,0
2002.2904,0,0,0,0
2002.2932,0,0,0,0
2002.2959,0,0,0,0
2002.2986,0,0,0,0
2002.3014,0,0,0,0
2002.3041,0,0,0,0
2002.3068,0,0,0,0
2002.3096,0,0,0,0
2002.3123,0,0,0,0
2002.3151,0,0,0,0
2002.3178,0,0,0,0
2002.3205,0,0,0,0
2002.3233,0,0,0,0
2002.326,0,0,0,0
2002.3288,0,0,0,0
2002.3315,0,0,0,0
2002.3342,0,0,0,0
2002.337,0,0,0,0
2002.3397,0,0,0,0
2002.3425,0,0,0,0
2002.3452,0,0,0,0
2002.3479,0,0,0,0
2002.3507,0,0,0,0
2002.3534,0,0,0,0
2002.3562,0,0,0,0
2002.3589,0,0,0,0
2002.3616,0,0,0,0
2002.3644,0,0,0,0
2002.3671,0,0,0,0
2002.3699,0,0,0,0
2002.3726,0,0,0,0
2002.3753,0,0,0,0
2002.3781,0,0,0,0
2002.3808,0,0,0,0
2002.3836,0,0,0,0
2002.3863,0,0,0,0
2002.389,0,0,0,0
2002.3918,0,0,0,0
2002.3945,0,0,0,0
2002.3973,0,0,0,0
2002.4,0,0,0,0
2002.4027,0,0,0,0
2002.4055,0,0,0,0
2002.4082,0,0,0,0
2002.411,0,0,0,0
2002.4137,0,0,0,0
2002.4164,0,0,0,0
2002.4192,0,0,0,0
2002.4219,0,0,0,0
2002.4247,0,0,0,0
2002.4274,0,0,0,0
2002.4301,0,0,0,0
2002.4329,0,0,0,0
2002.4356,0,0,0,0
2002.4384,0,0,0,0
2002.4411,0,0,0,0
2002.4438,0,0,0,0
2002.4466,0,0,0,0
2002.4493,0,0,0,0
2002.4521,0,0,0,0
2002.4548,0,0,0,0
2002.4575,0,0,0,0
2002.4603,0,0,0,0
2002.463,0,0,0,0
2002.4658,0,0,0,0
2002.4685,0,0,0,0
2002.4712,0,0,0,0
2002.474,0,0,0,0
2002.4767,0,0,0,0
2002.4795,0,0,0,0
2002.4822,0,0,0,0
2002.4849,0,0,0,0
2002.4877,0,0,0,0
2002.4904,0,0,0,0
2002.4932,0,0,0,0
2002.4959,0,0,0,0
2002.4986,0,0,0,0
2002.5014,0,0,0,0
2002.5041,0,0,0,0
2002.5068,0,0,0,0
2002.5096,0,0,0,0
2002.5123,0,0,0,0
2002.5151,0,0,0,0
2002.5178,0,0,0,0
2002.5205,0,0,0,0
2002.5233,0,0,0,0
2002.526,0,0,0,0
2002.5288,0,0,0,0
2002.5315,0,0,0,0
2002.5342,0,0,0,0
2002.537,0,0,0,0
2002.5397,0,0,0,0
2002.5425,0,0,0,0
2002.5452,0,0,0,0
2002.5479,0,0,0,0
2002.5507,0,0,0,0
2002.5534,0,0,0,0
2002.5562,0,0,0,0
2002.5589,0,0,0,0
2002.5616,0,0,0,0
2002.5644,0,0,0,0
2002.5671,0,0,0,0
2002.5699,0,0,0,0
2002.5726,0,0,0,0
2002.5753,0,0,0,0
2002.5781,0,0,0,0
2002.5808,0,0,0,0
2002.5836,0,0,0,0
2002.5863,0,0,0,0
2002.589,0,0,0,0
2002.5918,0,0,0,0
2002.5945,0,0,0,0
2002.5973,0,0,0,0
2002.6,0,0,0,0
2002.6027,0,0,0,0
2002.6055,0,0,0,0
2002.6082,0,0,0,0
2002.611,0,0,0,0
2002.6137,0,0,0,0
2002.6164,0,0,0,0
2002.6192,0,0,0,0
2002.6219,0,0,0,0
2002.6247,0,0,0,0
2002.6274,0,0,0,0
2002.6301,0,0,0,0
2002.6329,0,0,0,0
2002.6356,0,0,0,0
2002.6384,0,0,0,0
2002.6411,0,0,0,0
2002.6438,0,0,0,0
2002.6466,0,0,0,0
2002.6493,0,0,0,0
2002.6521,0,0,0,0
2002.6548,0,0,0,0
2002.6575,0,0,0,0
2002.6603,0,0,0,0
2002.663,0,0,0,0
2002.6658,0,0,0,0
2002.6685,0,0,0,0
2002.6712,0,0,0,0
2002.674,0,0,0,0
2002.6767,0,0,0,0
2002.6795,0,0,0,0
2002.6822,0,0,0,0
2002.6849,0,0,0,0
2002.6877,0,0,0,0
2002.6904,0,0,0,0
2002.6932,0,0,0,0
2002.6959,0,0,0,0
2002.6986,0,0,0,0
2002.7014,0,0,0,0
2002.7041,0,0,0,0
2002.7068,0,0,0,0
2002.7096,0,0,0,0
2002.7123,0,0,0,0
2002.7151,0,0,0,0
2002.7178,0,0,0,0
2002.7205,0,0,0,0
2002.7233,0,0,0,0
2002.726,0,0,0,0
2002.7288,0,0,0,0
2002.7315,0,0,0,0
2002.7342,0,0,0,0
2002.737,0,0,0,0
2002.7397,0,0,0,0
2002.7425,0,0,0,0
2002.7452,0,0,0,0
2002.7479,0,0,0,0
2002.7507,0,0,0,0
2002.7534,0,0,0,0
2002.7562,0,0,0,0
2002.7589,0,0,0,0
2002.7616,0,0,0,0
2002.7644,0,0,0,0
2002.7671,0,0,0,0
2002.7699,0,0,0,0
2002.7726,0,0,0,0
2002.7753,0,0,0,0
2002.7781,0,0,0,0
2002.7808,0,0,0,0
2002.7836,0,0,0,0
2002.7863,0,0,0,0
2002.789,0,0,0,0
2002.7918,0,0,0,0
2002.7945,0,0,0,0
2002.7973,0,0,0,0
2002.8,0,0,0,0
2002.8027,0,0,0,0
2002.8055,0,0,0,0
2002.8082,0,0,0,0
2002.811,0,0,0,0
2002.8137,0,0,0,0
2002.8164,0,0,0,0
2002.8192,0,0,0,0
2002.8219,0,0,0,0
2002.8247,0,0,0,0
2002.8274,0,0,0,0
2002.8301,0,0,0,0
2002.8329,0,0,0,0
2002.8356,0,0,0,0
2002.8384,0,0,0,0
2002.8411,0,0,0,0
2002.8438,0,0,0,0
2002.8466,0,0,0,0
2002.8493,0,0,0,0
2002.8521,0,0,0,0
2002.8548,0,0,0,0
2002.8575,0,0,0,0
2002.8603,0,0,0,0
2002.863,0,0,0,0
2002.8658,0,0,0,0
2002.8685,0,0,0,0
2002.8712,0,0,0,0
2002.874,0,0,0,0
2002.8767,0,0,0,0
2002.8795,0,0,0,0
2002.8822,0,0,0,0
2002.8849,0,0,0,0
2002.8877,0,0,0,0
2002.8904,0,0,0,0
2002.8932,0,0,0,0
2002.8959,0,0,0,0
2002.8986,0,0,0,0
2002.9014,0,0,0,0
2002.9041,0,0,0,0
2002.9068,0,0,0,0
2002.9096,0,0,0,0
2002.9123,0,0,0,0
2002.9151,0,0,0,0
2002.9178,0,0,0,0
2002.9205,0,0,0,0
2002.9233,0,0,0,0
2002.926,0,0,0,0
2002.9288,0,0,0,0
2002.9315,0,0,0,0
2002.9342,0,0,0,0
2002.937,0,0,0,0
2002.9397,0,0,0,0
2002.9425,0,0,0,0
2002.9452,0,0,0,0
2002.9479,0,0,0,0
2002.9507,0,0,0,0
2002.9534,0,0,0,0
2002.9562,0,0,0,0
2002.9589,0,0,0,0
2002.9616,0,0,0,0
2002.9644,0,0,0,0
2002.9671,0,0,0,0
2002.9699,0,0,0,0
2002.9726,0,0,0,0
2002.9753,0,0,0,0
2002.9781,0,0,0,0
2002.9808,0,0,0,0
2002.9836,0,0,0,0
2002.9863,0,0,0,0
2002.989,0,0,0,0
2002.9918,0,0,0,0
2002.9945,0,0,0,0
2002.9973,0,0,0,0
2003,0,0,0,0
2003.0027,0,0,0,0
2003.0055,0,0,0,0
2003.0082,0,0,0,0
2003.011,0,0,0,0
2003.0137,0,0,0,0
2003.0164,0,0,0,0
2003.0192,0,0,0,0
2003.0219,0,0,0,0
2003.0247,0,0,0,0
2003.0274,0,0,0,0
2003.0301,0,0,0,0
2003.0329,0,0,0,0
2003.0356,0,0,0,0
2003.0384,0,0,0,0
2003.0411,0,0,0,0
2003.0438,0,0,0,0
2003.0466,0,0,0,0
2003.0493,0,0,0,0
2003.0521,0,0,0,0
2003.0548,0,0,0,0
2003.0575,0,0,0,0
2003.0603,0,0,0,0
2003.063,0,0,0,0
2003.0658,0,0,0,0
2003.0685,0,0,0,0
2003.0712,0,0,0,0
2003.074,0,0,0,0
2003.0767,0,0,0,0
2003.0795,0,0,0,0
2003.0822,0,0,0,0
2003.0849,0,0,0,0
2003.0877,0,0,0,0
2003.0904,0,0,0,0
2003.0932,0,0,0,0
2003.0959,0,0,0,0
2003.0986,0,0,0,0
2003.1014,0,0,0,0
2003.1041,0,0,0,0
2003.1068,0,0,0,0
2003.1096,0,0,0,0
2003.1123,0,0,0,0
2003.1151,0,0,0,0
2003.1178,0,0,0,0
2003.1205,0,0,0,0
2003.1233,0,0,0,0
2003.126,0,0,0,0
2003.1288,0,0,0,0
2003.1315,0,0,0,0
2003.1342,0,0,0,0
2003.137,0,0,0,0
2003.1397,0,0,0,0
2003.1425,0,0,0,0
2003.1452,0,0,0,0
2003.1479,0,0,0,0
2003.1507,0,0,0,0
2003.1534,0,0,0,0
2003.1562,0,0,0,0
2003.1589,0,0,0,0
2003.1616,0,0,0,0
2003.1644,0,0,0,0
2003.1671,0,0,0,0
2003.1699,0,0,0,0
2003.1726,0,0,0,0
2003.1753,0,0,0,0
2003.1781,0,0,0,0
2003.1808,0,0,0,0
2003.1836,0,0,0,0
2003.1863,0,0,0,0
2003.189,0,0,0,0
2003.1918,0,0,0,0
2003.1945,0,0,0,0
2003.1973,0,0,0,0
2003.2,0,0,0,0
2003.2027,0,0,0,0
2003.2055,0,0,0,0
2003.2082,0,0,0,0
2003.211,0,0,0,0
2003.2137,0,0,0,0
2003.2164,0,0,0,0
2003.2192,0,0,0,0
2003.2219,0,0,0,0
2003.2247,0,0,0,0
2003.2274,0,0,0,0
2003.2301,0,0,0,0
2003.2329,0,0,0,0
2003.2356,0,0,0,0
2003.2384,0,0,0,0
2003.2411,0,0,0,0
2003.2438,0,0,0,0
2003.2466,0,0,0,0
2003.2493,0,0,0,0
2003.2521,0,0,0,0
2003.2548,0,0,0,0
2003.2575,0,0,0,0
2003.2603,0,0,0,0
2003.263,0,0,0,0
2003.2658,0,0,0,0
2003.2685,0,0,0,0
2003.2712,0,0,0,0
2003.274,0,0,0,0
2003.2767,0,0,0,0
2003.2795,0,0,0,0
2003.2822,0,0,0,0
2003.2849,0,0,0,0
2003.2877,0,0,0,0
2003.2904,0,0,0,0
2003.2932,0,0,0,0
2003.2959,0,0,0,0
2003.2986,0,0,0,0
2003.3014,0,0,0,0
2003.3041,0,0,0,0
2003.3068,0,0,0,0
2003.3096,0,0,0,0
2003.3123,0,0,0,0
2003.3151,0,0,0,0
2003.3178,0,0,0,0
2003.3205,0,0,0,0
2003.3233,0,0,0,0
2003.326,0,0,0,0
2003.3288,0,0,0,0
2003.3315,0,0,0,0
2003.3342,0,0,0,0
2003.337,0,0,0,0
2003.3397,0,0,0,0
2003.3425,0,0,0,0
2003.3452,0,0,0,0
2003.3479,0,0,0,0
2003.3507,0,0,0,0
2003.3534,0,0,0,0
2003.3562,0,0,0,0
2003.3589,0,0,0,0
2003.3616,0,0,0,0
2003.3644,0,0,0,0
2003.3671,0,0,0,0
2003.3699,0,0,0,0
2003.3726,0,0,0,0
2003.3753,0,0,0,0
2003.3781,0,0,0,0
2003.3808,0,0,0,0
2003.3836,0,0,0,0
2003.3863,0,0,0,0
2003.389,0,0,0,0
2003.3918,0,0,0,0
2003.3945,0,0,0,0
2003.3973,0,0,0,0
2003.4,0,0,0,0
2003.4027,0,0,0,0
2003.4055,0,0,0,0
2003.4082,0,0,0,0
2003.411,0,0,0,0
2003.4137,0,0,0,0
2003.4164,0,0,0,0
2003.4192,0,0,0,0
2003.4219,0,0,0,0
2003.4247,0,0,0,0
2003.4274,0,0,0,0
2003.4301,0,0,0,0
2003.4329,0,0,0,0
2003.4356,0,0,0,0
2003.4384,0,0,0,0
2003.4411,0,0,0,0
2003.4438,0,0,0,0
2003.4466,0,0,0,0
2003.4493,0,0,0,0
2003.4521,0,0,0,0
2003.4548,0,0,0,0
2003.4575,0,0,0,0
2003.4603,0,0,0,0
2003.463,0,0,0,0
2003.4658,0,0,0,0
2003.4685,0,0,0,0
2003.4712,0,0,0,0
2003.474,0,0,0,0
2003.4767,0,0,0,0
2003.4795,1,0,0,0
2003.4822,0,0,0,0
2003.4849,0,0,0,0
2003.4877,0,0,0,0
2003.4904,0,0,0,0
2003.4932,0,0,0,0
2003.4959,0,0,0,0
2003.4986,0,0,0,0
2003.5014,0,0,0,0
2003.5041,0,0,0,0
2003.5068,0,0,0,0
2003.5096,0,0,0,0
2003.5123,0,0,0,0
2003.5151,0,0,0,0
2003.5178,0,0,0,0
2003.5205,0,0,0,0
2003.5233,0,0,0,0
2003.526,0,0,0,0
2003.5288,0,0,0,0
2003.5315,0,0,0,0
2003.5342,0,0,0,0
2003.537,0,0,0,0
2003.5397,0,0,0,0
2003.5425,0,0,0,0
2003.5452,0,0,0,0
2003.5479,0,0,0,0
2003.5507,0,0,0,0
2003.5534,0,0,0,0
2003.5562,0,0,0,0
2003.5589,0,0,0,0
2003.5616,0,0,0,0
2003.5644,0,0,0,0
2003.5671,0,0,0,0
2003.5699,0,0,0,0
2003.5726,0,0,0,0
2003.5753,0,0,0,0
2003.5781,0,0,0,0
2003.5808,0,0,0,0
2003.5836,0,0,0,0
2003.5863,0,0,0,0
2003.589,0,0,0,0
2003.5918,0,0,0,0
2003.5945,0,0,0,0
2003.5973,0,0,0,0
2003.6,0,0,0,0
2003.6027,0,0,0,0
2003.6055,0,0,0,0
2003.6082,0,0,0,0
2003.611,0,0,0,0
2003.6137,0,0,0,0
2003.6164,0,0,0,0
2003.6192,0,0,0,0
2003.6219,0,0,0,0
2003.6247,0,0,0,0
2003.6274,0,0,0,0
2003.6301,0,0,0,0
2003.6329,0,0,0,0
2003.6356,0,0,0,0
2003.6384,0,0,0,0
2003.6411,0,0,0,0
2003.6438,0,0,0,0
2003.6466,0,0,0,0
2003.6493,0,0,0,0
2003.6521,0,0,0,0
2003.6548,0,0,0,0
2003.6575,0,0,0,0
2003.6603,0,0,0,0
2003.663,0,0,0,0
2003.6658,0,0,0,0
2003.6685,0,0,0,0
2003.6712,0,0,0,0
2003.674,0,0,0,0
2003.6767,0,0,0,0
2003.6795,0,0,0,0
2003.6822,0,0,0,0
2003.6849,0,0,0,0
2003.6877,0,0,0,0
2003.6904,0,0,0,0
2003.6932,0,0,0,0
2003.6959,0,0,0,0
2003.6986,0,0,0,0
2003.7014,0,0,0,0
2003.7041,0,0,0,0
2003.7068,0,0,0,0
2003.7096,0,0,0,0
2003.7123,0,0,0,0
2003.7151,0,0,0,0
2003.7178,0,0,0,0
2003.7205,0,0,0,0
2003.7233,0,0,0,0
2003.726,0,0,0,0
2003.7288,0,0,0,0
2003.7315,0,0,0,0
2003.7342,0,0,0,0
2003.737,0,0,0,0
2003.7397,0,0,0,0
2003.7425,0,0,0,0
2003.7452,0,0,0,0
2003.7479,0,0,0,0
2003.7507,0,0,0,0
2003.7534,0,0,0,0
2003.7562,0,0,0,0
2003.7589,0,0,0,0
2003.7616,0,0,0,0
2003.7644,0,0,0,0
2003.7671,0,0,0,0
2003.7699,0,0,0,0
2003.7726,0,0,0,0
2003.7753,0,0,0,0
2003.7781,0,0,0,0
2003.7808,0,0,0,0
2003.7836,0,0,0,0
2003.7863,0,0,0,0
2003.789,0,0,0,0
2003.7918,0,0,0,0
2003.7945,0,0,0,0
2003.7973,0,0,0,0
2003.8,0,0,0,0
2003.8027,0,0,0,0
2003.8055,0,0,0,0
2003.8082,0,0,0,0
2003.811,0,0,0,0
2003.8137,0,0,0,0
2003.8164,0,0,0,0
2003.8192,0,0,0,0
2003.8219,0,0,0,0
2003.8247,0,0,0,0
2003.8274,0,0,0,0
2003.8301,0,0,0,0
2003.8329,0,0,0,0
2003.8356,0,0,0,0
2003.8384,0,0,0,0
2003.8411,0,0,0,0
2003.8438,0,0,0,0
2003.8466,0,0,0,0
2003.8493,0,0,0,0
2003.8521,0,0,0,0
2003.8548,0,0,0,0
2003.8575,0,0,0,0
2003.8603,0,0,0,0
2003.863,0,0,0,0
2003.8658,0,0,0,0
2003.8685,0,0,0,0
2003.8712,0,0,0,0
2003.874,0,0,0,0
2003.8767,0,0,0,0
2003.8795,0,0,0,0
2003.8822,0,0,0,0
2003.8849,0,0,0,0
2003.8877,0,0,0,0
2003.8904,0,0,0,0
2003.8932,0,0,0,0
2003.8959,0,0,0,0
2003.8986,0,0,0,0
2003.9014,0,0,0,0
2003.9041,0,0,0,0
2003.9068,0,0,0,0
2003.9096,0,0,0,0
2003.9123,0,0,0,0
2003.9151,0,0,0,0
2003.9178,0,0,0,0
2003.9205,0,0,0,0
2003.9233,0,0,0,0
2003.926,0,0,0,0
2003.9288,0,0,0,0
2003.9315,0,0,0,0
2003.9342,0,0,0,0
2003.937,0,0,0,0
2003.9397,0,0,0,0
2003.9425,0,0,0,0
2003.9452,0,0,0,0
2003.9479,0,0,0,0
2003.9507,0,0,0,0
2003.9534,0,0,0,0
2003.9562,0,0,0,0
2003.9589,0,0,0,0
2003.9616,0,0,0,0
2003.9644,0,0,0,0
2003.9671,0,0,0,0
2003.9699,0,0,0,0
2003.9726,0,0,0,0
2003.9753,0,0,0,0
2003.9781,0,0,0,0
2003.9808,0,0,0,0
2003.9836,0,0,0,0
2003.9863,0,0,0,0
2003.989,0,0,0,0
2003.9918,0,0,0,0
2003.9945,0,0,0,0
2003.9973,0,0,0,0
2004,0,0,0,0
2004.0027,0,0,0,0
2004.0055,0,0,0,0
2004.0082,0,0,0,0
2004.011,0,0,0,0
2004.0137,0,0,0,0
2004.0164,0,0,0,0
2004.0192,0,0,0,0
2004.0219,0,0,0,0
2004.0247,0,0,0,0
2004.0274,0,0,0,0
2004.0301,0,0,0,0
2004.0329,0,0,0,0
2004.0356,0,0,0,0
2004.0384,0,0,0,0
2004.0411,0,0,0,0
2004.0438,0,0,0,0
2004.0466,0,0,0,0
2004.0493,0,0,0,0
2004.0521,0,0,0,0
2004.0548,0,0,0,0
2004.0575,0,0,0,0
2004.0603,0,0,0,0
2004.063,0,0,0,0
2004.0658,0,0,0,0
2004.0685,0,0,0,0
2004.0712,0,0,0,0
2004.074,0,0,0,0
2004.0767,0,0,0,0
2004.0795,0,0,0,0
2004.0822,0,0,0,0
2004.0849,0,0,0,0
2004.0877,0,0,0,0
2004.0904,0,0,0,0
2004.0932,0,0,0,0
2004.0959,0,0,0,0
2004.0986,0,0,0,0
2004.1014,0,0,0,0
2004.1041,0,0,0,0
2004.1068,0,0,0,0
2004.1096,0,0,0,0
2004.1123,0,0,0,0
2004.1151,0,0,0,0
2004.1178,0,0,0,0
2004.1205,0,0,0,0
2004.1233,0,0,0,0
2004.126,0,0,0,0
2004.1288,0,0,0,0
2004.1315,0,0,0,0
2004.1342,0,0,0,0
2004.137,0,0,0,0
2004.1397,0,0,0,0
2004.1425,0,0,0,0
2004.1452,0,0,0,0
2004.1479,0,0,0,0
2004.1507,0,0,0,0
2004.1534,0,0,0,0
2004.1562,0,0,0,0
2004.1589,0,0,0,0
2004.1616,0,0,0,0
2004.1644,0,0,0,0
2004.1671,0,0,0,0
2004.1699,0,0,0,0
2004.1726,0,0,0,0
2004.1753,0,0,0,0
2004.1781,0,0,0,0
2004.1808,0,0,0,0
2004.1836,0,0,0,0
2004.1863,0,0,0,0
2004.189,0,0,0,0
2004.1918,0,0,0,0
2004.1945,0,0,0,0
2004.1973,0,0,0,0
2004.2,0,0,0,0
2004.2027,0,0,0,0
2004.2055,0,0,0,0
2004.2082,0,0,0,0
2004.211,0,0,0,0
2004.2137,0,0,0,0
2004.2164,0,0,0,0
2004.2192,0,0,0,0
2004.2219,0,0,0,0
2004.2247,0,0,0,0
2004.2274,0,0,0,0
2004.2301,0,0,0,0
2004.2329,0,0,0,0
2004.2356,0,0,0,0
2004.2384,0,0,0,0
2004.2411,0,0,0,0
2004.2438,0,0,0,0
2004.2466,0,0,0,0
2004.2493,0,0,0,0
2004.2521,0,0,0,0
2004.2548,0,0,0,0
2004.2575,0,0,0,0
2004.2603,0,0,0,0
2004.263,0,0,0,0
2004.2658,0,0,0,0
2004.2685,0,0,0,0
2004.2712,0,0,0,0
2004.274,0,0,0,0
2004.2767,0,0,0,0
2004.2795,0,0,0,0
2004.2822,0,0,0,0
2004.2849,0,0,0,0
2004.2877,0,0,0,0
2004.2904,0,0,0,0
2004.2932,0,0,0,0
2004.2959,0,0,0,0
2004.2986,0,0,0,0
2004.3014,0,0,0,0
2004.3041,0,0,0,0
2004.3068,0,0,0,0
2004.3096,0,0,0,0
2004.3123,0,0,0,0
2004.3151,0,0,0,0
2004.3178,0,0,0,0
2004.3205,0,0,0,0
2004.3233,0,0,0,0
2004.326,0,0,0,0
2004.3288,0,0,0,0
2004.3315,0,0,0,0
2004.3342,0,0,0,0
2004.337,0,0,0,0
2004.3397,0,0,0,0
2004.3425,0,0,0,0
2004.3452,0,0,0,0
2004.3479,0,0,0,0
2004.3507,0,0,0,0
2004.3534,0,0,0,0
2004.3562,0,0,0,0
2004.3589,0,0,0,0
2004.3616,0,0,0,0
2004.3644,0,0,0,0
2004.3671,0,0,0,0
2004.3699,0,0,0,0
2004.3726,0,0,0,0
2004.3753,0,0,0,0
2004.3781,0,0,0,0
2004.3808,0,0,0,0
2004.3836,0,0,0,0
2004.3863,0,0,0,0
2004.389,0,0,0,0
2004.3918,0,0,0,0
2004.3945,0,0,0,0
2004.3973,0,0,0,0
2004.4,0,0,0,0
2004.4027,0,0,0,0
2004.4055,0,0,0,0
2004.4082,0,0,0,0
2004.411,0,0,0,0
2004.4137,0,0,0,0
2004.4164,0,0,0,0
2004.4192,0,0,0,0
2004.4219,0,0,0,0
2004.4247,0,0,0,0
2004.4274,0,0,0,0
2004.4301,0,0,0,0
2004.4329,0,0,0,0
2004.4356,0,0,0,0
2004.4384,0,0,0,0
2004.4411,0,0,0,0
2004.4438,0,0,0,0
2004.4466,0,0,0,0
2004.4493,0,0,0,0
2004.4521,0,0,0,0
2004.4548,0,0,0,0
2004.4575,0,0,0,0
2004.4603,0,0,0,0
2004.463,0,0,0,0
2004.4658,0,0,0,0
2004.4685,0,0,0,0
2004.4712,0,0,0,0
2004.474,0,0,0,0
2004.4767,0,0,0,0
2004.4795,0,0,0,0
2004.4822,0,0,0,0
2004.4849,0,0,0,0
2004.4877,0,0,0,0
2004.4904,0,0,0,0
2004.4932,0,0,0,0
2004.4959,0,0,0,0
2004.4986,0,0,0,0
2004.5014,0,0,0,0
2004.5041,0,0,0,0
2004.5068,0,0,0,0
2004.5096,0,0,0,0
2004.5123,0,0,0,0
2004.5151,0,0,0,0
2004.5178,0,0,0,0
2004.5205,0,0,0,0
2004.5233,0,0,0,0
2004.526,0,0,0,0
2004.5288,0,0,0,0
2004.5315,0,0,0,0
2004.5342,0,0,0,0
2004.537,0,0,0,0
2004.5397,0,0,0,0
2004.5425,0,0,0,0
2004.5452,0,0,0,0
2004.5479,0,0,0,0
2004.5507,0,0,0,0
2004.5534,0,0,0,0
2004.5562,0,0,0,0
2004.5589,0,0,0,0
2004.5616,0,0,0,0
2004.5644,0,0,0,0
2004.5671,0,0,0,0
2004.5699,0,0,0,0
2004.5726,0,0,0,0
2004.5753,0,0,0,0
2004.5781,0,0,0,0
2004.5808,0,0,0,0
2004.5836,0,0,0,0
2004.5863,0,0,0,0
2004.589,0,0,0,0
2004.5918,0,0,0,0
2004.5945,0,0,0,0
2004.5973,0,0,0,0
2004.6,0,0,0,0
2004.6027,0,0,0,0
2004.6055,0,0,0,0
2004.6082,0,0,0,0
2004.611,0,0,0,0
2004.6137,0,0,0,0
2004.6164,0,0,0,0
2004.6192,0,0,0,0
2004.6219,0,0,0,0
2004.6247,0,0,0,0
2004.6274,0,0,0,0
2004.6301,0,0,0,0
2004.6329,0,0,0,0
2004.6356,0,0,0,0
2004.6384,0,0,0,0
2004.6411,0,0,0,0
2004.6438,0,0,0,0
2004.6466,0,0,0,0
2004.6493,0,0,0,0
2004.6521,0,0,0,0
2004.6548,0,0,0,0
2004.6575,0,0,0,0
2004.6603,0,0,0,0
2004.663,0,0,0,0
2004.6658,0,0,0,0
2004.6685,0,0,0,0
2004.6712,0,0,0,0
2004.674,0,0,0,0
2004.6767,0,0,0,0
2004.6795,0,0,0,0
2004.6822,0,0,0,0
2004.6849,0,0,0,0
2004.6877,0,0,0,0
2004.6904,0,0,0,0
2004.6932,0,0,0,0
2004.6959,0,0,0,0
2004.6986,0,0,0,0
2004.7014,0,0,0,0
2004.7041,0,0,0,0
2004.7068,0,0,0,0
2004.7096,0,0,0,0
2004.7123,0,0,0,0
2004.7151,0,0,0,0
2004.7178,0,0,0,0
2004.7205,0,0,0,0
2004.7233,0,0,0,0
2004.726,0,0,0,0
2004.7288,0,0,0,0
2004.7315,0,0,0,0
2004.7342,0,0,0,0
2004.737,0,0,0,0
2004.7397,0,0,0,0
2004.7425,0,0,0,0
2004.7452,0,0,0,0
2004.7479,0,0,0,0
2004.7507,0,0,0,0
2004.7534,0,0,0,0
2004.7562,0,0,0,0
2004.7589,0,0,0,0
2004.7616,0,0,0,0
2004.7644,0,0,0,0
2004.7671,0,0,0,0
2004.7699,0,0,0,0
2004.7726,0,0,0,0
2004.7753,0,0,0,0
2004.7781,0,0,0,0
2004.7808,0,0,0,0
2004.7836,0,0,0,0
2004.7863,0,0,0,0
2004.789,0,0,0,0
2004.7918,0,0,0,0
2004.7945,0,0,0,0
2004.7973,0,0,0,0
2004.8,0,0,0,0
2004.8027,0,0,0,0
2004.8055,0,0,0,0
2004.8082,0,0,0,0
2004.811,0,0,0,0
2004.8137,0,0,0,0
2004.8164,0,0,0,0
2004.8192,0,0,0,0
2004.8219,0,0,0,0
2004.8247,0,0,0,0
2004.8274,0,0,0,0
2004.8301,0,0,0,0
2004.8329,0,0,0,0
2004.8356,0,0,0,0
2004.8384,0,0,0,0
2004.8411,0,0,0,0
2004.8438,0,0,0,0
2004.8466,0,0,0,0
2004.8493,0,0,0,0
2004.8521,0,0,0,0
2004.8548,0,0,0,0
2004.8575,0,0,0,0
2004.8603,0,0,0,0
2004.863,0,0,0,0
2004.8658,0,0,0,0
2004.8685,0,0,0,0
2004.8712,0,0,0,0
2004.874,0,0,0,0
2004.8767,0,0,0,0
2004.8795,0,0,0,0
2004.8822,0,0,0,0
2004.8849,0,0,0,0
2004.8877,0,0,0,0
2004.8904,0,0,0,0
2004.8932,0,0,0,0
2004.8959,0,0,0,0
2004.8986,0,0,0,0
2004.9014,0,0,0,0
2004.9041,0,0,0,0
2004.9068,0,0,0,0
2004.9096,0,0,0,0
2004.9123,0,0,0,0
2004.9151,0,0,0,0
2004.9178,0,0,0,0
2004.9205,0,0,0,0
2004.9233,0,0,0,0
2004.926,0,0,0,0
2004.9288,0,0,0,0
2004.9315,0,0,0,0
2004.9342,0,0,0,0
2004.937,0,0,0,0
2004.9397,0,0,0,0
2004.9425,0,0,0,0
2004.9452,0,0,0,0
2004.9479,0,0,0,0
2004.9507,0,0,0,0
2004.9534,0,0,0,0
2004.9562,0,0,0,0
2004.9589,0,0,0,0
2004.9616,0,0,0,0
2004.9644,0,0,0,0
2004.9671,0,0,0,0
2004.9699,0,0,0,0
2004.9726,0,0,0,0
2004.9753,0,0,0,0
2004.9781,0,0,0,0
2004.9808,0,0,0,0
2004.9836,0,0,0,0
2004.9863,0,0,0,0
2004.989,0,0,0,0
2004.9918,0,0,0,0
2004.9945,0,0,0,0
2004.9973,0,0,0,0
2005,0,0,0,0
2005,0,0,0,0
2005.0027,0,0,0,0
2005.0055,0,0,0,0
2005.0082,0,0,0,0
2005.011,0,0,0,0
2005.0137,0,0,0,0
2005.0164,0,0,0,0
2005.0192,0,0,0,0
2005.0219,0,0,0,0
2005.0247,0,0,0,0
2005.0274,0,0,0,0
2005.0301,0,0,0,0
2005.0329,0,0,0,0
2005.0356,0,0,0,0
2005.0384,0,0,0,0
2005.0411,0,0,0,0
2005.0438,0,0,0,0
2005.0466,0,0,0,0
2005.0493,0,0,0,0
2005.0521,0,0,0,0
2005.0548,0,0,0,0
2005.0575,0,0,0,0
2005.0603,0,0,0,0
2005.063,0,0,0,0
2005.0658,0,0,0,0
2005.0685,0,0,0,0
2005.0712,0,0,0,0
2005.074,0,0,0,0
2005.0767,0,0,0,0
2005.0795,0,0,0,0
2005.0822,0,0,0,0
2005.0849,0,0,0,0
2005.0877,0,0,0,0
2005.0904,0,0,0,0
2005.0932,0,0,0,0
2005.0959,0,0,0,0
2005.0986,0,0,0,0
2005.1014,0,0,0,0
2005.1041,0,0,0,0
2005.1068,0,0,0,0
2005.1096,0,0,0,0
2005.1123,0,0,0,0
2005.1151,0,0,0,0
2005.1178,0,0,0,0
2005.1205,0,0,0,0
2005.1233,0,0,0,0
2005.126,0,0,0,0
2005.1288,0,0,0,0
2005.1315,0,0,0,0
2005.1342,0,0,0,0
2005.137,0,0,0,0
2005.1397,0,0,0,0
2005.1425,0,0,0,0
2005.1452,0,0,0,0
2005.1479,0,0,0,0
2005.1507,0,0,0,0
2005.1534,0,0,0,0
2005.1562,0,0,0,0
2005.1589,0,0,0,0
2005.1616,0,0,0,0
2005.1644,0,0,0,0
2005.1671,0,0,0,0
2005.1699,0,0,0,0
2005.1726,0,0,0,0
2005.1753,0,0,0,0
2005.1781,0,0,0,0
2005.1808,0,0,0,0
2005.1836,0,0,0,0
2005.1863,0,0,0,0
2005.189,0,0,0,0
2005.1918,0,0,0,0
2005.1945,0,0,0,0
2005.1973,0,0,0,0
2005.2,0,0,0,0
2005.2027,0,0,0,0
2005.2055,0,0,0,0
2005.2082,0,0,0,0
2005.211,0,0,0,0
2005.2137,0,0,0,0
2005.2164,0,0,0,0
2005.2192,0,0,0,0
2005.2219,0,0,0,0
2005.2247,0,0,0,0
2005.2274,0,0,0,0
2005.2301,0,0,0,0
2005.2329,0,0,0,0
2005.2356,0,0,0,0
2005.2384,0,0,0,0
2005.2411,0,0,0,0
2005.2438,0,0,0,0
2005.2466,0,0,0,0
2005.2493,0,0,0,0
2005.2521,0,0,0,0
2005.2548,0,0,0,0
2005.2575,0,0,0,0
2005.2603,0,0,0,0
2005.263,0,0,0,0
2005.2658,0,0,0,0
2005.2685,0,0,0,0
2005.2712,0,0,0,0
2005.274,0,0,0,0
2005.2767,0,0,0,0
2005.2795,0,0,0,0
2005.2822,0,0,0,0
2005.2849,0,0,0,0
2005.2877,0,0,0,0
2005.2904,0,0,0,0
2005.2932,0,0,0,0
2005.2959,0,0,0,0
2005.2986,0,0,0,0
2005.3014,0,0,0,0
2005.3041,0,0,0,0
2005.3068,0,0,0,0
2005.3096,0,0,0,0
2005.3123,0,0,0,0
2005.3151,0,0,0,0
2005.3178,0,0,0,0
2005.3205,0,0,0,0
2005.3233,0,0,0,0
2005.326,0,0,0,0
2005.3288,0,0,0,0
2005.3315,0,0,0,0
2005.3342,0,0,0,0
2005.337,0,0,0,0
2005.3397,0,0,0,0
2005.3425,0,0,0,0
2005.3452,0,0,0,0
2005.3479,0,0,0,0
2005.3507,0,0,0,0
2005.3534,0,0,0,0
2005.3562,0,0,0,0
2005.3589,0,0,0,0
2005.3616,0,0,0,0
2005.3644,0,0,0,0
2005.3671,0,0,0,0
2005.3699,0,0,0,0
2005.3726,0,0,0,0
2005.3753,0,0,0,0
2005.3781,0,0,0,0
2005.3808,0,0,0,0
2005.3836,0,0,0,0
2005.3863,0,0,0,0
2005.389,0,0,0,0
2005.3918,0,0,0,0
2005.3945,0,0,0,0
2005.3973,0,0,0,0
2005.4,0,0,0,0
2005.4027,0,0,0,0
2005.4055,0,0,0,0
2005.4082,0,0,0,0
2005.411,0,0,0,0
2005.4137,0,0,0,0
2005.4164,0,0,0,0
2005.4192,0,0,0,0
2005.4219,0,0,0,0
2005.4247,0,0,0,0
2005.4274,0,0,0,0
2005.4301,0,0,0,0
2005.4329,0,0,0,0
2005.4356,0,0,0,0
2005.4384,0,0,0,0
2005.4411,0,0,0,0
2005.4438,0,0,0,0
2005.4466,0,0,0,0
2005.4493,0,0,0,0
2005.4521,0,0,0,0
2005.4548,0,0,0,0
2005.4575,0,0,0,0
2005.4603,0,0,0,0
2005.463,0,0,0,0
2005.4658,0,0,0,0
2005.4685,0,0,0,0
2005.4712,0,0,0,0
2005.474,0,0,0,0
2005.4767,0,0,0,0
2005.4795,0,0,0,0
2005.4822,0,0,0,0
2005.4849,0,0,0,0
2005.4877,0,0,0,0
2005.4904,0,0,0,0
2005.4932,0,0,0,0
2005.4959,0,0,0,0
2005.4986,0,0,0,0
2005.5014,0,0,0,0
2005.5041,0,0,0,0
2005.5068,0,0,0,0
2005.5096,0,0,0,0
2005.5123,0,0,0,0
2005.5151,0,0,0,0
2005.5178,0,0,0,0
2005.5205,0,0,0,0
2005.5233,0,0,0,0
2005.526,0,0,0,0
2005.5288,0,0,0,0
2005.5315,0,0,0,0
2005.5342,0,0,0,0
2005.537,0,0,0,0
2005.5397,0,0,0,0
2005.5425,0,0,0,0
2005.5452,0,0,0,0
2005.5479,0,0,0,0
2005.5507,0,0,0,0
2005.5534,0,0,0,0
2005.5562,0,0,0,0
2005.5589,0,0,0,0
2005.5616,0,0,0,0
2005.5644,0,0,0,0
2005.5671,0,0,0,0
2005.5699,0,0,0,0
2005.5726,0,0,0,0
2005.5753,0,0,0,0
2005.5781,0,0,0,0
2005.5808,0,0,0,0
2005.5836,0,0,0,0
2005.5863,0,0,0,0
2005.589,0,0,0,0
2005.5918,0,0,0,0
2005.5945,0,0,0,0
2005.5973,0,0,0,0
2005.6,0,0,0,0
2005.6027,0,0,0,0
2005.6055,0,0,0,0
2005.6082,0,0,0,0
2005.611,0,0,0,0
2005.6137,0,0,0,0
2005.6164,0,0,0,0
2005.6192,0,0,0,0
2005.6219,0,0,0,0
2005.6247,0,0,0,0
2005.6274,0,0,0,0
2005.6301,0,0,0,0
2005.6329,0,0,0,0
2005.6356,0,0,0,0
2005.6384,0,0,0,0
2005.6411,0,0,0,0
2005.6438,0,0,0,0
2005.6466,0,0,0,0
2005.6493,0,0,0,0
2005.6521,0,0,0,0
2005.6548,0,0,0,0
2005.6575,0,0,0,0
2005.6603,0,0,0,0
2005.663,0,0,0,0
2005.6658,0,0,0,0
2005.6685,0,0,0,0
2005.6712,0,0,0,0
2005.674,0,0,0,0
2005.6767,0,0,0,0
2005.6795,0,0,0,0
2005.6822,0,0,0,0
2005.6849,0,0,0,0
2005.6877,0,0,0,0
2005.6904,0,0,0,0
2005.6932,0,0,0,0
2005.6959,0,0,0,0
2005.6986,0,0,0,0
2005.7014,0,0,0,0
2005.7041,0,0,0,0
2005.7068,0,0,0,0
2005.7096,0,0,0,0
2005.7123,0,0,0,0
2005.7151,0,0,0,0
2005.7178,0,0,0,0
2005.7205,0,0,0,0
2005.7233,0,0,0,0
2005.726,0,0,0,0
2005.7288,0,0,0,0
2005.7315,0,0,0,0
2005.7342,0,0,0,0
2005.737,0,0,0,0
2005.7397,0,0,0,0
2005.7425,0,0,0,0
2005.7452,0,0,0,0
2005.7479,0,0,0,0
2005.7507,0,0,0,0
2005.7534,0,0,0,0
2005.7562,0,0,0,0
2005.7589,0,0,0,0
2005.7616,0,0,0,0
2005.7644,0,0,0,0
2005.7671,0,0,0,0
2005.7699,0,0,0,0
2005.7726,0,0,0,0
2005.7753,0,0,0,0
2005.7781,0,0,0,0
2005.7808,0,0,0,0
2005.7836,0,0,0,0
2005.7863,0,0,0,0
2005.789,0,0,0,0
2005.7918,0,0,0,0
2005.7945,0,0,0,0
2005.7973,0,0,0,0
2005.8,0,0,0,0
2005.8027,0,0,0,0
2005.8055,0,0,0,0
2005.8082,0,0,0,0
2005.811,0,0,0,0
2005.8137,0,0,0,0
2005.8164,0,0,0,0
2005.8192,0,0,0,0
2005.8219,0,0,0,0
2005.8247,0,0,0,0
2005.8274,0,0,0,0
2005.8301,0,0,0,0
2005.8329,0,0,0,0
2005.8356,0,0,0,0
2005.8384,0,0,0,0
2005.8411,0,0,0,0
2005.8438,0,0,0,0
2005.8466,0,0,0,0
2005.8493,0,0,0,0
2005.8521,0,0,0,0
2005.8548,0,0,0,0
2005.8575,0,0,0,0
2005.8603,0,0,0,0
2005.863,0,0,0,0
2005.8658,0,0,0,0
2005.8685,0,0,0,0
2005.8712,0,0,0,0
2005.874,0,0,0,0
2005.8767,0,0,0,0
2005.8795,0,0,0,0
2005.8822,0,0,0,0
2005.8849,0,0,0,0
2005.8877,0,0,0,0
2005.8904,0,0,0,0
2005.8932,0,0,0,0
2005.8959,0,0,0,0
2005.8986,0,0,0,0
2005.9014,0,0,0,0
2005.9041,0,0,0,0
2005.9068,0,0,0,0
2005.9096,0,0,0,0
2005.9123,0,0,0,0
2005.9151,0,0,0,0
2005.9178,0,0,0,0
2005.9205,0,0,0,0
2005.9233,0,0,0,0
2005.926,0,0,0,0
2005.9288,0,0,0,0
2005.9315,0,0,0,0
2005.9342,0,0,0,0
2005.937,0,0,0,0
2005.9397,0,0,0,0
2005.9425,0,0,0,0
2005.9452,0,0,0,0
2005.9479,0,0,0,0
2005.9507,0,0,0,0
2005.9534,0,0,0,0
2005.9562,0,0,0,0
2005.9589,0,0,0,0
2005.9616,0,0,0,0
2005.9644,0,0,0,0
2005.9671,0,0,0,0
2005.9699,0,0,0,0
2005.9726,0,0,0,0
2005.9753,0,0,0,0
2005.9781,0,0,0,0
2005.9808,0,0,0,0
2005.9836,0,0,0,0
2005.9863,0,0,0,0
2005.989,0,0,0,0
2005.9918,0,0,0,0
2005.9945,0,0,0,0
2005.9973,0,0,0,0
2006,0,0,0,0
2006.0027,0,0,0,0
2006.0055,0,0,0,0
2006.0082,0,0,0,0
2006.011,0,0,0,0
2006.0137,0,0,0,0
2006.0164,0,0,0,0
2006.0192,0,0,0,0
2006.0219,0,0,0,0
2006.0247,0,0,0,0
2006.0274,0,0,0,0
2006.0301,0,0,0,0
2006.0329,0,0,0,0
2006.0356,0,0,0,0
2006.0384,0,0,0,0
2006.0411,0,0,0,0
2006.0438,0,0,0,0
2006.0466,0,0,0,0
2006.0493,0,0,0,0
2006.0521,0,0,0,0
2006.0548,0,0,0,0
2006.0575,0,0,0,0
2006.0603,0,0,0,0
2006.063,0,0,0,0
2006.0658,0,0,0,0
2006.0685,0,0,0,0
2006.0712,0,0,0,0
2006.074,0,0,0,0
2006.0767,0,0,0,0
2006.0795,0,0,0,0
2006.0822,0,0,0,0
2006.0849,0,0,0,0
2006.0877,0,0,0,0
2006.0904,0,0,0,0
2006.0932,0,0,0,0
2006.0959,0,0,0,0
2006.0986,0,0,0,0
2006.1014,0,0,0,0
2006.1041,0,0,0,0
2006.1068,0,0,0,0
2006.1096,0,0,0,0
2006.1123,0,0,0,0
2006.1151,0,0,0,0
2006.1178,0,0,0,0
2006.1205,0,0,0,0
2006.1233,0,0,0,0
2006.126,0,0,0,0
2006.1288,0,0,0,0
2006.1315,0,0,0,0
2006.1342,0,0,0,0
2006.137,0,0,0,0
2006.1397,0,0,0,0
2006.1425,0,0,0,0
2006.1452,0,0,0,0
2006.1479,0,0,0,0
2006.1507,0,0,0,0
2006.1534,0,0,0,0
2006.1562,0,0,0,0
2006.1589,0,0,0,0
2006.1616,0,0,0,0
2006.1644,0,0,0,0
2006.1671,0,0,0,0
2006.1699,0,0,0,0
2006.1726,0,0,0,0
2006.1753,0,0,0,0
2006.1781,0,0,0,0
2006.1808,0,0,0,0
2006.1836,0,0,0,0
2006.1863,0,0,0,0
2006.189,0,0,0,0
2006.1918,0,0,0,0
2006.1945,0,0,0,0
2006.1973,0,0,0,0
2006.2,0,0,0,0
2006.2027,0,0,0,0
2006.2055,0,0,0,0
2006.2082,0,0,0,0
2006.211,0,0,0,0
2006.2137,0,0,0,0
2006.2164,0,0,0,0
2006.2192,0,0,0,0
2006.2219,0,0,0,0
2006.2247,0,0,0,0
2006.2274,0,0,0,0
2006.2301,0,0,0,0
2006.2329,0,0,0,0
2006.2356,0,0,0,0
2006.2384,0,0,0,0
2006.2411,0,0,0,0
2006.2438,0,0,0,0
2006.2466,0,0,0,0
2006.2493,0,0,0,0
2006.2521,0,0,0,0
2006.2548,0,0,0,0
2006.2575,0,0,0,0
2006.2603,0,0,0,0
2006.263,0,0,0,0
2006.2658,0,0,0,0
2006.2685,0,0,0,0
2006.2712,0,0,0,0
2006.274,0,0,0,0
2006.2767,0,0,0,0
2006.2795,0,0,0,0
2006.2822,0,0,0,0
2006.2849,0,0,0,0
2006.2877,0,0,0,0
2006.2904,0,0,0,0
2006.2932,0,0,0,0
2006.2959,0,0,0,0
2006.2986,0,0,0,0
2006.3014,0,0,0,0
2006.3041,0,0,0,0
2006.3068,0,0,0,0
2006.3096,0,0,0,0
2006.3123,0,0,0,0
2006.3151,0,0,0,0
2006.3178,0,0,0,0
2006.3205,0,0,0,0
2006.3233,0,0,0,0
2006.326,0,0,0,0
2006.3288,0,0,0,0
2006.3315,0,0,0,0
2006.3342,0,0,0,0
2006.337,0,0,0,0
2006.3397,0,0,0,0
2006.3425,0,0,0,0
2006.3452,0,0,0,0
2006.3479,0,0,0,0
2006.3507,0,0,0,0
2006.3534,0,0,0,0
2006.3562,0,0,0,0
2006.3589,0,0,0,0
2006.3616,0,0,0,0
2006.3644,0,0,0,0
2006.3671,0,0,0,0
2006.3699,0,0,0,0
2006.3726,0,0,0,0
2006.3753,0,0,0,0
2006.3781,0,0,0,0
2006.3808,0,0,0,0
2006.3836,0,0,0,0
2006.3863,0,0,0,0
2006.389,0,0,0,0
2006.3918,0,0,0,0
2006.3945,0,0,0,0
2006.3973,0,0,0,0
2006.4,0,0,0,0
2006.4027,0,0,0,0
2006.4055,0,0,0,0
2006.4082,0,0,0,0
2006.411,0,0,0,0
2006.4137,0,0,0,0
2006.4164,0,0,0,0
2006.4192,0,0,0,0
2006.4219,0,0,0,0
2006.4247,0,0,0,0
2006.4274,0,0,0,0
2006.4301,0,0,0,0
2006.4329,0,0,0,0
2006.4356,0,0,0,0
2006.4384,0,0,0,0
2006.4411,0,0,0,0
2006.4438,0,0,0,0
2006.4466,0,0,0,0
2006.4493,0,0,0,0
2006.4521,0,0,0,0
2006.4548,0,0,0,0
2006.4575,0,0,0,0
2006.4603,0,0,0,0
2006.463,0,0,0,0
2006.4658,0,0,0,0
2006.4685,0,0,0,0
2006.4712,0,0,0,0
2006.474,0,0,0,0
2006.4767,0,0,0,0
2006.4795,0,0,0,0
2006.4822,0,0,0,0
2006.4849,0,0,0,0
2006.4877,0,0,0,0
2006.4904,0,0,0,0
2006.4932,0,0,0,0
2006.4959,0,0,0,0
2006.4986,0,0,0,0
2006.5014,0,0,0,0
2006.5041,0,0,0,0
2006.5068,0,0,0,0
2006.5096,0,0,0,0
2006.5123,0,0,0,0
2006.5151,0,0,0,0
2006.5178,0,0,0,0
2006.5205,0,0,0,0
2006.5233,0,0,0,0
2006.526,0,0,0,0
2006.5288,0,0,0,0
2006.5315,0,0,0,0
2006.5342,0,0,0,0
2006.537,0,0,0,0
2006.5397,0,0,0,0
2006.5425,0,0,0,0
2006.5452,0,0,0,0
2006.5479,0,0,0,0
2006.5507,0,0,0,0
2006.5534,0,0,0,0
2006.5562,0,0,0,0
2006.5589,0,0,0,0
2006.5616,0,0,0,0
2006.5644,0,0,0,0
2006.5671,0,0,0,0
2006.5699,0,0,0,0
2006.5726,0,0,0,0
2006.5753,0,0,0,0
2006.5781,0,0,0,0
2006.5808,0,0,0,0
2006.5836,0,0,0,0
2006.5863,0,0,0,0
2006.589,0,0,0,0
2006.5918,0,0,0,0
2006.5945,0,0,0,0
2006.5973,0,0,0,0
2006.6,0,0,0,0
2006.6027,0,0,0,0
2006.6055,0,0,0,0
2006.6082,0,0,0,0
2006.611,0,0,0,0
2006.6137,0,0,0,0
2006.6164,0,0,0,0
2006.6192,0,0,0,0
2006.6219,0,0,0,0
2006.6247,0,0,0,0
2006.6274,0,0,0,0
2006.6301,0,0,0,0
2006.6329,0,0,0,0
2006.6356,0,0,0,0
2006.6384,0,0,0,0
2006.6411,0,0,0,0
2006.6438,0,0,0,0
2006.6466,0,0,0,0
2006.6493,0,0,0,0
2006.6521,0,0,0,0
2006.6548,0,0,0,0
2006.6575,0,0,0,0
2006.6603,0,0,0,0
2006.663,0,0,0,0
2006.6658,0,0,0,0
2006.6685,0,0,0,0
2006.6712,0,0,0,0
2006.674,0,0,0,0
2006.6767,0,0,0,0
2006.6795,0,0,0,0
2006.6822,0,0,0,0
2006.6849,0,0,0,0
2006.6877,0,0,0,0
2006.6904,0,0,0,0
2006.6932,0,0,0,0
2006.6959,0,0,0,0
2006.6986,0,0,0,0
2006.7014,0,0,0,0
2006.7041,0,0,0,0
2006.7068,0,0,0,0
2006.7096,0,0,0,0
2006.7123,0,0,0,0
2006.7151,0,0,0,0
2006.7178,0,0,0,0
2006.7205,0,0,0,0
2006.7233,0,0,0,0
2006.726,0,0,0,0
2006.7288,0,0,0,0
2006.7315,0,0,0,0
2006.7342,0,0,0,0
2006.737,0,0,0,0
2006.7397,0,0,0,0
2006.7425,0,0,0,0
2006.7452,0,0,0,0
2006.7479,0,0,0,0
2006.7507,0,0,0,0
2006.7534,0,0,0,0
2006.7562,0,0,0,0
2006.7589,0,0,0,0
2006.7616,0,0,0,0
2006.7644,0,0,0,0
2006.7671,0,0,0,0
2006.7699,0,0,0,0
2006.7726,0,0,0,0
2006.7753,0,0,0,0
2006.7781,0,0,0,0
2006.7808,0,0,0,0
2006.7836,0,0,0,0
2006.7863,0,0,0,0
2006.789,0,0,0,0
2006.7918,0,0,0,0
2006.7945,0,0,0,0
2006.7973,0,0,0,0
2006.8,0,0,0,0
2006.8027,0,0,0,0
2006.8055,0,0,0,0
2006.8082,0,0,0,0
2006.811,0,0,0,0
2006.8137,0,0,0,0
2006.8164,0,0,0,0
2006.8192,0,0,0,0
2006.8219,0,0,0,0
2006.8247,0,0,0,0
2006.8274,0,0,0,0
2006.8301,0,0,0,0
2006.8329,0,0,0,0
2006.8356,0,0,0,0
2006.8384,0,0,0,0
2006.8411,0,0,0,0
2006.8438,0,0,0,0
2006.8466,0,0,0,0
2006.8493,0,0,0,0
2006.8521,0,0,0,0
2006.8548,0,0,0,0
2006.8575,0,0,0,0
2006.8603,0,0,0,0
2006.863,0,0,0,0
2006.8658,0,0,0,0
2006.8685,0,0,0,0
2006.8712,0,0,0,0
2006.874,0,0,0,0
2006.8767,0,0,0,0
2006.8795,0,0,0,0
2006.8822,0,0,0,0
2006.8849,0,0,0,0
2006.8877,0,0,0,0
2006.8904,0,0,0,0
2006.8932,0,0,0,0
2006.8959,0,0,0,0
2006.8986,0,0,0,0
2006.9014,0,0,0,0
2006.9041,0,0,0,0
2006.9068,0,0,0,0
2006.9096,0,0,0,0
2006.9123,0,0,0,0
2006.9151,0,0,0,0
2006.9178,0,0,0,0
2006.9205,0,0,0,0
2006.9233,0,0,0,0
2006.926,0,0,0,0
2006.9288,0,0,0,0
2006.9315,0,0,0,0
2006.9342,0,0,0,0
2006.937,0,0,0,0
2006.9397,0,0,0,0
2006.9425,0,0,0,0
2006.9452,0,0,0,0
2006.9479,0,0,0,0
2006.9507,0,0,0,0
2006.9534,0,0,0,0
2006.9562,0,0,0,0
2006.9589,0,0,0,0
2006.9616,0,0,0,0
2006.9644,0,0,0,0
2006.9671,0,0,0,0
2006.9699,0,0,0,0
2006.9726,0,0,0,0
2006.9753,0,0,0,0
2006.9781,0,0,0,0
2006.9808,0,0,0,0
2006.9836,0,0,0,0
2006.9863,0,0,0,0
2006.989,0,0,0,0
2006.9918,0,0,0,0
2006.9945,0,0,0,0
2006.9973,0,0,0,0
2007,0,0,0,0
2007.0027,0,0,0,0
2007.0055,0,0,0,0
2007.0082,0,0,0,0
2007.011,0,0,0,0
2007.0137,0,0,0,0
2007.0164,0,0,0,0
2007.0192,0,0,0,0
2007.0219,0,0,0,0
2007.0247,0,0,0,0
2007.0274,0,0,0,0
2007.0301,0,0,0,0
2007.0329,0,0,0,0
2007.0356,0,0,0,0
2007.0384,0,0,0,0
2007.0411,0,0,0,0
2007.0438,0,0,0,0
2007.0466,0,0,0,0
2007.0493,0,0,0,0
2007.0521,0,0,0,0
2007.0548,0,0,0,0
2007.0575,0,0,0,0
2007.0603,0,0,0,0
2007.063,0,0,0,0
2007.0658,0,0,0,0
2007.0685,0,0,0,0
2007.0712,0,0,0,0
2007.074,0,0,0,0
2007.0767,0,0,0,0
2007.0795,0,0,0,0
2007.0822,0,0,0,0
2007.0849,0,0,0,0
2007.0877,0,0,0,0
2007.0904,0,0,0,0
2007.0932,0,0,0,0
2007.0959,0,0,0,0
2007.0986,0,0,0,0
2007.1014,0,0,0,0
2007.1041,0,0,0,0
2007.1068,0,0,0,0
2007.1096,0,0,0,0
2007.1123,0,0,0,0
2007.1151,0,0,0,0
2007.1178,0,0,0,0
2007.1205,0,0,0,0
2007.1233,0,0,0,0
2007.126,0,0,0,0
2007.1288,0,0,0,0
2007.1315,0,0,0,0
2007.1342,0,0,0,0
2007.137,0,0,0,0
2007.1397,0,0,0,0
2007.1425,0,0,0,0
2007.1452,0,0,0,0
2007.1479,0,0,0,0
2007.1507,0,0,0,0
2007.1534,0,0,0,0
2007.1562,0,0,0,0
2007.1589,0,0,0,0
2007.1616,0,0,0,0
2007.1644,0,0,0,0
2007.1671,0,0,0,0
2007.1699,0,0,0,0
2007.1726,0,0,0,0
2007.1753,0,0,0,0
2007.1781,0,0,0,0
2007.1808,0,0,0,0
2007.1836,0,0,0,0
2007.1863,0,0,0,0
2007.189,0,0,0,0
2007.1918,0,0,0,0
2007.1945,0,0,0,0
2007.1973,0,0,0,0
2007.2,0,0,0,0
2007.2027,0,0,0,0
2007.2055,0,0,0,0
2007.2082,0,0,0,0
2007.211,0,0,0,0
2007.2137,0,0,0,0
2007.2164,0,0,0,0
2007.2192,0,0,0,0
2007.2219,0,0,0,0
2007.2247,0,0,0,0
2007.2274,0,0,0,0
2007.2301,0,0,0,0
2007.2329,0,0,0,0
2007.2356,0,0,0,0
2007.2384,0,0,0,0
2007.2411,0,0,0,0
2007.2438,0,0,0,0
2007.2466,0,0,0,0
2007.2493,0,0,0,0
2007.2521,0,0,0,0
2007.2548,0,0,0,0
2007.2575,0,0,0,0
2007.2603,0,0,0,0
2007.263,0,0,0,0
2007.2658,0,0,0,0
2007.2685,0,0,0,0
2007.2712,0,0,0,0
2007.274,0,0,0,0
2007.2767,0,0,0,0
2007.2795,0,0,0,0
2007.2822,0,0,0,0
2007.2849,0,0,0,0
2007.2877,0,0,0,0
2007.2904,0,0,0,0
2007.2932,0,0,0,0
2007.2959,0,0,0,0
2007.2986,0,0,0,0
2007.3014,0,0,0,0
2007.3041,0,0,0,0
2007.3068,0,0,0,0
2007.3096,0,0,0,0
2007.3123,0,0,0,0
2007.3151,0,0,0,0
2007.3178,0,0,0,0
2007.3205,0,0,0,0
2007.3233,0,0,0,0
2007.326,0,0,0,0
2007.3288,0,0,0,0
2007.3315,0,0,0,0
2007.3342,0,0,0,0
2007.337,0,0,0,0
2007.3397,0,0,0,0
2007.3425,0,0,0,0
2007.3452,0,0,0,0
2007.3479,0,0,0,0
2007.3507,0,0,0,0
2007.3534,0,0,0,0
2007.3562,0,0,0,0
2007.3589,0,0,0,0
2007.3616,0,0,0,0
2007.3644,0,0,0,0
2007.3671,0,0,0,0
2007.3699,0,0,0,0
2007.3726,0,0,0,0
2007.3753,0,0,0,0
2007.3781,0,0,0,0
2007.3808,0,0,0,0
2007.3836,0,0,0,0
2007.3863,0,0,0,0
2007.389,0,0,0,0
2007.3918,0,0,0,0
2007.3945,0,0,0,0
2007.3973,0,0,0,0
2007.4,0,0,0,0
2007.4027,0,0,0,0
2007.4055,0,0,0,0
2007.4082,0,0,0,0
2007.411,0,0,0,0
2007.4137,0,0,0,0
2007.4164,0,0,0,0
2007.4192,0,0,0,0
2007.4219,0,0,0,0
2007.4247,0,0,0,0
2007.4274,0,0,0,0
2007.4301,0,0,0,0
2007.4329,0,0,0,0
2007.4356,0,0,0,0
2007.4384,0,0,0,0
2007.4411,0,0,0,0
2007.4438,0,0,0,0
2007.4466,0,0,0,0
2007.4493,0,0,0,0
2007.4521,0,0,0,0
2007.4548,0,0,0,0
2007.4575,0,0,0,0
2007.4603,0,0,0,0
2007.463,0,0,0,0
2007.4658,0,0,0,0
2007.4685,0,0,0,0
2007.4712,0,0,0,0
2007.474,0,0,0,0
2007.4767,0,0,0,0
2007.4795,0,0,0,0
2007.4822,0,0,0,0
2007.4849,0,0,0,0
2007.4877,0,0,0,0
2007.4904,0,0,0,0
2007.4932,0,0,0,0
2007.4959,0,0,0,0
2007.4986,0,0,0,0
2007.5014,0,0,0,0
2007.5041,0,0,0,0
2007.5068,0,0,0,0
2007.5096,0,0,0,0
2007.5123,0,0,0,0
2007.5151,0,0,0,0
2007.5178,0,0,0,0
2007.5205,0,0,0,0
2007.5233,0,0,0,0
2007.526,0,0,0,0
2007.5288,0,0,0,0
2007.5315,0,0,0,0
2007.5342,0,0,0,0
2007.537,0,0,0,0
2007.5397,0,0,0,0
2007.5425,0,0,0,0
2007.5452,0,0,0,0
2007.5479,0,0,0,0
2007.5507,0,0,0,0
2007.5534,0,0,0,0
2007.5562,0,0,0,0
2007.5589,0,0,0,0
2007.5616,0,0,0,0
2007.5644,0,0,0,0
2007.5671,0,0,0,0
2007.5699,0,0,0,0
2007.5726,0,0,0,0
2007.5753,0,0,0,0
2007.5781,0,0,0,0
2007.5808,0,0,0,0
2007.5836,0,0,0,0
2007.5863,0,0,0,0
2007.589,0,0,0,0
2007.5918,0,0,0,0
2007.5945,0,0,0,0
2007.5973,0,0,0,0
2007.6,0,0,0,0
2007.6027,0,0,0,0
2007.6055,0,0,0,0
2007.6082,0,0,0,0
2007.611,0,0,0,0
2007.6137,0,0,0,0
2007.6164,0,0,0,0
2007.6192,0,0,0,0
2007.6219,0,0,0,0
2007.6247,0,0,0,0
2007.6274,0,0,0,0
2007.6301,0,0,0,0
2007.6329,0,0,0,0
2007.6356,0,0,0,0
2007.6384,0,0,0,0
2007.6411,0,0,0,0
2007.6438,0,0,0,0
2007.6466,0,0,0,0
2007.6493,0,0,0,0
2007.6521,0,0,0,0
2007.6548,0,0,0,0
2007.6575,0,0,0,0
2007.6603,0,0,0,0
2007.663,0,0,0,0
2007.6658,0,0,0,0
2007.6685,0,0,0,0
2007.6712,0,0,0,0
2007.674,0,0,0,0
2007.6767,0,0,0,0
2007.6795,0,0,0,0
2007.6822,0,0,0,0
2007.6849,0,0,0,0
2007.6877,0,0,0,0
2007.6904,0,0,0,0
2007.6932,0,0,0,0
2007.6959,0,0,0,0
2007.6986,0,0,0,0
2007.7014,0,0,0,0
2007.7041,0,0,0,0
2007.7068,0,0,0,0
2007.7096,0,0,0,0
2007.7123,0,0,0,0
2007.7151,0,0,0,0
2007.7178,0,0,0,0
2007.7205,0,0,0,0
2007.7233,0,0,0,0
2007.726,0,0,0,0
2007.7288,0,0,0,0
2007.7315,0,0,0,0
2007.7342,0,0,0,0
2007.737,0,0,0,0
2007.7397,0,0,0,0
2007.7425,0,0,0,0
2007.7452,0,0,0,0
2007.7479,0,0,0,0
2007.7507,0,0,0,0
2007.7534,0,0,0,0
2007.7562,0,0,0,0
2007.7589,0,0,0,0
2007.7616,0,0,0,0
2007.7644,0,0,0,0
2007.7671,0,0,0,0
2007.7699,0,0,0,0
2007.7726,0,0,0,0
2007.7753,0,0,0,0
2007.7781,0,0,0,0
2007.7808,0,0,0,0
2007.7836,0,0,0,0
2007.7863,0,0,0,0
2007.789,0,0,0,0
2007.7918,0,0,0,0
2007.7945,0,0,0,0
2007.7973,0,0,0,0
2007.8,0,0,0,0
2007.8027,0,0,0,0
2007.8055,0,0,0,0
2007.8082,0,0,0,0
2007.811,0,0,0,0
2007.8137,0,0,0,0
2007.8164,0,0,0,0
2007.8192,0,0,0,0
2007.8219,0,0,0,0
2007.8247,0,0,0,0
2007.8274,0,0,0,0
2007.8301,0,0,0,0
2007.8329,0,0,0,0
2007.8356,0,0,0,0
2007.8384,0,0,0,0
2007.8411,0,0,0,0
2007.8438,0,0,0,0
2007.8466,0,0,0,0
2007.8493,0,0,0,0
2007.8521,0,0,0,0
2007.8548,0,0,0,0
2007.8575,0,0,0,0
2007.8603,0,0,0,0
2007.863,0,0,0,0
2007.8658,0,0,0,0
2007.8685,0,0,0,0
2007.8712,0,0,0,0
2007.874,0,0,0,0
2007.8767,0,0,0,0
2007.8795,0,0,0,0
2007.8822,0,0,0,0
2007.8849,0,0,0,0
2007.8877,0,0,0,0
2007.8904,0,0,0,0
2007.8932,0,0,0,0
2007.8959,0,0,0,0
2007.8986,0,0,0,0
2007.9014,0,0,0,0
2007.9041,0,0,0,0
2007.9068,0,0,0,0
2007.9096,0,0,0,0
2007.9123,0,0,0,0
2007.9151,0,0,0,0
2007.9178,0,0,0,0
2007.9205,0,0,0,0
2007.9233,0,0,0,0
2007.926,0,0,0,0
2007.9288,0,0,0,0
2007.9315,0,0,0,0
2007.9342,0,0,0,0
2007.937,0,0,0,0
2007.9397,0,0,0,0
2007.9425,0,0,0,0
2007.9452,0,0,0,0
2007.9479,0,0,0,0
2007.9507,0,0,0,0
2007.9534,0,0,0,0
2007.9562,0,0,0,0
2007.9589,0,0,0,0
2007.9616,0,0,0,0
2007.9644,0,0,0,0
2007.9671,0,0,0,0
2007.9699,0,0,0,0
2007.9726,0,0,0,0
2007.9753,0,0,0,0
2007.9781,0,0,0,0
2007.9808,0,0,0,0
2007.9836,0,0,0,0
2007.9863,0,0,0,0
2007.989,0,0,0,0
2007.9918,0,0,0,0
2007.9945,0,0,0,0
2007.9973,0,0,0,0
2008,0,0,0,0
2008.0027,0,0,0,0
2008.0055,0,0,0,0
2008.0082,0,0,0,0
2008.011,0,0,0,0
2008.0137,0,0,0,0
2008.0164,0,0,0,0
2008.0192,0,0,0,0
2008.0219,0,0,0,0
2008.0247,0,0,0,0
2008.0274,0,0,0,0
2008.0301,0,0,0,0
2008.0329,0,0,0,0
2008.0356,0,0,0,0
2008.0384,0,0,0,0
2008.0411,0,0,0,0
2008.0438,0,0,0,0
2008.0466,0,0,0,0
2008.0493,0,0,0,0
2008.0521,0,0,0,0
2008.0548,0,0,0,0
2008.0575,0,0,0,0
2008.0603,0,0,0,0
2008.063,0,0,0,0
2008.0658,0,0,0,0
2008.0685,0,0,0,0
2008.0712,0,0,0,0
2008.074,0,0,0,0
2008.0767,0,0,0,0
2008.0795,0,0,0,0
2008.0822,0,0,0,0
2008.0849,0,0,0,0
2008.0877,0,0,0,0
2008.0904,0,0,0,0
2008.0932,0,0,0,0
2008.0959,0,0,0,0
2008.0986,0,0,0,0
2008.1014,0,0,0,0
2008.1041,0,0,0,0
2008.1068,0,0,0,0
2008.1096,0,0,0,0
2008.1123,0,0,0,0
2008.1151,0,0,0,0
2008.1178,0,0,0,0
2008.1205,0,0,0,0
2008.1233,0,0,0,0
2008.126,0,0,0,0
2008.1288,0,0,0,0
2008.1315,0,0,0,0
2008.1342,0,0,0,0
2008.137,0,0,0,0
2008.1397,0,0,0,0
2008.1425,0,0,0,0
2008.1452,0,0,0,0
2008.1479,0,0,0,0
2008.1507,0,0,0,0
2008.1534,0,0,0,0
2008.1562,0,0,0,0
2008.1589,0,0,0,0
2008.1616,0,0,0,0
2008.1644,0,0,0,0
2008.1671,0,0,0,0
2008.1699,0,0,0,0
2008.1726,0,0,0,0
2008.1753,0,0,0,0
2008.1781,0,0,0,0
2008.1808,0,0,0,0
2008.1836,0,0,0,0
2008.1863,0,0,0,0
2008.189,0,0,0,0
2008.1918,0,0,0,0
2008.1945,0,0,0,0
2008.1973,0,0,0,0
2008.2,0,0,0,0
2008.2027,0,0,0,0
2008.2055,0,0,0,0
2008.2082,0,0,0,0
2008.211,0,0,0,0
2008.2137,0,0,0,0
2008.2164,0,0,0,0
2008.2192,0,0,0,0
2008.2219,0,0,0,0
2008.2247,0,0,0,0
2008.2274,0,0,0,0
2008.2301,0,0,0,0
2008.2329,0,0,0,0
2008.2356,0,0,0,0
2008.2384,0,0,0,0
2008.2411,0,0,0,0
2008.2438,0,0,0,0
2008.2466,0,0,0,0
2008.2493,0,0,0,0
2008.2521,0,0,0,0
2008.2548,0,0,0,0
2008.2575,0,0,0,0
2008.2603,0,0,0,0
2008.263,0,0,0,0
2008.2658,0,0,0,0
2008.2685,0,0,0,0
2008.2712,0,0,0,0
2008.274,0,0,0,0
2008.2767,0,0,0,0
2008.2795,0,0,0,0
2008.2822,0,0,0,0
2008.2849,0,0,0,0
2008.2877,0,0,0,0
2008.2904,0,0,0,0
2008.2932,0,0,0,0
2008.2959,0,0,0,0
2008.2986,0,0,0,0
2008.3014,0,0,0,0
2008.3041,0,0,0,0
2008.3068,0,0,0,0
2008.3096,0,0,0,0
2008.3123,0,0,0,0
2008.3151,0,0,0,0
2008.3178,0,0,0,0
2008.3205,0,0,0,0
2008.3233,0,0,0,0
2008.326,0,0,0,0
2008.3288,0,0,0,0
2008.3315,0,0,0,0
2008.3342,0,0,0,0
2008.337,0,0,0,0
2008.3397,0,0,0,0
2008.3425,0,0,0,0
2008.3452,0,0,0,0
2008.3479,0,0,0,0
2008.3507,0,0,0,0
2008.3534,0,0,0,0
2008.3562,0,0,0,0
2008.3589,0,0,0,0
2008.3616,0,0,0,0
2008.3644,0,0,0,0
2008.3671,0,0,0,0
2008.3699,0,0,0,0
2008.3726,0,0,0,0
2008.3753,0,0,0,0
2008.3781,0,0,0,0
2008.3808,0,0,0,0
2008.3836,0,0,0,0
2008.3863,0,0,0,0
2008.389,0,0,0,0
2008.3918,0,0,0,0
2008.3945,0,0,0,0
2008.3973,0,0,0,0
2008.4,0,0,0,0
2008.4027,0,0,0,0
2008.4055,0,0,0,0
2008.4082,0,0,0,0
2008.411,0,0,0,0
2008.4137,0,0,0,0
2008.4164,0,0,0,0
2008.4192,0,0,0,0
2008.4219,0,0,0,0
2008.4247,0,0,0,0
2008.4274,0,0,0,0
2008.4301,0,0,0,0
2008.4329,0,0,0,0
2008.4356,0,0,0,0
2008.4384,0,0,0,0
2008.4411,0,0,0,0
2008.4438,0,0,0,0
2008.4466,0,0,0,0
2008.4493,0,0,0,0
2008.4521,0,0,0,0
2008.4548,0,0,0,0
2008.4575,0,0,0,0
2008.4603,0,0,0,0
2008.463,0,0,0,0
2008.4658,0,0,0,0
2008.4685,0,0,0,0
2008.4712,0,0,0,0
2008.474,0,0,0,0
2008.4767,0,0,0,0
2008.4795,0,0,0,0
2008.4822,0,0,0,0
2008.4849,0,0,0,0
2008.4877,0,0,0,0
2008.4904,0,0,0,0
2008.4932,0,0,0,0
2008.4959,0,0,0,0
2008.4986,0,0,0,0
2008.5014,0,0,0,0
2008.5041,0,0,0,0
2008.5068,0,0,0,0
2008.5096,0,0,0,0
2008.5123,0,0,0,0
2008.5151,0,0,0,0
2008.5178,0,0,0,0
2008.5205,0,0,0,0
2008.5233,0,0,0,0
2008.526,0,0,0,0
2008.5288,0,0,0,0
2008.5315,0,0,0,0
2008.5342,0,0,0,0
2008.537,0,0,0,0
2008.5397,0,0,0,0
2008.5425,0,0,0,0
2008.5452,0,0,0,0
2008.5479,0,0,0,0
2008.5507,0,0,0,0
2008.5534,0,0,0,0
2008.5562,0,0,0,0
2008.5589,0,0,0,0
2008.5616,0,0,0,0
2008.5644,0,0,0,0
2008.5671,0,0,0,0
2008.5699,0,0,0,0
2008.5726,0,0,0,0
2008.5753,0,0,0,0
2008.5781,0,0,0,0
2008.5808,0,0,0,0
2008.5836,0,0,0,0
2008.5863,0,0,0,0
2008.589,0,0,0,0
2008.5918,0,0,0,0
2008.5945,0,0,0,0
2008.5973,0,0,0,0
2008.6,0,0,0,0
2008.6027,0,0,0,0
2008.6055,0,0,0,0
2008.6082,0,0,0,0
2008.611,0,0,0,0
2008.6137,0,0,0,0
2008.6164,0,0,0,0
2008.6192,0,0,0,0
2008.6219,0,0,0,0
2008.6247,0,0,0,0
2008.6274,0,0,0,0
2008.6301,0,0,0,0
2008.6329,0,0,0,0
2008.6356,0,0,0,0
2008.6384,0,0,0,0
2008.6411,0,0,0,0
2008.6438,0,0,0,0
2008.6466,0,0,0,0
2008.6493,0,0,0,0
2008.6521,0,0,0,0
2008.6548,0,0,0,0
2008.6575,0,0,0,0
2008.6603,0,0,0,0
2008.663,0,0,0,0
2008.6658,0,0,0,0
2008.6685,0,0,0,0
2008.6712,0,0,0,0
2008.674,0,0,0,0
2008.6767,1,0,0,0
2008.6795,0,0,0,0
2008.6822,0,0,0,0
2008.6849,0,0,0,0
2008.6877,0,0,0,0
2008.6904,0,0,0,0
2008.6932,0,0,0,0
2008.6959,0,0,0,0
2008.6986,0,0,0,0
2008.7014,0,0,0,0
2008.7041,1,1,0,0
2008.7068,0,0,0,0
2008.7096,0,0,0,0
2008.7123,0,0,0,0
2008.7151,0,0,0,0
2008.7178,0,0,0,0
2008.7205,0,0,0,0
2008.7233,0,0,0,0
2008.726,0,0,0,0
2008.7288,0,0,0,0
2008.7315,0,0,0,0
2008.7342,0,0,0,0
2008.737,0,0,0,0
2008.7397,0,0,0,0
2008.7425,0,0,0,0
2008.7452,0,0,0,0
2008.7479,0,0,0,0
2008.7507,0,0,0,0
2008.7534,0,0,0,0
2008.7562,0,0,0,0
2008.7589,0,0,0,0
2008.7616,0,0,0,0
2008.7644,0,0,0,0
2008.7671,0,0,0,0
2008.7699,0,0,0,0
2008.7726,0,0,0,0
2008.7753,0,0,0,0
2008.7781,0,0,0,0
2008.7808,0,0,0,0
2008.7836,0,0,0,0
2008.7863,0,0,0,0
2008.789,0,0,0,0
2008.7918,0,0,0,0
2008.7945,0,0,0,0
2008.7973,0,0,0,0
2008.8,0,0,0,0
2008.8027,0,0,0,0
2008.8055,0,0,0,0
2008.8082,0,0,0,0
2008.811,0,0,0,0
2008.8137,0,0,0,0
2008.8164,0,0,0,0
2008.8192,0,0,0,0
2008.8219,0,0,0,0
2008.8247,0,0,0,0
2008.8274,0,0,0,0
2008.8301,0,0,0,0
2008.8329,0,0,0,0
2008.8356,0,0,0,0
2008.8384,0,0,0,0
2008.8411,0,0,0,0
2008.8438,0,0,0,0
2008.8466,0,0,0,0
2008.8493,0,0,0,0
2008.8521,0,0,0,0
2008.8548,0,0,0,0
2008.8575,0,0,0,0
2008.8603,0,0,0,0
2008.863,0,0,0,0
2008.8658,0,0,0,0
2008.8685,0,0,0,0
2008.8712,0,0,0,0
2008.874,0,0,0,0
2008.8767,0,0,0,0
2008.8795,0,0,0,0
2008.8822,0,0,0,0
2008.8849,0,0,0,0
2008.8877,0,0,0,0
2008.8904,0,0,0,0
2008.8932,0,0,0,0
2008.8959,0,0,0,0
2008.8986,0,0,0,0
2008.9014,0,0,0,0
2008.9041,0,0,0,0
2008.9068,0,0,0,0
2008.9096,0,0,0,0
2008.9123,0,0,0,0
2008.9151,0,0,0,0
2008.9178,0,0,0,0
2008.9205,0,0,0,0
2008.9233,0,0,0,0
2008.926,0,0,0,0
2008.9288,0,0,0,0
2008.9315,0,0,0,0
2008.9342,0,0,0,0
2008.937,0,0,0,0
2008.9397,0,0,0,0
2008.9425,0,0,0,0
2008.9452,0,0,0,0
2008.9479,0,0,0,0
2008.9507,0,0,0,0
2008.9534,0,0,0,0
2008.9562,0,0,0,0
2008.9589,0,0,0,0
2008.9616,0,0,0,0
2008.9644,0,0,0,0
2008.9671,0,0,0,0
2008.9699,0,0,0,0
2008.9726,0,0,0,0
2008.9753,0,0,0,0
2008.9781,0,0,0,0
2008.9808,0,0,0,0
2008.9836,0,0,0,0
2008.9863,0,0,0,0
2008.989,0,0,0,0
2008.9918,0,0,0,0
2008.9945,0,0,0,0
2008.9973,0,0,0,0
2009,0,0,0,0
2009,0,0,0,0
2009.0027,0,0,0,0
2009.0055,0,0,0,0
2009.0082,0,0,0,0
2009.011,0,0,0,0
2009.0137,0,0,0,0
2009.0164,0,0,0,0
2009.0192,0,0,0,0
2009.0219,0,0,0,0
2009.0247,0,0,0,0
2009.0274,0,0,0,0
2009.0301,0,0,0,0
2009.0329,0,0,0,0
2009.0356,0,0,0,0
2009.0384,0,0,0,0
2009.0411,0,0,0,0
2009.0438,0,0,0,0
2009.0466,0,0,0,0
2009.0493,0,0,0,0
2009.0521,0,0,0,0
2009.0548,0,0,0,0
2009.0575,0,0,0,0
2009.0603,0,0,0,0
2009.063,0,0,0,0
2009.0658,0,0,0,0
2009.0685,0,0,0,0
2009.0712,0,0,0,0
2009.074,0,0,0,0
2009.0767,0,0,0,0
2009.0795,0,0,0,0
2009.0822,0,0,0,0
2009.0849,0,0,0,0
2009.0877,0,0,0,0
2009.0904,0,0,0,0
2009.0932,0,0,0,0
2009.0959,0,0,0,0
2009.0986,0,0,0,0
2009.1014,0,0,0,0
2009.1041,0,0,0,0
2009.1068,0,0,0,0
2009.1096,0,0,0,0
2009.1123,0,0,0,0
2009.1151,0,0,0,0
2009.1178,0,0,0,0
2009.1205,0,0,0,0
2009.1233,0,0,0,0
2009.126,0,0,0,0
2009.1288,0,0,0,0
2009.1315,0,0,0,0
2009.1342,0,0,0,0
2009.137,0,0,0,0
2009.1397,0,0,0,0
2009.1425,0,0,0,0
2009.1452,0,0,0,0
2009.1479,0,0,0,0
2009.1507,0,0,0,0
2009.1534,0,0,0,0
2009.1562,0,0,0,0
2009.1589,0,0,0,0
2009.1616,0,0,0,0
2009.1644,0,0,0,0
2009.1671,0,0,0,0
2009.1699,0,0,0,0
2009.1726,0,0,0,0
2009.1753,0,0,0,0
2009.1781,0,0,0,0
2009.1808,0,0,0,0
2009.1836,0,0,0,0
2009.1863,0,0,0,0
2009.189,0,0,0,0
2009.1918,0,0,0,0
2009.1945,0,0,0,0
2009.1973,0,0,0,0
2009.2,0,0,0,0
2009.2027,0,0,0,0
2009.2055,0,0,0,0
2009.2082,0,0,0,0
2009.211,0,0,0,0
2009.2137,0,0,0,0
2009.2164,0,0,0,0
2009.2192,0,0,0,0
2009.2219,0,0,0,0
2009.2247,0,0,0,0
2009.2274,0,0,0,0
2009.2301,0,0,0,0
2009.2329,0,0,0,0
2009.2356,0,0,0,0
2009.2384,0,0,0,0
2009.2411,0,0,0,0
2009.2438,0,0,0,0
2009.2466,0,0,0,0
2009.2493,0,0,0,0
2009.2521,0,0,0,0
2009.2548,0,0,0,0
2009.2575,0,0,0,0
2009.2603,0,0,0,0
2009.263,0,0,0,0
2009.2658,0,0,0,0
2009.2685,0,0,0,0
2009.2712,0,0,0,0
2009.274,0,0,0,0
2009.2767,0,0,0,0
2009.2795,0,0,0,0
2009.2822,0,0,0,0
2009.2849,0,0,0,0
2009.2877,0,0,0,0
2009.2904,0,0,0,0
2009.2932,0,0,0,0
2009.2959,0,0,0,0
2009.2986,0,0,0,0
2009.3014,0,0,0,0
2009.3041,0,0,0,0
2009.3068,0,0,0,0
2009.3096,0,0,0,0
2009.3123,0,0,0,0
2009.3151,0,0,0,0
2009.3178,0,0,0,0
2009.3205,0,0,0,0
2009.3233,0,0,0,0
2009.326,0,0,0,0
2009.3288,0,0,0,0
2009.3315,0,0,0,0
2009.3342,0,0,0,0
2009.337,0,0,0,0
2009.3397,0,0,0,0
2009.3425,0,0,0,0
2009.3452,0,0,0,0
2009.3479,0,0,0,0
2009.3507,0,0,0,0
2009.3534,0,0,0,0
2009.3562,0,0,0,0
2009.3589,0,0,0,0
2009.3616,0,0,0,0
2009.3644,0,0,0,0
2009.3671,0,0,0,0
2009.3699,0,0,0,0
2009.3726,0,0,0,0
2009.3753,0,0,0,0
2009.3781,0,0,0,0
2009.3808,0,0,0,0
2009.3836,0,0,0,0
2009.3863,0,0,0,0
2009.389,0,0,0,0
2009.3918,0,0,0,0
2009.3945,0,0,0,0
2009.3973,0,0,0,0
2009.4,0,0,0,0
2009.4027,0,0,0,0
2009.4055,0,0,0,0
2009.4082,0,0,0,0
2009.411,0,0,0,0
2009.4137,0,0,0,0
2009.4164,0,0,0,0
2009.4192,0,0,0,0
2009.4219,0,0,0,0
2009.4247,0,0,0,0
2009.4274,0,0,0,0
2009.4301,0,0,0,0
2009.4329,0,0,0,0
2009.4356,0,0,0,0
2009.4384,0,0,0,0
2009.4411,0,0,0,0
2009.4438,0,0,0,0
2009.4466,0,0,0,0
2009.4493,0,0,0,0
2009.4521,0,0,0,0
2009.4548,0,0,0,0
2009.4575,0,0,0,0
2009.4603,0,0,0,0
2009.463,0,0,0,0
2009.4658,0,0,0,0
2009.4685,0,0,0,0
2009.4712,0,0,0,0
2009.474,0,0,0,0
2009.4767,0,0,0,0
2009.4795,0,0,0,0
2009.4822,0,0,0,0
2009.4849,0,0,0,0
2009.4877,0,0,0,0
2009.4904,0,0,0,0
2009.4932,0,0,0,0
2009.4959,0,0,0,0
2009.4986,0,0,0,0
2009.5014,0,0,0,0
2009.5041,0,0,0,0
2009.5068,0,0,0,0
2009.5096,0,0,0,0
2009.5123,0,0,0,0
2009.5151,0,0,0,0
2009.5178,0,0,0,0
2009.5205,0,0,0,0
2009.5233,0,0,0,0
2009.526,0,0,0,0
2009.5288,0,0,0,0
2009.5315,0,0,0,0
2009.5342,0,0,0,0
2009.537,0,0,0,0
2009.5397,0,0,0,0
2009.5425,0,0,0,0
2009.5452,0,0,0,0
2009.5479,0,0,0,0
2009.5507,0,0,0,0
2009.5534,0,0,0,0
2009.5562,0,0,0,0
2009.5589,0,0,0,0
2009.5616,0,0,0,0
2009.5644,0,0,0,0
2009.5671,0,0,0,0
2009.5699,0,0,0,0
2009.5726,0,0,0,0
2009.5753,0,0,0,0
2009.5781,0,0,0,0
2009.5808,0,0,0,0
2009.5836,0,0,0,0
2009.5863,0,0,0,0
2009.589,0,0,0,0
2009.5918,0,0,0,0
2009.5945,0,0,0,0
2009.5973,0,0,0,0
2009.6,0,0,0,0
2009.6027,0,0,0,0
2009.6055,0,0,0,0
2009.6082,0,0,0,0
2009.611,0,0,0,0
2009.6137,0,0,0,0
2009.6164,0,0,0,0
2009.6192,0,0,0,0
2009.6219,0,0,0,0
2009.6247,0,0,0,0
2009.6274,0,0,0,0
2009.6301,0,0,0,0
2009.6329,0,0,0,0
2009.6356,0,0,0,0
2009.6384,0,0,0,0
2009.6411,0,0,0,0
2009.6438,0,0,0,0
2009.6466,0,0,0,0
2009.6493,0,0,0,0
2009.6521,0,0,0,0
2009.6548,0,0,0,0
2009.6575,0,0,0,0
2009.6603,0,0,0,0
2009.663,0,0,0,0
2009.6658,0,0,0,0
2009.6685,0,0,0,0
2009.6712,0,0,0,0
2009.674,0,0,0,0
2009.6767,0,0,0,0
2009.6795,0,0,0,0
2009.6822,0,0,0,0
2009.6849,0,0,0,0
2009.6877,0,0,0,0
2009.6904,0,0,0,0
2009.6932,0,0,0,0
2009.6959,0,0,0,0
2009.6986,0,0,0,0
2009.7014,0,0,0,0
2009.7041,0,0,0,0
2009.7068,0,0,0,0
2009.7096,0,0,0,0
2009.7123,0,0,0,0
2009.7151,0,0,0,0
2009.7178,0,0,0,0
2009.7205,0,0,0,0
2009.7233,0,0,0,0
2009.726,0,0,0,0
2009.7288,0,0,0,0
2009.7315,0,0,0,0
2009.7342,0,0,0,0
2009.737,0,0,0,0
2009.7397,0,0,0,0
2009.7425,0,0,0,0
2009.7452,0,0,0,0
2009.7479,0,0,0,0
2009.7507,0,0,0,0
2009.7534,0,0,0,0
2009.7562,0,0,0,0
2009.7589,0,0,0,0
2009.7616,0,0,0,0
2009.7644,0,0,0,0
2009.7671,0,0,0,0
2009.7699,0,0,0,0
2009.7726,0,0,0,0
2009.7753,0,0,0,0
2009.7781,0,0,0,0
2009.7808,0,0,0,0
2009.7836,0,0,0,0
2009.7863,0,0,0,0
2009.789,0,0,0,0
2009.7918,0,0,0,0
2009.7945,0,0,0,0
2009.7973,0,0,0,0
2009.8,0,0,0,0
2009.8027,0,0,0,0
2009.8055,0,0,0,0
2009.8082,0,0,0,0
2009.811,0,0,0,0
2009.8137,0,0,0,0
2009.8164,0,0,0,0
2009.8192,0,0,0,0
2009.8219,0,0,0,0
2009.8247,0,0,0,0
2009.8274,0,0,0,0
2009.8301,0,0,0,0
2009.8329,0,0,0,0
2009.8356,0,0,0,0
2009.8384,0,0,0,0
2009.8411,0,0,0,0
2009.8438,0,0,0,0
2009.8466,0,0,0,0
2009.8493,0,0,0,0
2009.8521,0,0,0,0
2009.8548,0,0,0,0
2009.8575,0,0,0,0
2009.8603,0,0,0,0
2009.863,0,0,0,0
2009.8658,0,0,0,0
2009.8685,0,0,0,0
2009.8712,0,0,0,0
2009.874,0,0,0,0
2009.8767,0,0,0,0
2009.8795,0,0,0,0
2009.8822,0,0,0,0
2009.8849,0,0,0,0
2009.8877,0,0,0,0
2009.8904,0,0,0,0
2009.8932,0,0,0,0
2009.8959,0,0,0,0
2009.8986,0,0,0,0
2009.9014,0,0,0,0
2009.9041,0,0,0,0
2009.9068,0,0,0,0
2009.9096,0,0,0,0
2009.9123,0,0,0,0
2009.9151,0,0,0,0
2009.9178,0,0,0,0
2009.9205,0,0,0,0
2009.9233,0,0,0,0
2009.926,0,0,0,0
2009.9288,0,0,0,0
2009.9315,0,0,0,0
2009.9342,0,0,0,0
2009.937,0,0,0,0
2009.9397,0,0,0,0
2009.9425,0,0,0,0
2009.9452,0,0,0,0
2009.9479,0,0,0,0
2009.9507,0,0,0,0
2009.9534,0,0,0,0
2009.9562,0,0,0,0
2009.9589,0,0,0,0
2009.9616,0,0,0,0
2009.9644,0,0,0,0
2009.9671,0,0,0,0
2009.9699,0,0,0,0
2009.9726,0,0,0,0
2009.9753,0,0,0,0
2009.9781,0,0,0,0
2009.9808,0,0,0,0
2009.9836,0,0,0,0
2009.9863,0,0,0,0
2009.989,0,0,0,0
2009.9918,0,0,0,0
2009.9945,0,0,0,0
2009.9973,0,0,0,0
2010,0,0,0,0
2010.0027,0,0,0,0
2010.0055,0,0,0,0
2010.0082,0,0,0,0
2010.011,0,0,0,0
2010.0137,0,0,0,0
2010.0164,0,0,0,0
2010.0192,0,0,0,0
2010.0219,0,0,0,0
2010.0247,0,0,0,0
2010.0274,0,0,0,0
2010.0301,0,0,0,0
2010.0329,0,0,0,0
2010.0356,0,0,0,0
2010.0384,0,0,0,0
2010.0411,0,0,0,0
2010.0438,0,0,0,0
2010.0466,0,0,0,0
2010.0493,0,0,0,0
2010.0521,0,0,0,0
2010.0548,0,0,0,0
2010.0575,0,0,0,0
2010.0603,0,0,0,0
2010.063,0,0,0,0
2010.0658,0,0,0,0
2010.0685,0,0,0,0
2010.0712,0,0,0,0
2010.074,0,0,0,0
2010.0767,0,0,0,0
2010.0795,0,0,0,0
2010.0822,0,0,0,0
2010.0849,0,0,0,0
2010.0877,0,0,0,0
2010.0904,0,0,0,0
2010.0932,0,0,0,0
2010.0959,0,0,0,0
2010.0986,0,0,0,0
2010.1014,0,0,0,0
2010.1041,0,0,0,0
2010.1068,0,0,0,0
2010.1096,0,0,0,0
2010.1123,0,0,0,0
2010.1151,0,0,0,0
2010.1178,0,0,0,0
2010.1205,0,0,0,0
2010.1233,0,0,0,0
2010.126,0,0,0,0
2010.1288,0,0,0,0
2010.1315,0,0,0,0
2010.1342,0,0,0,0
2010.137,0,0,0,0
2010.1397,0,0,0,0
2010.1425,0,0,0,0
2010.1452,0,0,0,0
2010.1479,0,0,0,0
2010.1507,0,0,0,0
2010.1534,0,0,0,0
2010.1562,0,0,0,0
2010.1589,0,0,0,0
2010.1616,0,0,0,0
2010.1644,0,0,0,0
2010.1671,0,0,0,0
2010.1699,0,0,0,0
2010.1726,0,0,0,0
2010.1753,0,0,0,0
2010.1781,0,0,0,0
2010.1808,0,0,0,0
2010.1836,0,0,0,0
2010.1863,0,0,0,0
2010.189,0,0,0,0
2010.1918,0,0,0,0
2010.1945,0,0,0,0
2010.1973,0,0,0,0
2010.2,0,0,0,0
2010.2027,0,0,0,0
2010.2055,0,0,0,0
2010.2082,0,0,0,0
2010.211,0,0,0,0
2010.2137,0,0,0,0
2010.2164,0,0,0,0
2010.2192,0,0,0,0
2010.2219,0,0,0,0
2010.2247,0,0,0,0
2010.2274,0,0,0,0
2010.2301,0,0,0,0
2010.2329,0,0,0,0
2010.2356,0,0,0,0
2010.2384,0,0,0,0
2010.2411,0,0,0,0
2010.2438,0,0,0,0
2010.2466,0,0,0,0
2010.2493,0,0,0,0
2010.2521,0,0,0,0
2010.2548,0,0,0,0
2010.2575,0,0,0,0
2010.2603,0,0,0,0
2010.263,0,0,0,0
2010.2658,0,0,0,0
2010.2685,0,0,0,0
2010.2712,0,0,0,0
2010.274,0,0,0,0
2010.2767,0,0,0,0
2010.2795,0,0,0,0
2010.2822,0,0,0,0
2010.2849,0,0,0,0
2010.2877,0,0,0,0
2010.2904,0,0,0,0
2010.2932,0,0,0,0
2010.2959,0,0,0,0
2010.2986,0,0,0,0
2010.3014,0,0,0,0
2010.3041,0,0,0,0
2010.3068,0,0,0,0
2010.3096,0,0,0,0
2010.3123,0,0,0,0
2010.3151,0,0,0,0
2010.3178,0,0,0,0
2010.3205,0,0,0,0
2010.3233,0,0,0,0
2010.326,0,0,0,0
2010.3288,0,0,0,0
2010.3315,0,0,0,0
2010.3342,0,0,0,0
2010.337,0,0,0,0
2010.3397,0,0,0,0
2010.3425,0,0,0,0
2010.3452,0,0,0,0
2010.3479,0,0,0,0
2010.3507,0,0,0,0
2010.3534,0,0,0,0
2010.3562,0,0,0,0
2010.3589,0,0,0,0
2010.3616,0,0,0,0
2010.3644,0,0,0,0
2010.3671,0,0,0,0
2010.3699,0,0,0,0
2010.3726,0,0,0,0
2010.3753,0,0,0,0
2010.3781,0,0,0,0
2010.3808,0,0,0,0
2010.3836,0,0,0,0
2010.3863,0,0,0,0
2010.389,0,0,0,0
2010.3918,0,0,0,0
2010.3945,0,0,0,0
2010.3973,0,0,0,0
2010.4,0,0,0,0
2010.4027,0,0,0,0
2010.4055,0,0,0,0
2010.4082,0,0,0,0
2010.411,0,0,0,0
2010.4137,0,0,0,0
2010.4164,0,0,0,0
2010.4192,0,0,0,0
2010.4219,0,0,0,0
2010.4247,0,0,0,0
2010.4274,0,0,0,0
2010.4301,0,0,0,0
2010.4329,0,0,0,0
2010.4356,0,0,0,0
2010.4384,0,0,0,0
2010.4411,0,0,0,0
2010.4438,0,0,0,0
2010.4466,0,0,0,0
2010.4493,0,0,0,0
2010.4521,0,0,0,0
2010.4548,0,0,0,0
2010.4575,0,0,0,0
2010.4603,0,0,0,0
2010.463,0,0,0,0
2010.4658,0,0,0,0
2010.4685,0,0,0,0
2010.4712,0,0,0,0
2010.474,0,0,0,0
2010.4767,0,0,0,0
2010.4795,0,0,0,0
2010.4822,0,0,0,0
2010.4849,0,0,0,0
2010.4877,0,0,0,0
2010.4904,0,0,0,0
2010.4932,0,0,0,0
2010.4959,0,0,0,0
2010.4986,0,0,0,0
2010.5014,0,0,0,0
2010.5041,0,0,0,0
2010.5068,0,0,0,0
2010.5096,0,0,0,0
2010.5123,0,0,0,0
2010.5151,0,0,0,0
2010.5178,0,0,0,0
2010.5205,0,0,0,0
2010.5233,0,0,0,0
2010.526,0,0,0,0
2010.5288,0,0,0,0
2010.5315,0,0,0,0
2010.5342,0,0,0,0
2010.537,0,0,0,0
2010.5397,0,0,0,0
2010.5425,0,0,0,0
2010.5452,0,0,0,0
2010.5479,0,0,0,0
2010.5507,0,0,0,0
2010.5534,0,0,0,0
2010.5562,0,0,0,0
2010.5589,0,0,0,0
2010.5616,0,0,0,0
2010.5644,0,0,0,0
2010.5671,0,0,0,0
2010.5699,0,0,0,0
2010.5726,0,0,0,0
2010.5753,0,0,0,0
2010.5781,0,0,0,0
2010.5808,0,0,0,0
2010.5836,0,0,0,0
2010.5863,0,0,0,0
2010.589,0,0,0,0
2010.5918,0,0,0,0
2010.5945,0,0,0,0
2010.5973,0,0,0,0
2010.6,0,0,0,0
2010.6027,0,0,0,0
2010.6055,0,0,0,0
2010.6082,0,0,0,0
2010.611,0,0,0,0
2010.6137,0,0,0,0
2010.6164,0,0,0,0
2010.6192,0,0,0,0
2010.6219,0,0,0,0
2010.6247,0,0,0,0
2010.6274,0,0,0,0
2010.6301,0,0,0,0
2010.6329,0,0,0,0
2010.6356,0,0,0,0
2010.6384,0,0,0,0
2010.6411,0,0,0,0
2010.6438,0,0,0,0
2010.6466,0,0,0,0
2010.6493,0,0,0,0
2010.6521,0,0,0,0
2010.6548,0,0,0,0
2010.6575,0,0,0,0
2010.6603,0,0,0,0
2010.663,0,0,0,0
2010.6658,0,0,0,0
2010.6685,0,0,0,0
2010.6712,0,0,0,0
2010.674,0,0,0,0
2010.6767,0,0,0,0
2010.6795,0,0,0,0
2010.6822,0,0,0,0
2010.6849,0,0,0,0
2010.6877,0,0,0,0
2010.6904,0,0,0,0
2010.6932,0,0,0,0
2010.6959,0,0,0,0
2010.6986,0,0,0,0
2010.7014,0,0,0,0
2010.7041,0,0,0,0
2010.7068,0,0,0,0
2010.7096,0,0,0,0
2010.7123,0,0,0,0
2010.7151,0,0,0,0
2010.7178,0,0,0,0
2010.7205,0,0,0,0
2010.7233,0,0,0,0
2010.726,0,0,0,0
2010.7288,0,0,0,0
2010.7315,0,0,0,0
2010.7342,0,0,0,0
2010.737,0,0,0,0
2010.7397,0,0,0,0
2010.7425,0,0,0,0
2010.7452,0,0,0,0
2010.7479,0,0,0,0
2010.7507,0,0,0,0
2010.7534,0,0,0,0
2010.7562,0,0,0,0
2010.7589,0,0,0,0
2010.7616,0,0,0,0
2010.7644,0,0,0,0
2010.7671,0,0,0,0
2010.7699,0,0,0,0
2010.7726,0,0,0,0
2010.7753,0,0,0,0
2010.7781,0,0,0,0
2010.7808,0,0,0,0
2010.7836,0,0,0,0
2010.7863,0,0,0,0
2010.789,0,0,0,0
2010.7918,0,0,0,0
2010.7945,0,0,0,0
2010.7973,0,0,0,0
2010.8,0,0,0,0
2010.8027,0,0,0,0
2010.8055,0,0,0,0
2010.8082,0,0,0,0
2010.811,0,0,0,0
2010.8137,0,0,0,0
2010.8164,0,0,0,0
2010.8192,0,0,0,0
2010.8219,0,0,0,0
2010.8247,0,0,0,0
2010.8274,0,0,0,0
2010.8301,0,0,0,0
2010.8329,0,0,0,0
2010.8356,0,0,0,0
2010.8384,0,0,0,0
2010.8411,0,0,0,0
2010.8438,0,0,0,0
2010.8466,0,0,0,0
2010.8493,0,0,0,0
2010.8521,0,0,0,0
2010.8548,0,0,0,0
2010.8575,0,0,0,0
2010.8603,0,0,0,0
2010.863,0,0,0,0
2010.8658,0,0,0,0
2010.8685,0,0,0,0
2010.8712,0,0,0,0
2010.874,0,0,0,0
2010.8767,0,0,0,0
2010.8795,0,0,0,0
2010.8822,0,0,0,0
2010.8849,0,0,0,0
2010.8877,0,0,0,0
2010.8904,0,0,0,0
2010.8932,0,0,0,0
2010.8959,1,0,0,0
2010.8986,0,0,0,0
2010.9014,0,0,0,0
2010.9041,0,0,0,0
2010.9068,0,0,0,0
2010.9096,0,0,0,0
2010.9123,0,0,0,0
2010.9151,0,0,0,0
2010.9178,0,0,0,0
2010.9205,0,0,0,0
2010.9233,0,0,0,0
2010.926,0,0,0,0
2010.9288,0,0,0,0
2010.9315,0,0,0,0
2010.9342,0,0,0,0
2010.937,0,0,0,0
2010.9397,0,0,0,0
2010.9425,0,0,0,0
2010.9452,0,0,0,0
2010.9479,0,0,0,0
2010.9507,0,0,0,0
2010.9534,0,0,0,0
2010.9562,0,0,0,0
2010.9589,0,0,0,0
2010.9616,0,0,0,0
2010.9644,0,0,0,0
2010.9671,0,0,0,0
2010.9699,0,0,0,0
2010.9726,0,0,0,0
2010.9753,0,0,0,0
2010.9781,0,0,0,0
2010.9808,0,0,0,0
2010.9836,0,0,0,0
2010.9863,0,0,0,0
2010.989,0,0,0,0
2010.9918,0,0,0,0
2010.9945,0,0,0,0
2010.9973,0,0,0,0
2011,0,0,0,0
2011.0027,0,0,0,0
2011.0055,0,0,0,0
2011.0082,0,0,0,0
2011.011,0,0,0,0
2011.0137,0,0,0,0
2011.0164,0,0,0,0
2011.0192,0,0,0,0
2011.0219,0,0,0,0
2011.0247,0,0,0,0
2011.0274,0,0,0,0
2011.0301,0,0,0,0
2011.0329,0,0,0,0
2011.0356,0,0,0,0
2011.0384,0,0,0,0
2011.0411,0,0,0,0
2011.0438,0,0,0,0
2011.0466,0,0,0,0
2011.0493,0,0,0,0
2011.0521,0,0,0,0
2011.0548,0,0,0,0
2011.0575,0,0,0,0
2011.0603,0,0,0,0
2011.063,0,0,0,0
2011.0658,0,0,0,0
2011.0685,0,0,0,0
2011.0712,0,0,0,0
2011.074,0,0,0,0
2011.0767,0,0,0,0
2011.0795,0,0,0,0
2011.0822,0,0,0,0
2011.0849,0,0,0,0
2011.0877,0,0,0,0
2011.0904,0,0,0,0
2011.0932,0,0,0,0
2011.0959,0,0,0,0
2011.0986,0,0,0,0
2011.1014,0,0,0,0
2011.1041,0,0,0,0
2011.1068,0,0,0,0
2011.1096,0,0,0,0
2011.1123,0,0,0,0
2011.1151,0,0,0,0
2011.1178,0,0,0,0
2011.1205,0,0,0,0
2011.1233,0,0,0,0
2011.126,0,0,0,0
2011.1288,0,0,0,0
2011.1315,0,0,0,0
2011.1342,0,0,0,0
2011.137,0,0,0,0
2011.1397,0,0,0,0
2011.1425,0,0,0,0
2011.1452,0,0,0,0
2011.1479,0,0,0,0
2011.1507,0,0,0,0
2011.1534,0,0,0,0
2011.1562,0,0,0,0
2011.1589,0,0,0,0
2011.1616,0,0,0,0
2011.1644,0,0,0,0
2011.1671,0,0,0,0
2011.1699,0,0,0,0
2011.1726,0,0,0,0
2011.1753,0,0,0,0
2011.1781,0,0,0,0
2011.1808,0,0,0,0
2011.1836,0,0,0,0
2011.1863,0,0,0,0
2011.189,0,0,0,0
2011.1918,0,0,0,0
2011.1945,0,0,0,0
2011.1973,0,0,0,0
2011.2,0,0,0,0
2011.2027,0,0,0,0
2011.2055,0,0,0,0
2011.2082,0,0,0,0
2011.211,0,0,0,0
2011.2137,0,0,0,0
2011.2164,0,0,0,0
2011.2192,0,0,0,0
2011.2219,0,0,0,0
2011.2247,0,0,0,0
2011.2274,0,0,0,0
2011.2301,0,0,0,0
2011.2329,0,0,0,0
2011.2356,0,0,0,0
2011.2384,0,0,0,0
2011.2411,0,0,0,0
2011.2438,0,0,0,0
2011.2466,0,0,0,0
2011.2493,0,0,0,0
2011.2521,0,0,0,0
2011.2548,0,0,0,0
2011.2575,0,0,0,0
2011.2603,0,0,0,0
2011.263,0,0,0,0
2011.2658,0,0,0,0
2011.2685,0,0,0,0
2011.2712,0,0,0,0
2011.274,0,0,0,0
2011.2767,0,0,0,0
2011.2795,0,0,0,0
2011.2822,0,0,0,0
2011.2849,0,0,0,0
2011.2877,0,0,0,0
2011.2904,0,0,0,0
2011.2932,0,0,0,0
2011.2959,0,0,0,0
2011.2986,0,0,0,0
2011.3014,0,0,0,0
2011.3041,0,0,0,0
2011.3068,0,0,0,0
2011.3096,0,0,0,0
2011.3123,0,0,0,0
2011.3151,0,0,0,0
2011.3178,0,0,0,0
2011.3205,0,0,0,0
2011.3233,0,0,0,0
2011.326,0,0,0,0
2011.3288,0,0,0,0
2011.3315,0,0,0,0
2011.3342,0,0,0,0
2011.337,0,0,0,0
2011.3397,0,0,0,0
2011.3425,0,0,0,0
2011.3452,0,0,0,0
2011.3479,0,0,0,0
2011.3507,0,0,0,0
2011.3534,0,0,0,0
2011.3562,0,0,0,0
2011.3589,0,0,0,0
2011.3616,0,0,0,0
2011.3644,0,0,0,0
2011.3671,0,0,0,0
2011.3699,0,0,0,0
2011.3726,0,0,0,0
2011.3753,0,0,0,0
2011.3781,0,0,0,0
2011.3808,0,0,0,0
2011.3836,0,0,0,0
2011.3863,0,0,0,0
2011.389,0,0,0,0
2011.3918,0,0,0,0
2011.3945,0,0,0,0
2011.3973,0,0,0,0
2011.4,0,0,0,0
2011.4027,0,0,0,0
2011.4055,0,0,0,0
2011.4082,0,0,0,0
2011.411,0,0,0,0
2011.4137,0,0,0,0
2011.4164,0,0,0,0
2011.4192,0,0,0,0
2011.4219,0,0,0,0
2011.4247,0,0,0,0
2011.4274,0,0,0,0
2011.4301,0,0,0,0
2011.4329,0,0,0,0
2011.4356,0,0,0,0
2011.4384,0,0,0,0
2011.4411,0,0,0,0
2011.4438,0,0,0,0
2011.4466,0,0,0,0
2011.4493,0,0,0,0
2011.4521,0,0,0,0
2011.4548,0,0,0,0
2011.4575,0,0,0,0
2011.4603,0,0,0,0
2011.463,0,0,0,0
2011.4658,0,0,0,0
2011.4685,0,0,0,0
2011.4712,0,0,0,0
2011.474,0,0,0,0
2011.4767,0,0,0,0
2011.4795,0,0,0,0
2011.4822,0,0,0,0
2011.4849,0,0,0,0
2011.4877,0,0,0,0
2011.4904,0,0,0,0
2011.4932,0,0,0,0
2011.4959,0,0,0,0
2011.4986,0,0,0,0
2011.5014,0,0,0,0
2011.5041,0,0,0,0
2011.5068,0,0,0,0
2011.5096,0,0,0,0
2011.5123,0,0,0,0
2011.5151,0,0,0,0
2011.5178,0,0,0,0
2011.5205,0,0,0,0
2011.5233,0,0,0,0
2011.526,0,0,0,0
2011.5288,0,0,0,0
2011.5315,0,0,0,0
2011.5342,0,0,0,0
2011.537,0,0,0,0
2011.5397,0,0,0,0
2011.5425,0,0,0,0
2011.5452,0,0,0,0
2011.5479,0,0,0,0
2011.5507,0,0,0,0
2011.5534,0,0,0,0
2011.5562,0,0,0,0
2011.5589,0,0,0,0
2011.5616,0,0,0,0
2011.5644,0,0,0,0
2011.5671,0,0,0,0
2011.5699,0,0,0,0
2011.5726,0,0,0,0
2011.5753,0,0,0,0
2011.5781,0,0,0,0
2011.5808,0,0,0,0
2011.5836,0,0,0,0
2011.5863,0,0,0,0
2011.589,0,0,0,0
2011.5918,0,0,0,0
2011.5945,0,0,0,0
2011.5973,0,0,0,0
2011.6,0,0,0,0
2011.6027,0,0,0,0
2011.6055,0,0,0,0
2011.6082,0,0,0,0
2011.611,0,0,0,0
2011.6137,0,0,0,0
2011.6164,0,0,0,0
2011.6192,0,0,0,0
2011.6219,0,0,0,0
2011.6247,0,0,0,0
2011.6274,0,0,0,0
2011.6301,0,0,0,0
2011.6329,0,0,0,0
2011.6356,0,0,0,0
2011.6384,0,0,0,0
2011.6411,0,0,0,0
2011.6438,0,0,0,0
2011.6466,0,0,0,0
2011.6493,0,0,0,0
2011.6521,0,0,0,0
2011.6548,0,0,0,0
2011.6575,0,0,0,0
2011.6603,0,0,0,0
2011.663,0,0,0,0
2011.6658,0,0,0,0
2011.6685,0,0,0,0
2011.6712,0,0,0,0
2011.674,0,0,0,0
2011.6767,0,0,0,0
2011.6795,0,0,0,0
2011.6822,0,0,0,0
2011.6849,0,0,0,0
2011.6877,0,0,0,0
2011.6904,0,0,0,0
2011.6932,0,0,0,0
2011.6959,0,0,0,0
2011.6986,0,0,0,0
2011.7014,0,0,0,0
2011.7041,0,0,0,0
2011.7068,0,0,0,0
2011.7096,0,0,0,0
2011.7123,0,0,0,0
2011.7151,0,0,0,0
2011.7178,0,0,0,0
2011.7205,0,0,0,0
2011.7233,0,0,0,0
2011.726,0,0,0,0
2011.7288,0,0,0,0
2011.7315,0,0,0,0
2011.7342,0,0,0,0
2011.737,0,0,0,0
2011.7397,0,0,0,0
2011.7425,0,0,0,0
2011.7452,0,0,0,0
2011.7479,0,0,0,0
2011.7507,0,0,0,0
2011.7534,0,0,0,0
2011.7562,0,0,0,0
2011.7589,0,0,0,0
2011.7616,0,0,0,0
2011.7644,0,0,0,0
2011.7671,0,0,0,0
2011.7699,0,0,0,0
2011.7726,0,0,0,0
2011.7753,0,0,0,0
2011.7781,0,0,0,0
2011.7808,0,0,0,0
2011.7836,0,0,0,0
2011.7863,0,0,0,0
2011.789,0,0,0,0
2011.7918,0,0,0,0
2011.7945,0,0,0,0
2011.7973,0,0,0,0
2011.8,0,0,0,0
2011.8027,0,0,0,0
2011.8055,0,0,0,0
2011.8082,0,0,0,0
2011.811,0,0,0,0
2011.8137,0,0,0,0
2011.8164,0,0,0,0
2011.8192,0,0,0,0
2011.8219,0,0,0,0
2011.8247,0,0,0,0
2011.8274,0,0,0,0
2011.8301,0,0,0,0
2011.8329,0,0,0,0
2011.8356,0,0,0,0
2011.8384,0,0,0,0
2011.8411,0,0,0,0
2011.8438,0,0,0,0
2011.8466,0,0,0,0
2011.8493,0,0,0,0
2011.8521,0,0,0,0
2011.8548,0,0,0,0
2011.8575,0,0,0,0
2011.8603,0,0,0,0
2011.863,0,0,0,0
2011.8658,0,0,0,0
2011.8685,0,0,0,0
2011.8712,0,0,0,0
2011.874,0,0,0,0
2011.8767,0,0,0,0
2011.8795,0,0,0,0
2011.8822,0,0,0,0
2011.8849,0,0,0,0
2011.8877,0,0,0,0
2011.8904,0,0,0,0
2011.8932,0,0,0,0
2011.8959,0,0,0,0
2011.8986,0,0,0,0
2011.9014,0,0,0,0
2011.9041,0,0,0,0
2011.9068,0,0,0,0
2011.9096,0,0,0,0
2011.9123,0,0,0,0
2011.9151,0,0,0,0
2011.9178,0,0,0,0
2011.9205,0,0,0,0
2011.9233,0,0,0,0
2011.926,0,0,0,0
2011.9288,0,0,0,0
2011.9315,0,0,0,0
2011.9342,0,0,0,0
2011.937,0,0,0,0
2011.9397,0,0,0,0
2011.9425,0,0,0,0
2011.9452,0,0,0,0
2011.9479,0,0,0,0
2011.9507,0,0,0,0
2011.9534,0,0,0,0
2011.9562,0,0,0,0
2011.9589,0,0,0,0
2011.9616,0,0,0,0
2011.9644,0,0,0,0
2011.9671,0,0,0,0
2011.9699,0,0,0,0
2011.9726,0,0,0,0
2011.9753,0,0,0,0
2011.9781,0,0,0,0
2011.9808,0,0,0,0
2011.9836,0,0,0,0
2011.9863,0,0,0,0
2011.989,0,0,0,0
2011.9918,0,0,0,0
2011.9945,0,0,0,0
2011.9973,0,0,0,0
2012,0,0,0,0
2012.0027,0,0,0,0
2012.0055,0,0,0,0
2012.0082,0,0,0,0
2012.011,0,0,0,0
2012.0137,0,0,0,0
2012.0164,0,0,0,0
2012.0192,0,0,0,0
2012.0219,0,0,0,0
2012.0247,0,0,0,0
2012.0274,0,0,0,0
2012.0301,0,0,0,0
2012.0329,0,0,0,0
2012.0356,0,0,0,0
2012.0384,0,0,0,0
2012.0411,0,0,0,0
2012.0438,0,0,0,0
2012.0466,0,0,0,0
2012.0493,0,0,0,0
2012.0521,0,0,0,0
2012.0548,0,0,0,0
2012.0575,0,0,0,0
2012.0603,0,0,0,0
2012.063,0,0,0,0
2012.0658,0,0,0,0
2012.0685,0,0,0,0
2012.0712,0,0,0,0
2012.074,0,0,0,0
2012.0767,0,0,0,0
2012.0795,0,0,0,0
2012.0822,0,0,0,0
2012.0849,0,0,0,0
2012.0877,0,0,0,0
2012.0904,0,0,0,0
2012.0932,0,0,0,0
2012.0959,0,0,0,0
2012.0986,0,0,0,0
2012.1014,0,0,0,0
2012.1041,0,0,0,0
2012.1068,0,0,0,0
2012.1096,0,0,0,0
2012.1123,0,0,0,0
2012.1151,0,0,0,0
2012.1178,0,0,0,0
2012.1205,0,0,0,0
2012.1233,0,0,0,0
2012.126,0,0,0,0
2012.1288,0,0,0,0
2012.1315,0,0,0,0
2012.1342,0,0,0,0
2012.137,0,0,0,0
2012.1397,0,0,0,0
2012.1425,0,0,0,0
2012.1452,0,0,0,0
2012.1479,0,0,0,0
2012.1507,0,0,0,0
2012.1534,0,0,0,0
2012.1562,0,0,0,0
2012.1589,0,0,0,0
2012.1616,0,0,0,0
2012.1644,0,0,0,0
2012.1671,0,0,0,0
2012.1699,0,0,0,0
2012.1726,0,0,0,0
2012.1753,0,0,0,0
2012.1781,0,0,0,0
2012.1808,0,0,0,0
2012.1836,0,0,0,0
2012.1863,0,0,0,0
2012.189,0,0,0,0
2012.1918,0,0,0,0
2012.1945,0,0,0,0
2012.1973,0,0,0,0
2012.2,0,0,0,0
2012.2027,0,0,0,0
2012.2055,0,0,0,0
2012.2082,0,0,0,0
2012.211,0,0,0,0
2012.2137,0,0,0,0
2012.2164,0,0,0,0
2012.2192,0,0,0,0
2012.2219,0,0,0,0
2012.2247,0,0,0,0
2012.2274,0,0,0,0
2012.2301,0,0,0,0
2012.2329,0,0,0,0
2012.2356,0,0,0,0
2012.2384,0,0,0,0
2012.2411,0,0,0,0
2012.2438,0,0,0,0
2012.2466,0,0,0,0
2012.2493,0,0,0,0
2012.2521,0,0,0,0
2012.2548,0,0,0,0
2012.2575,0,0,0,0
2012.2603,0,0,0,0
2012.263,0,0,0,0
2012.2658,0,0,0,0
2012.2685,0,0,0,0
2012.2712,0,0,0,0
2012.274,0,0,0,0
2012.2767,0,0,0,0
2012.2795,0,0,0,0
2012.2822,0,0,0,0
2012.2849,0,0,0,0
2012.2877,0,0,0,0
2012.2904,0,0,0,0
2012.2932,0,0,0,0
2012.2959,0,0,0,0
2012.2986,0,0,0,0
2012.3014,0,0,0,0
2012.3041,0,0,0,0
2012.3068,0,0,0,0
2012.3096,0,0,0,0
2012.3123,0,0,0,0
2012.3151,0,0,0,0
2012.3178,0,0,0,0
2012.3205,0,0,0,0
2012.3233,0,0,0,0
2012.326,0,0,0,0
2012.3288,0,0,0,0
2012.3315,0,0,0,0
2012.3342,0,0,0,0
2012.337,0,0,0,0
2012.3397,0,0,0,0
2012.3425,0,0,0,0
2012.3452,0,0,0,0
2012.3479,0,0,0,0
2012.3507,0,0,0,0
2012.3534,0,0,0,0
2012.3562,0,0,0,0
2012.3589,0,0,0,0
2012.3616,0,0,0,0
2012.3644,0,0,0,0
2012.3671,0,0,0,0
2012.3699,0,0,0,0
2012.3726,0,0,0,0
2012.3753,0,0,0,0
2012.3781,0,0,0,0
2012.3808,0,0,0,0
2012.3836,0,0,0,0
2012.3863,0,0,0,0
2012.389,0,0,0,0
2012.3918,0,0,0,0
2012.3945,0,0,0,0
2012.3973,0,0,0,0
2012.4,0,0,0,0
2012.4027,0,0,0,0
2012.4055,0,0,0,0
2012.4082,0,0,0,0
2012.411,0,0,0,0
2012.4137,0,0,0,0
2012.4164,0,0,0,0
2012.4192,0,0,0,0
2012.4219,0,0,0,0
2012.4247,0,0,0,0
2012.4274,0,0,0,0
2012.4301,0,0,0,0
2012.4329,0,0,0,0
2012.4356,0,0,0,0
2012.4384,0,0,0,0
2012.4411,0,0,0,0
2012.4438,0,0,0,0
2012.4466,0,0,0,0
2012.4493,0,0,0,0
2012.4521,0,0,0,0
2012.4548,0,0,0,0
2012.4575,0,0,0,0
2012.4603,0,0,0,0
2012.463,0,0,0,0
2012.4658,0,0,0,0
2012.4685,0,0,0,0
2012.4712,0,0,0,0
2012.474,0,0,0,0
2012.4767,0,0,0,0
2012.4795,0,0,0,0
2012.4822,0,0,0,0
2012.4849,0,0,0,0
2012.4877,0,0,0,0
2012.4904,0,0,0,0
2012.4932,0,0,0,0
2012.4959,0,0,0,0
2012.4986,0,0,0,0
2012.5014,0,0,0,0
2012.5041,0,0,0,0
2012.5068,0,0,0,0
2012.5096,0,0,0,0
2012.5123,0,0,0,0
2012.5151,0,0,0,0
2012.5178,0,0,0,0
2012.5205,0,0,0,0
2012.5233,0,0,0,0
2012.526,0,0,0,0
2012.5288,0,0,0,0
2012.5315,0,0,0,0
2012.5342,0,0,0,0
2012.537,0,0,0,0
2012.5397,0,0,0,0
2012.5425,0,0,0,0
2012.5452,0,0,0,0
2012.5479,0,0,0,0
2012.5507,0,0,0,0
2012.5534,0,0,0,0
2012.5562,0,0,0,0
2012.5589,0,0,0,0
2012.5616,0,0,0,0
2012.5644,0,0,0,0
2012.5671,0,0,0,0
2012.5699,0,0,0,0
2012.5726,0,0,0,0
2012.5753,0,0,0,0
2012.5781,0,0,0,0
2012.5808,0,0,0,0
2012.5836,0,0,0,0
2012.5863,0,0,0,0
2012.589,0,0,0,0
2012.5918,0,0,0,0
2012.5945,0,0,0,0
2012.5973,0,0,0,0
2012.6,0,0,0,0
2012.6027,0,0,0,0
2012.6055,0,0,0,0
2012.6082,0,0,0,0
2012.611,0,0,0,0
2012.6137,0,0,0,0
2012.6164,0,0,0,0
2012.6192,0,0,0,0
2012.6219,0,0,0,0
2012.6247,0,0,0,0
2012.6274,0,0,0,0
2012.6301,0,0,0,0
2012.6329,0,0,0,0
2012.6356,0,0,0,0
2012.6384,0,0,0,0
2012.6411,0,0,0,0
2012.6438,0,0,0,0
2012.6466,0,0,0,0
2012.6493,0,0,0,0
2012.6521,0,0,0,0
2012.6548,0,0,0,0
2012.6575,0,0,0,0
2012.6603,0,0,0,0
2012.663,0,0,0,0
2012.6658,0,0,0,0
2012.6685,0,0,0,0
2012.6712,0,0,0,0
2012.674,0,0,0,0
2012.6767,0,0,0,0
2012.6795,0,0,0,0
2012.6822,0,0,0,0
2012.6849,0,0,0,0
2012.6877,0,0,0,0
2012.6904,0,0,0,0
2012.6932,0,0,0,0
2012.6959,0,0,0,0
2012.6986,0,0,0,0
2012.7014,0,0,0,0
2012.7041,0,0,0,0
2012.7068,0,0,0,0
2012.7096,0,0,0,0
2012.7123,0,0,0,0
2012.7151,0,0,0,0
2012.7178,0,0,0,0
2012.7205,0,0,0,0
2012.7233,0,0,0,0
2012.726,0,0,0,0
2012.7288,0,0,0,0
2012.7315,0,0,0,0
2012.7342,0,0,0,0
2012.737,0,0,0,0
2012.7397,0,0,0,0
2012.7425,0,0,0,0
2012.7452,0,0,0,0
2012.7479,0,0,0,0
2012.7507,0,0,0,0
2012.7534,0,0,0,0
2012.7562,0,0,0,0
2012.7589,0,0,0,0
2012.7616,0,0,0,0
2012.7644,0,0,0,0
2012.7671,0,0,0,0
2012.7699,0,0,0,0
2012.7726,0,0,0,0
2012.7753,0,0,0,0
2012.7781,0,0,0,0
2012.7808,0,0,0,0
2012.7836,0,0,0,0
2012.7863,0,0,0,0
2012.789,0,0,0,0
2012.7918,0,0,0,0
2012.7945,0,0,0,0
2012.7973,0,0,0,0
2012.8,0,0,0,0
2012.8027,0,0,0,0
2012.8055,0,0,0,0
2012.8082,0,0,0,0
2012.811,0,0,0,0
2012.8137,0,0,0,0
2012.8164,0,0,0,0
2012.8192,0,0,0,0
2012.8219,0,0,0,0
2012.8247,0,0,0,0
2012.8274,0,0,0,0
2012.8301,0,0,0,0
2012.8329,0,0,0,0
2012.8356,0,0,0,0
2012.8384,0,0,0,0
2012.8411,0,0,0,0
2012.8438,0,0,0,0
2012.8466,0,0,0,0
2012.8493,0,0,0,0
2012.8521,0,0,0,0
2012.8548,0,0,0,0
2012.8575,0,0,0,0
2012.8603,0,0,0,0
2012.863,0,0,0,0
2012.8658,0,0,0,0
2012.8685,0,0,0,0
2012.8712,0,0,0,0
2012.874,0,0,0,0
2012.8767,0,0,0,0
2012.8795,0,0,0,0
2012.8822,0,0,0,0
2012.8849,0,0,0,0
2012.8877,0,0,0,0
2012.8904,0,0,0,0
2012.8932,0,0,0,0
2012.8959,0,0,0,0
2012.8986,0,0,0,0
2012.9014,0,0,0,0
2012.9041,0,0,0,0
2012.9068,0,0,0,0
2012.9096,0,0,0,0
2012.9123,0,0,0,0
2012.9151,0,0,0,0
2012.9178,0,0,0,0
2012.9205,0,0,0,0
2012.9233,0,0,0,0
2012.926,0,0,0,0
2012.9288,0,0,0,0
2012.9315,0,0,0,0
2012.9342,0,0,0,0
2012.937,0,0,0,0
2012.9397,0,0,0,0
2012.9425,0,0,0,0
2012.9452,0,0,0,0
2012.9479,0,0,0,0
2012.9507,0,0,0,0
2012.9534,0,0,0,0
2012.9562,0,0,0,0
2012.9589,0,0,0,0
2012.9616,0,0,0,0
2012.9644,0,0,0,0
2012.9671,0,0,0,0
2012.9699,0,0,0,0
2012.9726,0,0,0,0
2012.9753,0,0,0,0
2012.9781,0,0,0,0
2012.9808,0,0,0,0
2012.9836,0,0,0,0
2012.9863,0,0,0,0
2012.989,0,0,0,0
2012.9918,0,0,0,0
2012.9945,0,0,0,0
2012.9973,0,0,0,0
2013,0,0,0,0
2013,0,0,0,0
2013.0027,0,0,0,0
2013.0055,0,0,0,0
2013.0082,0,0,0,0
2013.011,0,0,0,0
2013.0137,0,0,0,0
2013.0164,0,0,0,0
2013.0192,0,0,0,0
2013.0219,0,0,0,0
2013.0247,0,0,0,0
2013.0274,0,0,0,0
2013.0301,0,0,0,0
2013.0329,0,0,0,0
2013.0356,0,0,0,0
2013.0384,0,0,0,0
2013.0411,0,0,0,0
2013.0438,0,0,0,0
2013.0466,0,0,0,0
2013.0493,0,0,0,0
2013.0521,0,0,0,0
2013.0548,0,0,0,0
2013.0575,0,0,0,0
2013.0603,0,0,0,0
2013.063,0,0,0,0
2013.0658,0,0,0,0
2013.0685,0,0,0,0
2013.0712,0,0,0,0
2013.074,0,0,0,0
2013.0767,0,0,0,0
2013.0795,0,0,0,0
2013.0822,0,0,0,0
2013.0849,0,0,0,0
2013.0877,0,0,0,0
2013.0904,0,0,0,0
2013.0932,0,0,0,0
2013.0959,0,0,0,0
2013.0986,0,0,0,0
2013.1014,0,0,0,0
2013.1041,0,0,0,0
2013.1068,0,0,0,0
2013.1096,0,0,0,0
2013.1123,0,0,0,0
2013.1151,0,0,0,0
2013.1178,0,0,0,0
2013.1205,0,0,0,0
2013.1233,0,0,0,0
2013.126,0,0,0,0
2013.1288,0,0,0,0
2013.1315,0,0,0,0
2013.1342,0,0,0,0
2013.137,0,0,0,0
2013.1397,0,0,0,0
2013.1425,0,0,0,0
2013.1452,0,0,0,0
2013.1479,0,0,0,0
2013.1507,0,0,0,0
2013.1534,0,0,0,0
2013.1562,0,0,0,0
2013.1589,0,0,0,0
2013.1616,0,0,0,0
2013.1644,0,0,0,0
2013.1671,0,0,0,0
2013.1699,0,0,0,0
2013.1726,0,0,0,0
2013.1753,0,0,0,0
2013.1781,0,0,0,0
2013.1808,0,0,0,0
2013.1836,0,0,0,0
2013.1863,0,0,0,0
2013.189,0,0,0,0
2013.1918,0,0,0,0
2013.1945,0,0,0,0
2013.1973,0,0,0,0
2013.2,0,0,0,0
2013.2027,0,0,0,0
2013.2055,0,0,0,0
2013.2082,0,0,0,0
2013.211,0,0,0,0
2013.2137,0,0,0,0
2013.2164,0,0,0,0
2013.2192,0,0,0,0
2013.2219,0,0,0,0
2013.2247,0,0,0,0
2013.2274,0,0,0,0
2013.2301,0,0,0,0
2013.2329,0,0,0,0
2013.2356,0,0,0,0
2013.2384,0,0,0,0
2013.2411,0,0,0,0
2013.2438,0,0,0,0
2013.2466,0,0,0,0
2013.2493,0,0,0,0
2013.2521,0,0,0,0
2013.2548,0,0,0,0
2013.2575,0,0,0,0
2013.2603,0,0,0,0
2013.263,0,0,0,0
2013.2658,0,0,0,0
2013.2685,0,0,0,0
2013.2712,0,0,0,0
2013.274,0,0,0,0
2013.2767,0,0,0,0
2013.2795,0,0,0,0
2013.2822,0,0,0,0
2013.2849,0,0,0,0
2013.2877,0,0,0,0
2013.2904,0,0,0,0
2013.2932,0,0,0,0
2013.2959,0,0,0,0
2013.2986,0,0,0,0
2013.3014,0,0,0,0
2013.3041,0,0,0,0
2013.3068,0,0,0,0
2013.3096,0,0,0,0
2013.3123,0,0,0,0
2013.3151,0,0,0,0
2013.3178,0,0,0,0
2013.3205,0,0,0,0
2013.3233,0,0,0,0
2013.326,0,0,0,0
2013.3288,0,0,0,0
2013.3315,0,0,0,0
2013.3342,0,0,0,0
2013.337,0,0,0,0
2013.3397,0,0,0,0
2013.3425,0,0,0,0
2013.3452,0,0,0,0
2013.3479,0,0,0,0
2013.3507,0,0,0,0
2013.3534,0,0,0,0
2013.3562,0,0,0,0
2013.3589,0,0,0,0
2013.3616,0,0,0,0
2013.3644,0,0,0,0
2013.3671,0,0,0,0
2013.3699,0,0,0,0
2013.3726,0,0,0,0
2013.3753,0,0,0,0
2013.3781,0,0,0,0
2013.3808,0,0,0,0
2013.3836,0,0,0,0
2013.3863,0,0,0,0
2013.389,0,0,0,0
2013.3918,0,0,0,0
2013.3945,0,0,0,0
2013.3973,0,0,0,0
2013.4,0,0,0,0
2013.4027,0,0,0,0
2013.4055,0,0,0,0
2013.4082,0,0,0,0
2013.411,0,0,0,0
2013.4137,0,0,0,0
2013.4164,0,0,0,0
2013.4192,0,0,0,0
2013.4219,0,0,0,0
2013.4247,0,0,0,0
2013.4274,0,0,0,0
2013.4301,0,0,0,0
2013.4329,0,0,0,0
2013.4356,0,0,0,0
2013.4384,0,0,0,0
2013.4411,0,0,0,0
2013.4438,0,0,0,0
2013.4466,0,0,0,0
2013.4493,0,0,0,0
2013.4521,0,0,0,0
2013.4548,0,0,0,0
2013.4575,0,0,0,0
2013.4603,0,0,0,0
2013.463,0,0,0,0
2013.4658,0,0,0,0
2013.4685,0,0,0,0
2013.4712,0,0,0,0
2013.474,0,0,0,0
2013.4767,0,0,0,0
2013.4795,0,0,0,0
2013.4822,0,0,0,0
2013.4849,0,0,0,0
2013.4877,0,0,0,0
2013.4904,0,0,0,0
2013.4932,0,0,0,0
2013.4959,0,0,0,0
2013.4986,0,0,0,0
2013.5014,0,0,0,0
2013.5041,0,0,0,0
2013.5068,0,0,0,0
2013.5096,0,0,0,0
2013.5123,0,0,0,0
2013.5151,0,0,0,0
2013.5178,0,0,0,0
2013.5205,0,0,0,0
2013.5233,0,0,0,0
2013.526,0,0,0,0
2013.5288,0,0,0,0
2013.5315,0,0,0,0
2013.5342,0,0,0,0
2013.537,0,0,0,0
2013.5397,0,0,0,0
2013.5425,0,0,0,0
2013.5452,0,0,0,0
2013.5479,0,0,0,0
2013.5507,0,0,0,0
2013.5534,0,0,0,0
2013.5562,0,0,0,0
2013.5589,0,0,0,0
2013.5616,0,0,0,0
2013.5644,0,0,0,0
2013.5671,0,0,0,0
2013.5699,0,0,0,0
2013.5726,0,0,0,0
2013.5753,0,0,0,0
2013.5781,0,0,0,0
2013.5808,0,0,0,0
2013.5836,0,0,0,0
2013.5863,0,0,0,0
2013.589,0,0,0,0
2013.5918,0,0,0,0
2013.5945,0,0,0,0
2013.5973,0,0,0,0
2013.6,0,0,0,0
2013.6027,0,0,0,0
2013.6055,0,0,0,0
2013.6082,0,0,0,0
2013.611,0,0,0,0
2013.6137,0,0,0,0
2013.6164,0,0,0,0
2013.6192,0,0,0,0
2013.6219,0,0,0,0
2013.6247,0,0,0,0
2013.6274,0,0,0,0
2013.6301,0,0,0,0
2013.6329,0,0,0,0
2013.6356,0,0,0,0
2013.6384,0,0,0,0
2013.6411,0,0,0,0
2013.6438,0,0,0,0
2013.6466,0,0,0,0
2013.6493,0,0,0,0
2013.6521,0,0,0,0
2013.6548,0,0,0,0
2013.6575,0,0,0,0
2013.6603,0,0,0,0
2013.663,0,0,0,0
2013.6658,0,0,0,0
2013.6685,0,0,0,0
2013.6712,0,0,0,0
2013.674,0,0,0,0
2013.6767,0,0,0,0
2013.6795,0,0,0,0
2013.6822,0,0,0,0
2013.6849,0,0,0,0
2013.6877,0,0,0,0
2013.6904,0,0,0,0
2013.6932,0,0,0,0
2013.6959,0,0,0,0
2013.6986,0,0,0,0
2013.7014,0,0,0,0
2013.7041,0,0,0,0
2013.7068,0,0,0,0
2013.7096,0,0,0,0
2013.7123,0,0,0,0
2013.7151,0,0,0,0
2013.7178,0,0,0,0
2013.7205,0,0,0,0
2013.7233,0,0,0,0
2013.726,0,0,0,0
2013.7288,0,0,0,0
2013.7315,0,0,0,0
2013.7342,0,0,0,0
2013.737,0,0,0,0
2013.7397,0,0,0,0
2013.7425,0,0,0,0
2013.7452,0,0,0,0
2013.7479,0,0,0,0
2013.7507,0,0,0,0
2013.7534,0,0,0,0
2013.7562,0,0,0,0
2013.7589,0,0,0,0
2013.7616,0,0,0,0
2013.7644,0,0,0,0
2013.7671,0,0,0,0
2013.7699,0,0,0,0
2013.7726,0,0,0,0
2013.7753,0,0,0,0
2013.7781,0,0,0,0
2013.7808,0,0,0,0
2013.7836,0,0,0,0
2013.7863,0,0,0,0
2013.789,0,0,0,0
2013.7918,0,0,0,0
2013.7945,0,0,0,0
2013.7973,0,0,0,0
2013.8,0,0,0,0
2013.8027,0,0,0,0
2013.8055,0,0,0,0
2013.8082,0,0,0,0
2013.811,0,0,0,0
2013.8137,0,0,0,0
2013.8164,0,0,0,0
2013.8192,0,0,0,0
2013.8219,0,0,0,0
2013.8247,0,0,0,0
2013.8274,0,0,0,0
2013.8301,0,0,0,0
2013.8329,0,0,0,0
2013.8356,0,0,0,0
2013.8384,0,0,0,0
2013.8411,0,0,0,0
2013.8438,0,0,0,0
2013.8466,0,0,0,0
2013.8493,0,0,0,0
2013.8521,0,0,0,0
2013.8548,0,0,0,0
2013.8575,0,0,0,0
2013.8603,0,0,0,0
2013.863,0,0,0,0
2013.8658,0,0,0,0
2013.8685,0,0,0,0
2013.8712,0,0,0,0
2013.874,0,0,0,0
2013.8767,0,0,0,0
2013.8795,0,0,0,0
2013.8822,0,0,0,0
2013.8849,0,0,0,0
2013.8877,0,0,0,0
2013.8904,0,0,0,0
2013.8932,0,0,0,0
2013.8959,0,0,0,0
2013.8986,0,0,0,0
2013.9014,0,0,0,0
2013.9041,0,0,0,0
2013.9068,0,0,0,0
2013.9096,0,0,0,0
2013.9123,0,0,0,0
2013.9151,0,0,0,0
2013.9178,0,0,0,0
2013.9205,0,0,0,0
2013.9233,0,0,0,0
2013.926,0,0,0,0
2013.9288,0,0,0,0
2013.9315,0,0,0,0
2013.9342,0,0,0,0
2013.937,0,0,0,0
2013.9397,0,0,0,0
2013.9425,0,0,0,0
2013.9452,0,0,0,0
2013.9479,0,0,0,0
2013.9507,0,0,0,0
2013.9534,0,0,0,0
2013.9562,0,0,0,0
2013.9589,0,0,0,0
2013.9616,0,0,0,0
2013.9644,0,0,0,0
2013.9671,0,0,0,0
2013.9699,0,0,0,0
2013.9726,0,0,0,0
2013.9753,0,0,0,0
2013.9781,0,0,0,0
2013.9808,0,0,0,0
2013.9836,0,0,0,0
2013.9863,0,0,0,0
2013.989,0,0,0,0
2013.9918,0,0,0,0
2013.9945,0,0,0,0
2013.9973,0,0,0,0
2014,0,0,0,0
2014.0027,0,0,0,0
2014.0055,0,0,0,0
2014.0082,0,0,0,0
2014.011,0,0,0,0
2014.0137,0,0,0,0
2014.0164,0,0,0,0
2014.0192,0,0,0,0
2014.0219,0,0,0,0
2014.0247,0,0,0,0
2014.0274,0,0,0,0
2014.0301,0,0,0,0
2014.0329,0,0,0,0
2014.0356,0,0,0,0
2014.0384,0,0,0,0
2014.0411,0,0,0,0
2014.0438,0,0,0,0
2014.0466,0,0,0,0
2014.0493,0,0,0,0
2014.0521,0,0,0,0
2014.0548,0,0,0,0
2014.0575,0,0,0,0
2014.0603,0,0,0,0
2014.063,0,0,0,0
2014.0658,0,0,0,0
2014.0685,0,0,0,0
2014.0712,0,0,0,0
2014.074,0,0,0,0
2014.0767,0,0,0,0
2014.0795,0,0,0,0
2014.0822,0,0,0,0
2014.0849,0,0,0,0
2014.0877,0,0,0,0
2014.0904,0,0,0,0
2014.0932,0,0,0,0
2014.0959,0,0,0,0
2014.0986,0,0,0,0
2014.1014,0,0,0,0
2014.1041,0,0,0,0
2014.1068,0,0,0,0
2014.1096,0,0,0,0
2014.1123,0,0,0,0
2014.1151,0,0,0,0
2014.1178,0,0,0,0
2014.1205,0,0,0,0
2014.1233,0,0,0,0
2014.126,0,0,0,0
2014.1288,0,0,0,0
2014.1315,0,0,0,0
2014.1342,0,0,0,0
2014.137,0,0,0,0
2014.1397,0,0,0,0
2014.1425,0,0,0,0
2014.1452,0,0,0,0
2014.1479,0,0,0,0
2014.1507,0,0,0,0
2014.1534,0,0,0,0
2014.1562,0,0,0,0
2014.1589,0,0,0,0
2014.1616,0,0,0,0
2014.1644,0,0,0,0
2014.1671,0,0,0,0
2014.1699,0,0,0,0
2014.1726,0,0,0,0
2014.1753,0,0,0,0
2014.1781,0,0,0,0
2014.1808,0,0,0,0
2014.1836,0,0,0,0
2014.1863,0,0,0,0
2014.189,0,0,0,0
2014.1918,0,0,0,0
2014.1945,0,0,0,0
2014.1973,0,0,0,0
2014.2,0,0,0,0
2014.2027,0,0,0,0
2014.2055,0,0,0,0
2014.2082,0,0,0,0
2014.211,0,0,0,0
2014.2137,0,0,0,0
2014.2164,0,0,0,0
2014.2192,0,0,0,0
2014.2219,0,0,0,0
2014.2247,0,0,0,0
2014.2274,0,0,0,0
2014.2301,0,0,0,0
2014.2329,0,0,0,0
2014.2356,0,0,0,0
2014.2384,0,0,0,0
2014.2411,0,0,0,0
2014.2438,0,0,0,0
2014.2466,0,0,0,0
2014.2493,0,0,0,0
2014.2521,0,0,0,0
2014.2548,0,0,0,0
2014.2575,0,0,0,0
2014.2603,0,0,0,0
2014.263,0,0,0,0
2014.2658,0,0,0,0
2014.2685,0,0,0,0
2014.2712,0,0,0,0
2014.274,0,0,0,0
2014.2767,0,0,0,0
2014.2795,0,0,0,0
2014.2822,0,0,0,0
2014.2849,0,0,0,0
2014.2877,0,0,0,0
2014.2904,0,0,0,0
2014.2932,0,0,0,0
2014.2959,0,0,0,0
2014.2986,0,0,0,0
2014.3014,0,0,0,0
2014.3041,0,0,0,0
2014.3068,0,0,0,0
2014.3096,0,0,0,0
2014.3123,0,0,0,0
2014.3151,0,0,0,0
2014.3178,0,0,0,0
2014.3205,0,0,0,0
2014.3233,0,0,0,0
2014.326,0,0,0,0
2014.3288,0,0,0,0
2014.3315,0,0,0,0
2014.3342,0,0,0,0
2014.337,0,0,0,0
2014.3397,0,0,0,0
2014.3425,0,0,0,0
2014.3452,0,0,0,0
2014.3479,0,0,0,0
2014.3507,0,0,0,0
2014.3534,0,0,0,0
2014.3562,0,0,0,0
2014.3589,0,0,0,0
2014.3616,0,0,0,0
2014.3644,0,0,0,0
2014.3671,0,0,0,0
2014.3699,0,0,0,0
2014.3726,0,0,0,0
2014.3753,0,0,0,0
2014.3781,0,0,0,0
2014.3808,0,0,0,0
2014.3836,0,0,0,0
2014.3863,0,0,0,0
2014.389,0,0,0,0
2014.3918,0,0,0,0
2014.3945,0,0,0,0
2014.3973,0,0,0,0
2014.4,0,0,0,0
2014.4027,0,0,0,0
2014.4055,0,0,0,0
2014.4082,0,0,0,0
2014.411,0,0,0,0
2014.4137,0,0,0,0
2014.4164,0,0,0,0
2014.4192,0,0,0,0
2014.4219,0,0,0,0
2014.4247,0,0,0,0
2014.4274,0,0,0,0
2014.4301,0,0,0,0
2014.4329,0,0,0,0
2014.4356,0,0,0,0
2014.4384,0,0,0,0
2014.4411,0,0,0,0
2014.4438,0,0,0,0
2014.4466,0,0,0,0
2014.4493,0,0,0,0
2014.4521,0,0,0,0
2014.4548,0,0,0,0
2014.4575,0,0,0,0
2014.4603,0,0,0,0
2014.463,0,0,0,0
2014.4658,0,0,0,0
2014.4685,0,0,0,0
2014.4712,0,0,0,0
2014.474,0,0,0,0
2014.4767,0,0,0,0
2014.4795,0,0,0,0
2014.4822,0,0,0,0
2014.4849,0,0,0,0
2014.4877,0,0,0,0
2014.4904,0,0,0,0
2014.4932,0,0,0,0
2014.4959,0,0,0,0
2014.4986,0,0,0,0
2014.5014,0,0,0,0
2014.5041,0,0,0,0
2014.5068,0,0,0,0
2014.5096,0,0,0,0
2014.5123,0,0,0,0
2014.5151,0,0,0,0
2014.5178,0,0,0,0
2014.5205,0,0,0,0
2014.5233,0,0,0,0
2014.526,0,0,0,0
2014.5288,0,0,0,0
2014.5315,0,0,0,0
2014.5342,0,0,0,0
2014.537,0,0,0,0
2014.5397,0,0,0,0
2014.5425,0,0,0,0
2014.5452,0,0,0,0
2014.5479,0,0,0,0
2014.5507,0,0,0,0
2014.5534,0,0,0,0
2014.5562,0,0,0,0
2014.5589,0,0,0,0
2014.5616,0,0,0,0
2014.5644,0,0,0,0
2014.5671,0,0,0,0
2014.5699,0,0,0,0
2014.5726,0,0,0,0
2014.5753,0,0,0,0
2014.5781,0,0,0,0
2014.5808,0,0,0,0
2014.5836,0,0,0,0
2014.5863,0,0,0,0
2014.589,0,0,0,0
2014.5918,0,0,0,0
2014.5945,0,0,0,0
2014.5973,0,0,0,0
2014.6,0,0,0,0
2014.6027,0,0,0,0
2014.6055,0,0,0,0
2014.6082,0,0,0,0
2014.611,0,0,0,0
2014.6137,0,0,0,0
2014.6164,0,0,0,0
2014.6192,0,0,0,0
2014.6219,0,0,0,0
2014.6247,0,0,0,0
2014.6274,0,0,0,0
2014.6301,0,0,0,0
2014.6329,0,0,0,0
2014.6356,0,0,0,0
2014.6384,0,0,0,0
2014.6411,0,0,0,0
2014.6438,0,0,0,0
2014.6466,0,0,0,0
2014.6493,0,0,0,0
2014.6521,0,0,0,0
2014.6548,0,0,0,0
2014.6575,0,0,0,0
2014.6603,0,0,0,0
2014.663,0,0,0,0
2014.6658,0,0,0,0
2014.6685,0,0,0,0
2014.6712,0,0,0,0
2014.674,0,0,0,0
2014.6767,0,0,0,0
2014.6795,0,0,0,0
2014.6822,0,0,0,0
2014.6849,0,0,0,0
2014.6877,0,0,0,0
2014.6904,0,0,0,0
2014.6932,0,0,0,0
2014.6959,0,0,0,0
2014.6986,0,0,0,0
2014.7014,0,0,0,0
2014.7041,0,0,0,0
2014.7068,0,0,0,0
2014.7096,0,0,0,0
2014.7123,0,0,0,0
2014.7151,0,0,0,0
2014.7178,0,0,0,0
2014.7205,0,0,0,0
2014.7233,0,0,0,0
2014.726,0,0,0,0
2014.7288,0,0,0,0
2014.7315,0,0,0,0
2014.7342,0,0,0,0
2014.737,0,0,0,0
2014.7397,0,0,0,0
2014.7425,0,0,0,0
2014.7452,0,0,0,0
2014.7479,0,0,0,0
2014.7507,0,0,0,0
2014.7534,0,0,0,0
2014.7562,0,0,0,0
2014.7589,0,0,0,0
2014.7616,0,0,0,0
2014.7644,0,0,0,0
2014.7671,0,0,0,0
2014.7699,0,0,0,0
2014.7726,0,0,0,0
2014.7753,0,0,0,0
2014.7781,0,0,0,0
2014.7808,0,0,0,0
2014.7836,0,0,0,0
2014.7863,0,0,0,0
2014.789,0,0,0,0
2014.7918,0,0,0,0
2014.7945,0,0,0,0
2014.7973,0,0,0,0
2014.8,0,0,0,0
2014.8027,0,0,0,0
2014.8055,0,0,0,0
2014.8082,0,0,0,0
2014.811,0,0,0,0
2014.8137,0,0,0,0
2014.8164,0,0,0,0
2014.8192,0,0,0,0
2014.8219,0,0,0,0
2014.8247,0,0,0,0
2014.8274,0,0,0,0
2014.8301,0,0,0,0
2014.8329,0,0,0,0
2014.8356,0,0,0,0
2014.8384,0,0,0,0
2014.8411,0,0,0,0
2014.8438,0,0,0,0
2014.8466,0,0,0,0
2014.8493,0,0,0,0
2014.8521,0,0,0,0
2014.8548,0,0,0,0
2014.8575,0,0,0,0
2014.8603,0,0,0,0
2014.863,0,0,0,0
2014.8658,0,0,0,0
2014.8685,0,0,0,0
2014.8712,0,0,0,0
2014.874,0,0,0,0
2014.8767,0,0,0,0
2014.8795,0,0,0,0
2014.8822,0,0,0,0
2014.8849,0,0,0,0
2014.8877,0,0,0,0
2014.8904,0,0,0,0
2014.8932,0,0,0,0
2014.8959,0,0,0,0
2014.8986,0,0,0,0
2014.9014,0,0,0,0
2014.9041,0,0,0,0
2014.9068,0,0,0,0
2014.9096,0,0,0,0
2014.9123,0,0,0,0
2014.9151,0,0,0,0
2014.9178,0,0,0,0
2014.9205,0,0,0,0
2014.9233,0,0,0,0
2014.926,0,0,0,0
2014.9288,0,0,0,0
2014.9315,0,0,0,0
2014.9342,0,0,0,0
2014.937,0,0,0,0
2014.9397,0,0,0,0
2014.9425,0,0,0,0
2014.9452,0,0,0,0
2014.9479,0,0,0,0
2014.9507,0,0,0,0
2014.9534,0,0,0,0
2014.9562,0,0,0,0
2014.9589,0,0,0,0
2014.9616,0,0,0,0
2014.9644,0,0,0,0
2014.9671,0,0,0,0
2014.9699,0,0,0,0
2014.9726,0,0,0,0
2014.9753,0,0,0,0
2014.9781,0,0,0,0
2014.9808,0,0,0,0
2014.9836,0,0,0,0
2014.9863,0,0,0,0
2014.989,0,0,0,0
2014.9918,0,0,0,0
2014.9945,0,0,0,0
2014.9973,0,0,0,0
2015,0,0,0,0
2015.0027,0,0,0,0
2015.0055,0,0,0,0
2015.0082,0,0,0,0
2015.011,0,0,0,0
2015.0137,0,0,0,0
2015.0164,0,0,0,0
2015.0192,0,0,0,0
2015.0219,0,0,0,0
2015.0247,0,0,0,0
2015.0274,0,0,0,0
2015.0301,0,0,0,0
2015.0329,0,0,0,0
2015.0356,0,0,0,0
2015.0384,0,0,0,0
2015.0411,0,0,0,0
2015.0438,0,0,0,0
2015.0466,0,0,0,0
2015.0493,0,0,0,0
2015.0521,0,0,0,0
2015.0548,0,0,0,0
2015.0575,0,0,0,0
2015.0603,0,0,0,0
2015.063,0,0,0,0
2015.0658,0,0,0,0
2015.0685,0,0,0,0
2015.0712,0,0,0,0
2015.074,0,0,0,0
2015.0767,0,0,0,0
2015.0795,0,0,0,0
2015.0822,0,0,0,0
2015.0849,0,0,0,0
2015.0877,0,0,0,0
2015.0904,0,0,0,0
2015.0932,0,0,0,0
2015.0959,0,0,0,0
2015.0986,0,0,0,0
2015.1014,0,0,0,0
2015.1041,0,0,0,0
2015.1068,0,0,0,0
2015.1096,0,0,0,0
2015.1123,0,0,0,0
2015.1151,0,0,0,0
2015.1178,0,0,0,0
2015.1205,0,0,0,0
2015.1233,0,0,0,0
2015.126,0,0,0,0
2015.1288,0,0,0,0
2015.1315,0,0,0,0
2015.1342,0,0,0,0
2015.137,0,0,0,0
2015.1397,0,0,0,0
2015.1425,0,0,0,0
2015.1452,0,0,0,0
2015.1479,0,0,0,0
2015.1507,0,0,0,0
2015.1534,0,0,0,0
2015.1562,0,0,0,0
2015.1589,0,0,0,0
2015.1616,0,0,0,0
2015.1644,0,0,0,0
2015.1671,0,0,0,0
2015.1699,0,0,0,0
2015.1726,0,0,0,0
2015.1753,0,0,0,0
2015.1781,0,0,0,0
2015.1808,0,0,0,0
2015.1836,0,0,0,0
2015.1863,0,0,0,0
2015.189,0,0,0,0
2015.1918,0,0,0,0
2015.1945,0,0,0,0
2015.1973,0,0,0,0
2015.2,0,0,0,0
2015.2027,0,0,0,0
2015.2055,0,0,0,0
2015.2082,0,0,0,0
2015.211,0,0,0,0
2015.2137,0,0,0,0
2015.2164,0,0,0,0
2015.2192,0,0,0,0
2015.2219,0,0,0,0
2015.2247,0,0,0,0
2015.2274,0,0,0,0
2015.2301,0,0,0,0
2015.2329,0,0,0,0
2015.2356,0,0,0,0
2015.2384,0,0,0,0
2015.2411,0,0,0,0
2015.2438,0,0,0,0
2015.2466,0,0,0,0
2015.2493,0,0,0,0
2015.2521,0,0,0,0
2015.2548,0,0,0,0
2015.2575,0,0,0,0
2015.2603,0,0,0,0
2015.263,0,0,0,0
2015.2658,0,0,0,0
2015.2685,0,0,0,0
2015.2712,0,0,0,0
2015.274,0,0,0,0
2015.2767,0,0,0,0
2015.2795,0,0,0,0
2015.2822,0,0,0,0
2015.2849,0,0,0,0
2015.2877,0,0,0,0
2015.2904,0,0,0,0
2015.2932,0,0,0,0
2015.2959,0,0,0,0
2015.2986,0,0,0,0
2015.3014,0,0,0,0
2015.3041,0,0,0,0
2015.3068,0,0,0,0
2015.3096,0,0,0,0
2015.3123,0,0,0,0
2015.3151,0,0,0,0
2015.3178,0,0,0,0
2015.3205,0,0,0,0
2015.3233,0,0,0,0
2015.326,0,0,0,0
2015.3288,0,0,0,0
2015.3315,0,0,0,0
2015.3342,0,0,0,0
2015.337,0,0,0,0
2015.3397,0,0,0,0
2015.3425,0,0,0,0
2015.3452,0,0,0,0
2015.3479,0,0,0,0
2015.3507,0,0,0,0
2015.3534,0,0,0,0
2015.3562,0,0,0,0
2015.3589,0,0,0,0
2015.3616,0,0,0,0
2015.3644,0,0,0,0
2015.3671,0,0,0,0
2015.3699,0,0,0,0
2015.3726,0,0,0,0
2015.3753,0,0,0,0
2015.3781,0,0,0,0
2015.3808,0,0,0,0
2015.3836,0,0,0,0
2015.3863,0,0,0,0
2015.389,0,0,0,0
2015.3918,0,0,0,0
2015.3945,0,0,0,0
2015.3973,0,0,0,0
2015.4,0,0,0,0
2015.4027,0,0,0,0
2015.4055,0,0,0,0
2015.4082,0,0,0,0
2015.411,0,0,0,0
2015.4137,0,0,0,0
2015.4164,0,0,0,0
2015.4192,0,0,0,0
2015.4219,0,0,0,0
2015.4247,0,0,0,0
2015.4274,0,0,0,0
2015.4301,0,0,0,0
2015.4329,0,0,0,0
2015.4356,0,0,0,0
2015.4384,0,0,0,0
2015.4411,0,0,0,0
2015.4438,0,0,0,0
2015.4466,0,0,0,0
2015.4493,0,0,0,0
2015.4521,0,0,0,0
2015.4548,0,0,0,0
2015.4575,0,0,0,0
2015.4603,0,0,0,0
2015.463,0,0,0,0
2015.4658,0,0,0,0
2015.4685,0,0,0,0
2015.4712,0,0,0,0
2015.474,0,0,0,0
2015.4767,0,0,0,0
2015.4795,0,0,0,0
2015.4822,0,0,0,0
2015.4849,0,0,0,0
2015.4877,0,0,0,0
2015.4904,0,0,0,0
2015.4932,0,0,0,0
2015.4959,0,0,0,0
2015.4986,0,0,0,0
2015.5014,0,0,0,0
2015.5041,0,0,0,0
2015.5068,0,0,0,0
2015.5096,0,0,0,0
2015.5123,0,0,0,0
2015.5151,0,0,0,0
2015.5178,0,0,0,0
2015.5205,0,0,0,0
2015.5233,0,0,0,0
2015.526,0,0,0,0
2015.5288,0,0,0,0
2015.5315,0,0,0,0
2015.5342,0,0,0,0
2015.537,0,0,0,0
2015.5397,0,0,0,0
2015.5425,0,0,0,0
2015.5452,0,0,0,0
2015.5479,0,0,0,0
2015.5507,0,0,0,0
2015.5534,0,0,0,0
2015.5562,0,0,0,0
2015.5589,0,0,0,0
2015.5616,0,0,0,0
2015.5644,0,0,0,0
2015.5671,0,0,0,0
2015.5699,0,0,0,0
2015.5726,0,0,0,0
2015.5753,0,0,0,0
2015.5781,0,0,0,0
2015.5808,0,0,0,0
2015.5836,0,0,0,0
2015.5863,0,0,0,0
2015.589,0,0,0,0
2015.5918,1,0,0,0
2015.5945,0,0,0,0
2015.5973,0,0,0,0
2015.6,0,0,0,0
2015.6027,0,0,0,0
2015.6055,0,0,0,0
2015.6082,0,0,0,0
2015.611,0,0,0,0
2015.6137,0,0,0,0
2015.6164,0,0,0,0
2015.6192,0,0,0,0
2015.6219,0,0,0,0
2015.6247,0,0,0,0
2015.6274,0,0,0,0
2015.6301,0,0,0,0
2015.6329,0,0,0,0
2015.6356,0,0,0,0
2015.6384,0,0,0,0
2015.6411,0,0,0,0
2015.6438,0,0,0,0
2015.6466,0,0,0,0
2015.6493,0,0,0,0
2015.6521,0,0,0,0
2015.6548,0,0,0,0
2015.6575,0,0,0,0
2015.6603,0,0,0,0
2015.663,0,0,0,0
2015.6658,0,0,0,0
2015.6685,0,0,0,0
2015.6712,0,0,0,0
2015.674,0,0,0,0
2015.6767,0,0,0,0
2015.6795,0,0,0,0
2015.6822,0,0,0,0
2015.6849,0,0,0,0
2015.6877,0,0,0,0
2015.6904,0,0,0,0
2015.6932,0,0,0,0
2015.6959,0,0,0,0
2015.6986,0,0,0,0
2015.7014,0,0,0,0
2015.7041,0,0,0,0
2015.7068,0,0,0,0
2015.7096,0,0,0,0
2015.7123,0,0,0,0
2015.7151,0,0,0,0
2015.7178,0,0,0,0
2015.7205,0,0,0,0
2015.7233,0,0,0,0
2015.726,0,0,0,0
2015.7288,0,0,0,0
2015.7315,0,0,0,0
2015.7342,0,0,0,0
2015.737,0,0,0,0
2015.7397,0,0,0,0
2015.7425,0,0,0,0
2015.7452,0,0,0,0
2015.7479,0,0,0,0
2015.7507,0,0,0,0
2015.7534,0,0,0,0
2015.7562,0,0,0,0
2015.7589,0,0,0,0
2015.7616,0,0,0,0
2015.7644,0,0,0,0
2015.7671,0,0,0,0
2015.7699,0,0,0,0
2015.7726,0,0,0,0
2015.7753,0,0,0,0
2015.7781,0,0,0,0
2015.7808,0,0,0,0
2015.7836,0,0,0,0
2015.7863,0,0,0,0
2015.789,0,0,0,0
2015.7918,0,0,0,0
2015.7945,0,0,0,0
2015.7973,0,0,0,0
2015.8,0,0,0,0
2015.8027,0,0,0,0
2015.8055,0,0,0,0
2015.8082,0,0,0,0
2015.811,0,0,0,0
2015.8137,0,0,0,0
2015.8164,0,0,0,0
2015.8192,0,0,0,0
2015.8219,0,0,0,0
2015.8247,0,0,0,0
2015.8274,0,0,0,0
2015.8301,0,0,0,0
2015.8329,0,0,0,0
2015.8356,0,0,0,0
2015.8384,0,0,0,0
2015.8411,0,0,0,0
2015.8438,0,0,0,0
2015.8466,0,0,0,0
2015.8493,0,0,0,0
2015.8521,0,0,0,0
2015.8548,0,0,0,0
2015.8575,0,0,0,0
2015.8603,0,0,0,0
2015.863,0,0,0,0
2015.8658,0,0,0,0
2015.8685,0,0,0,0
2015.8712,0,0,0,0
2015.874,0,0,0,0
2015.8767,0,0,0,0
2015.8795,0,0,0,0
2015.8822,0,0,0,0
2015.8849,0,0,0,0
2015.8877,0,0,0,0
2015.8904,0,0,0,0
2015.8932,0,0,0,0
2015.8959,0,0,0,0
2015.8986,0,0,0,0
2015.9014,0,0,0,0
2015.9041,0,0,0,0
2015.9068,0,0,0,0
2015.9096,0,0,0,0
2015.9123,0,0,0,0
2015.9151,0,0,0,0
2015.9178,0,0,0,0
2015.9205,0,0,0,0
2015.9233,0,0,0,0
2015.926,0,0,0,0
2015.9288,0,0,0,0
2015.9315,0,0,0,0
2015.9342,0,0,0,0
2015.937,0,0,0,0
2015.9397,0,0,0,0
2015.9425,0,0,0,0
2015.9452,0,0,0,0
2015.9479,0,0,0,0
2015.9507,0,0,0,0
2015.9534,0,0,0,0
2015.9562,0,0,0,0
2015.9589,0,0,0,0
2015.9616,0,0,0,0
2015.9644,0,0,0,0
2015.9671,0,0,0,0
2015.9699,0,0,0,0
2015.9726,0,0,0,0
2015.9753,0,0,0,0
2015.9781,0,0,0,0
2015.9808,0,0,0,0
2015.9836,1,1,0,0
2015.9863,0,0,0,0
2015.989,0,0,0,0
2015.9918,0,0,0,0
2015.9945,0,0,0,0
2015.9973,0,0,0,0
2016,0,0,0,0
2016.0027,0,0,0,0
2016.0055,0,0,0,0
2016.0082,0,0,0,0
2016.011,0,0,0,0
2016.0137,0,0,0,0
2016.0164,0,0,0,0
2016.0192,0,0,0,0
2016.0219,0,0,0,0
2016.0247,0,0,0,0
2016.0274,0,0,0,0
2016.0301,0,0,0,0
2016.0329,0,0,0,0
2016.0356,0,0,0,0
2016.0384,0,0,0,0
2016.0411,0,0,0,0
2016.0438,0,0,0,0
2016.0466,0,0,0,0
2016.0493,0,0,0,0
2016.0521,0,0,0,0
2016.0548,0,0,0,0
2016.0575,0,0,0,0
2016.0603,0,0,0,0
2016.063,0,0,0,0
2016.0658,0,0,0,0
2016.0685,0,0,0,0
2016.0712,0,0,0,0
2016.074,0,0,0,0
2016.0767,0,0,0,0
2016.0795,0,0,0,0
2016.0822,0,0,0,0
2016.0849,0,0,0,0
2016.0877,0,0,0,0
2016.0904,0,0,0,0
2016.0932,0,0,0,0
2016.0959,0,0,0,0
2016.0986,0,0,0,0
2016.1014,0,0,0,0
2016.1041,0,0,0,0
2016.1068,0,0,0,0
2016.1096,0,0,0,0
2016.1123,0,0,0,0
2016.1151,0,0,0,0
2016.1178,0,0,0,0
2016.1205,0,0,0,0
2016.1233,0,0,0,0
2016.126,0,0,0,0
2016.1288,0,0,0,0
2016.1315,0,0,0,0
2016.1342,0,0,0,0
2016.137,0,0,0,0
2016.1397,0,0,0,0
2016.1425,0,0,0,0
2016.1452,0,0,0,0
2016.1479,0,0,0,0
2016.1507,0,0,0,0
2016.1534,0,0,0,0
2016.1562,0,0,0,0
2016.1589,0,0,0,0
2016.1616,0,0,0,0
2016.1644,0,0,0,0
2016.1671,0,0,0,0
2016.1699,0,0,0,0
2016.1726,0,0,0,0
2016.1753,0,0,0,0
2016.1781,0,0,0,0
2016.1808,0,0,0,0
2016.1836,0,0,0,0
2016.1863,0,0,0,0
2016.189,0,0,0,0
2016.1918,0,0,0,0
2016.1945,0,0,0,0
2016.1973,0,0,0,0
2016.2,0,0,0,0
2016.2027,0,0,0,0
2016.2055,0,0,0,0
2016.2082,0,0,0,0
2016.211,0,0,0,0
2016.2137,0,0,0,0
2016.2164,0,0,0,0
2016.2192,0,0,0,0
2016.2219,0,0,0,0
2016.2247,0,0,0,0
2016.2274,0,0,0,0
2016.2301,0,0,0,0
2016.2329,0,0,0,0
2016.2356,0,0,0,0
2016.2384,0,0,0,0
2016.2411,0,0,0,0
2016.2438,0,0,0,0
2016.2466,0,0,0,0
2016.2493,0,0,0,0
2016.2521,0,0,0,0
2016.2548,0,0,0,0
2016.2575,0,0,0,0
2016.2603,0,0,0,0
2016.263,0,0,0,0
2016.2658,0,0,0,0
2016.2685,0,0,0,0
2016.2712,0,0,0,0
2016.274,0,0,0,0
2016.2767,0,0,0,0
2016.2795,0,0,0,0
2016.2822,0,0,0,0
2016.2849,0,0,0,0
2016.2877,0,0,0,0
2016.2904,0,0,0,0
2016.2932,0,0,0,0
2016.2959,0,0,0,0
2016.2986,0,0,0,0
2016.3014,0,0,0,0
2016.3041,0,0,0,0
2016.3068,0,0,0,0
2016.3096,0,0,0,0
2016.3123,0,0,0,0
2016.3151,0,0,0,0
2016.3178,0,0,0,0
2016.3205,0,0,0,0
2016.3233,0,0,0,0
2016.326,0,0,0,0
2016.3288,0,0,0,0
2016.3315,0,0,0,0
2016.3342,0,0,0,0
2016.337,0,0,0,0
2016.3397,0,0,0,0
2016.3425,0,0,0,0
2016.3452,0,0,0,0
2016.3479,0,0,0,0
2016.3507,0,0,0,0
2016.3534,0,0,0,0
2016.3562,0,0,0,0
2016.3589,0,0,0,0
2016.3616,0,0,0,0
2016.3644,0,0,0,0
2016.3671,0,0,0,0
2016.3699,0,0,0,0
2016.3726,0,0,0,0
2016.3753,0,0,0,0
2016.3781,0,0,0,0
2016.3808,0,0,0,0
2016.3836,0,0,0,0
2016.3863,0,0,0,0
2016.389,0,0,0,0
2016.3918,0,0,0,0
2016.3945,0,0,0,0
2016.3973,0,0,0,0
2016.4,0,0,0,0
2016.4027,0,0,0,0
2016.4055,0,0,0,0
2016.4082,0,0,0,0
2016.411,0,0,0,0
2016.4137,0,0,0,0
2016.4164,0,0,0,0
2016.4192,0,0,0,0
2016.4219,0,0,0,0
2016.4247,0,0,0,0
2016.4274,0,0,0,0
2016.4301,0,0,0,0
2016.4329,0,0,0,0
2016.4356,0,0,0,0
2016.4384,0,0,0,0
2016.4411,0,0,0,0
2016.4438,0,0,0,0
2016.4466,0,0,0,0
2016.4493,0,0,0,0
2016.4521,0,0,0,0
2016.4548,0,0,0,0
2016.4575,0,0,0,0
2016.4603,0,0,0,0
2016.463,0,0,0,0
2016.4658,0,0,0,0
2016.4685,0,0,0,0
2016.4712,0,0,0,0
2016.474,0,0,0,0
2016.4767,0,0,0,0
2016.4795,0,0,0,0
2016.4822,0,0,0,0
2016.4849,0,0,0,0
2016.4877,0,0,0,0
2016.4904,0,0,0,0
2016.4932,0,0,0,0
2016.4959,0,0,0,0
2016.4986,0,0,0,0
2016.5014,0,0,0,0
2016.5041,0,0,0,0
2016.5068,0,0,0,0
2016.5096,0,0,0,0
2016.5123,0,0,0,0
2016.5151,0,0,0,0
2016.5178,0,0,0,0
2016.5205,0,0,0,0
2016.5233,0,0,0,0
2016.526,0,0,0,0
2016.5288,0,0,0,0
2016.5315,0,0,0,0
2016.5342,0,0,0,0
2016.537,0,0,0,0
2016.5397,0,0,0,0
2016.5425,0,0,0,0
2016.5452,0,0,0,0
2016.5479,0,0,0,0
2016.5507,0,0,0,0
2016.5534,0,0,0,0
2016.5562,0,0,0,0
2016.5589,0,0,0,0
2016.5616,0,0,0,0
2016.5644,0,0,0,0
2016.5671,0,0,0,0
2016.5699,0,0,0,0
2016.5726,0,0,0,0
2016.5753,0,0,0,0
2016.5781,0,0,0,0
2016.5808,0,0,0,0
2016.5836,0,0,0,0
2016.5863,0,0,0,0
2016.589,0,0,0,0
2016.5918,0,0,0,0
2016.5945,0,0,0,0
2016.5973,0,0,0,0
2016.6,0,0,0,0
2016.6027,0,0,0,0
2016.6055,0,0,0,0
2016.6082,0,0,0,0
2016.611,0,0,0,0
2016.6137,0,0,0,0
2016.6164,0,0,0,0
2016.6192,0,0,0,0
2016.6219,0,0,0,0
2016.6247,0,0,0,0
2016.6274,0,0,0,0
2016.6301,0,0,0,0
2016.6329,0,0,0,0
2016.6356,0,0,0,0
2016.6384,0,0,0,0
2016.6411,0,0,0,0
2016.6438,0,0,0,0
2016.6466,0,0,0,0
2016.6493,0,0,0,0
2016.6521,0,0,0,0
2016.6548,0,0,0,0
2016.6575,0,0,0,0
2016.6603,0,0,0,0
2016.663,0,0,0,0
2016.6658,0,0,0,0
2016.6685,0,0,0,0
2016.6712,0,0,0,0
2016.674,0,0,0,0
2016.6767,0,0,0,0
2016.6795,0,0,0,0
2016.6822,0,0,0,0
2016.6849,0,0,0,0
2016.6877,0,0,0,0
2016.6904,0,0,0,0
2016.6932,0,0,0,0
2016.6959,0,0,0,0
2016.6986,0,0,0,0
2016.7014,0,0,0,0
2016.7041,0,0,0,0
2016.7068,0,0,0,0
2016.7096,0,0,0,0
2016.7123,0,0,0,0
2016.7151,0,0,0,0
2016.7178,0,0,0,0
2016.7205,0,0,0,0
2016.7233,0,0,0,0
2016.726,0,0,0,0
2016.7288,0,0,0,0
2016.7315,0,0,0,0
2016.7342,0,0,0,0
2016.737,0,0,0,0
2016.7397,0,0,0,0
2016.7425,0,0,0,0
2016.7452,0,0,0,0
2016.7479,0,0,0,0
2016.7507,0,0,0,0
2016.7534,0,0,0,0
2016.7562,0,0,0,0
2016.7589,0,0,0,0
2016.7616,0,0,0,0
2016.7644,0,0,0,0
2016.7671,0,0,0,0
2016.7699,0,0,0,0
2016.7726,0,0,0,0
2016.7753,0,0,0,0
2016.7781,0,0,0,0
2016.7808,0,0,0,0
2016.7836,0,0,0,0
2016.7863,0,0,0,0
2016.789,0,0,0,0
2016.7918,0,0,0,0
2016.7945,0,0,0,0
2016.7973,0,0,0,0
2016.8,0,0,0,0
2016.8027,0,0,0,0
2016.8055,0,0,0,0
2016.8082,0,0,0,0
2016.811,0,0,0,0
2016.8137,0,0,0,0
2016.8164,0,0,0,0
2016.8192,0,0,0,0
2016.8219,0,0,0,0
2016.8247,0,0,0,0
2016.8274,0,0,0,0
2016.8301,0,0,0,0
2016.8329,0,0,0,0
2016.8356,0,0,0,0
2016.8384,0,0,0,0
2016.8411,0,0,0,0
2016.8438,0,0,0,0
2016.8466,0,0,0,0
2016.8493,0,0,0,0
2016.8521,0,0,0,0
2016.8548,0,0,0,0
2016.8575,0,0,0,0
2016.8603,0,0,0,0
2016.863,0,0,0,0
2016.8658,0,0,0,0
2016.8685,0,0,0,0
2016.8712,0,0,0,0
2016.874,0,0,0,0
2016.8767,0,0,0,0
2016.8795,0,0,0,0
2016.8822,0,0,0,0
2016.8849,0,0,0,0
2016.8877,0,0,0,0
2016.8904,0,0,0,0
2016.8932,0,0,0,0
2016.8959,0,0,0,0
2016.8986,0,0,0,0
2016.9014,0,0,0,0
2016.9041,0,0,0,0
2016.9068,0,0,0,0
2016.9096,0,0,0,0
2016.9123,0,0,0,0
2016.9151,0,0,0,0
2016.9178,0,0,0,0
2016.9205,0,0,0,0
2016.9233,0,0,0,0
2016.926,0,0,0,0
2016.9288,0,0,0,0
2016.9315,0,0,0,0
2016.9342,0,0,0,0
2016.937,0,0,0,0
2016.9397,0,0,0,0
2016.9425,0,0,0,0
2016.9452,0,0,0,0
2016.9479,0,0,0,0
2016.9507,0,0,0,0
2016.9534,0,0,0,0
2016.9562,0,0,0,0
2016.9589,0,0,0,0
2016.9616,0,0,0,0
2016.9644,0,0,0,0
2016.9671,0,0,0,0
2016.9699,0,0,0,0
2016.9726,0,0,0,0
2016.9753,0,0,0,0
2016.9781,0,0,0,0
2016.9808,0,0,0,0
2016.9836,0,0,0,0
2016.9863,0,0,0,0
2016.989,0,0,0,0
2016.9918,0,0,0,0
2016.9945,0,0,0,0
2016.9973,0,0,0,0
2017,0,0,0,0
2017,0,0,0,0
2017.0027,0,0,0,0
2017.0055,0,0,0,0
2017.0082,0,0,0,0
2017.011,0,0,0,0
2017.0137,0,0,0,0
2017.0164,0,0,0,0
2017.0192,0,0,0,0
2017.0219,0,0,0,0
2017.0247,0,0,0,0
2017.0274,0,0,0,0
2017.0301,0,0,0,0
2017.0329,0,0,0,0
2017.0356,0,0,0,0
2017.0384,0,0,0,0
2017.0411,0,0,0,0
2017.0438,0,0,0,0
2017.0466,0,0,0,0
2017.0493,0,0,0,0
2017.0521,0,0,0,0
2017.0548,0,0,0,0
2017.0575,0,0,0,0
2017.0603,0,0,0,0
2017.063,0,0,0,0
2017.0658,0,0,0,0
2017.0685,0,0,0,0
2017.0712,0,0,0,0
2017.074,0,0,0,0
2017.0767,0,0,0,0
2017.0795,0,0,0,0
2017.0822,0,0,0,0
2017.0849,0,0,0,0
2017.0877,0,0,0,0
2017.0904,0,0,0,0
2017.0932,0,0,0,0
2017.0959,0,0,0,0
2017.0986,0,0,0,0
2017.1014,0,0,0,0
2017.1041,0,0,0,0
2017.1068,0,0,0,0
2017.1096,0,0,0,0
2017.1123,0,0,0,0
2017.1151,0,0,0,0
2017.1178,0,0,0,0
2017.1205,0,0,0,0
2017.1233,0,0,0,0
2017.126,0,0,0,0
2017.1288,0,0,0,0
2017.1315,0,0,0,0
2017.1342,0,0,0,0
2017.137,0,0,0,0
2017.1397,0,0,0,0
2017.1425,0,0,0,0
2017.1452,0,0,0,0
2017.1479,0,0,0,0
2017.1507,0,0,0,0
2017.1534,0,0,0,0
2017.1562,0,0,0,0
2017.1589,0,0,0,0
2017.1616,0,0,0,0
2017.1644,0,0,0,0
2017.1671,0,0,0,0
2017.1699,0,0,0,0
2017.1726,0,0,0,0
2017.1753,0,0,0,0
2017.1781,0,0,0,0
2017.1808,0,0,0,0
2017.1836,0,0,0,0
2017.1863,0,0,0,0
2017.189,0,0,0,0
2017.1918,0,0,0,0
2017.1945,0,0,0,0
2017.1973,0,0,0,0
2017.2,0,0,0,0
2017.2027,0,0,0,0
2017.2055,0,0,0,0
2017.2082,0,0,0,0
2017.211,0,0,0,0
2017.2137,0,0,0,0
2017.2164,0,0,0,0
2017.2192,0,0,0,0
2017.2219,0,0,0,0
2017.2247,0,0,0,0
2017.2274,0,0,0,0
2017.2301,0,0,0,0
2017.2329,0,0,0,0
2017.2356,0,0,0,0
2017.2384,0,0,0,0
2017.2411,0,0,0,0
2017.2438,0,0,0,0
2017.2466,0,0,0,0
2017.2493,0,0,0,0
2017.2521,0,0,0,0
2017.2548,0,0,0,0
2017.2575,0,0,0,0
2017.2603,0,0,0,0
2017.263,0,0,0,0
2017.2658,0,0,0,0
2017.2685,0,0,0,0
2017.2712,0,0,0,0
2017.274,0,0,0,0
2017.2767,0,0,0,0
2017.2795,0,0,0,0
2017.2822,0,0,0,0
2017.2849,0,0,0,0
2017.2877,0,0,0,0
2017.2904,0,0,0,0
2017.2932,0,0,0,0
2017.2959,0,0,0,0
2017.2986,0,0,0,0
2017.3014,0,0,0,0
2017.3041,0,0,0,0
2017.3068,0,0,0,0
2017.3096,0,0,0,0
2017.3123,0,0,0,0
2017.3151,0,0,0,0
2017.3178,0,0,0,0
2017.3205,0,0,0,0
2017.3233,1,0,0,0
2017.326,0,0,0,0
2017.3288,0,0,0,0
2017.3315,0,0,0,0
2017.3342,0,0,0,0
2017.337,0,0,0,0
2017.3397,0,0,0,0
2017.3425,0,0,0,0
2017.3452,0,0,0,0
2017.3479,0,0,0,0
2017.3507,0,0,0,0
2017.3534,0,0,0,0
2017.3562,0,0,0,0
2017.3589,0,0,0,0
2017.3616,0,0,0,0
2017.3644,0,0,0,0
2017.3671,0,0,0,0
2017.3699,0,0,0,0
2017.3726,0,0,0,0
2017.3753,0,0,0,0
2017.3781,0,0,0,0
2017.3808,0,0,0,0
2017.3836,0,0,0,0
2017.3863,0,0,0,0
2017.389,0,0,0,0
2017.3918,0,0,0,0
2017.3945,0,0,0,0
2017.3973,0,0,0,0
2017.4,0,0,0,0
2017.4027,0,0,0,0
2017.4055,0,0,0,0
2017.4082,0,0,0,0
2017.411,0,0,0,0
2017.4137,0,0,0,0
2017.4164,0,0,0,0
2017.4192,0,0,0,0
2017.4219,0,0,0,0
2017.4247,0,0,0,0
2017.4274,0,0,0,0
2017.4301,0,0,0,0
2017.4329,0,0,0,0
2017.4356,0,0,0,0
2017.4384,0,0,0,0
2017.4411,0,0,0,0
2017.4438,0,0,0,0
2017.4466,0,0,0,0
2017.4493,0,0,0,0
2017.4521,0,0,0,0
2017.4548,0,0,0,0
2017.4575,0,0,0,0
2017.4603,0,0,0,0
2017.463,0,0,0,0
2017.4658,0,0,0,0
2017.4685,0,0,0,0
2017.4712,0,0,0,0
2017.474,0,0,0,0
2017.4767,0,0,0,0
2017.4795,0,0,0,0
2017.4822,0,0,0,0
2017.4849,0,0,0,0
2017.4877,0,0,0,0
2017.4904,0,0,0,0
2017.4932,0,0,0,0
2017.4959,0,0,0,0
2017.4986,0,0,0,0
2017.5014,0,0,0,0
2017.5041,0,0,0,0
2017.5068,0,0,0,0
2017.5096,0,0,0,0
2017.5123,0,0,0,0
2017.5151,0,0,0,0
2017.5178,0,0,0,0
2017.5205,0,0,0,0
2017.5233,0,0,0,0
2017.526,0,0,0,0
2017.5288,0,0,0,0
2017.5315,0,0,0,0
2017.5342,0,0,0,0
2017.537,0,0,0,0
2017.5397,0,0,0,0
2017.5425,0,0,0,0
2017.5452,0,0,0,0
2017.5479,0,0,0,0
2017.5507,0,0,0,0
2017.5534,0,0,0,0
2017.5562,0,0,0,0
2017.5589,0,0,0,0
2017.5616,0,0,0,0
2017.5644,0,0,0,0
2017.5671,0,0,0,0
2017.5699,0,0,0,0
2017.5726,0,0,0,0
2017.5753,0,0,0,0
2017.5781,0,0,0,0
2017.5808,0,0,0,0
2017.5836,0,0,0,0
2017.5863,0,0,0,0
2017.589,0,0,0,0
2017.5918,0,0,0,0
2017.5945,0,0,0,0
2017.5973,0,0,0,0
2017.6,0,0,0,0
2017.6027,0,0,0,0
2017.6055,0,0,0,0
2017.6082,0,0,0,0
2017.611,0,0,0,0
2017.6137,0,0,0,0
2017.6164,0,0,0,0
2017.6192,0,0,0,0
2017.6219,0,0,0,0
2017.6247,0,0,0,0
2017.6274,0,0,0,0
2017.6301,0,0,0,0
2017.6329,0,0,0,0
2017.6356,0,0,0,0
2017.6384,0,0,0,0
2017.6411,0,0,0,0
2017.6438,0,0,0,0
2017.6466,0,0,0,0
2017.6493,0,0,0,0
2017.6521,0,0,0,0
2017.6548,0,0,0,0
2017.6575,0,0,0,0
2017.6603,0,0,0,0
2017.663,0,0,0,0
2017.6658,0,0,0,0
2017.6685,0,0,0,0
2017.6712,0,0,0,0
2017.674,0,0,0,0
2017.6767,0,0,0,0
2017.6795,0,0,0,0
2017.6822,0,0,0,0
2017.6849,0,0,0,0
2017.6877,0,0,0,0
2017.6904,0,0,0,0
2017.6932,0,0,0,0
2017.6959,0,0,0,0
2017.6986,0,0,0,0
2017.7014,0,0,0,0
2017.7041,0,0,0,0
2017.7068,0,0,0,0
2017.7096,0,0,0,0
2017.7123,0,0,0,0
2017.7151,0,0,0,0
2017.7178,0,0,0,0
2017.7205,0,0,0,0
2017.7233,0,0,0,0
2017.726,0,0,0,0
2017.7288,0,0,0,0
2017.7315,0,0,0,0
2017.7342,0,0,0,0
2017.737,0,0,0,0
2017.7397,0,0,0,0
2017.7425,0,0,0,0
2017.7452,0,0,0,0
2017.7479,0,0,0,0
2017.7507,0,0,0,0
2017.7534,0,0,0,0
2017.7562,0,0,0,0
2017.7589,0,0,0,0
2017.7616,0,0,0,0
2017.7644,0,0,0,0
2017.7671,0,0,0,0
2017.7699,0,0,0,0
2017.7726,0,0,0,0
2017.7753,0,0,0,0
2017.7781,0,0,0,0
2017.7808,0,0,0,0
2017.7836,0,0,0,0
2017.7863,0,0,0,0
2017.789,0,0,0,0
2017.7918,0,0,0,0
2017.7945,0,0,0,0
2017.7973,0,0,0,0
2017.8,0,0,0,0
2017.8027,0,0,0,0
2017.8055,0,0,0,0
2017.8082,0,0,0,0
2017.811,0,0,0,0
2017.8137,0,0,0,0
2017.8164,0,0,0,0
2017.8192,0,0,0,0
2017.8219,0,0,0,0
2017.8247,0,0,0,0
2017.8274,0,0,0,0
2017.8301,0,0,0,0
2017.8329,0,0,0,0
2017.8356,0,0,0,0
2017.8384,0,0,0,0
2017.8411,0,0,0,0
2017.8438,0,0,0,0
2017.8466,0,0,0,0
2017.8493,0,0,0,0
2017.8521,0,0,0,0
2017.8548,0,0,0,0
2017.8575,0,0,0,0
2017.8603,0,0,0,0
2017.863,0,0,0,0
2017.8658,0,0,0,0
2017.8685,0,0,0,0
2017.8712,0,0,0,0
2017.874,0,0,0,0
2017.8767,0,0,0,0
2017.8795,0,0,0,0
2017.8822,0,0,0,0
2017.8849,0,0,0,0
2017.8877,0,0,0,0
2017.8904,0,0,0,0
2017.8932,0,0,0,0
2017.8959,0,0,0,0
2017.8986,0,0,0,0
2017.9014,0,0,0,0
2017.9041,0,0,0,0
2017.9068,0,0,0,0
2017.9096,0,0,0,0
2017.9123,0,0,0,0
2017.9151,0,0,0,0
2017.9178,0,0,0,0
2017.9205,0,0,0,0
2017.9233,0,0,0,0
2017.926,0,0,0,0
2017.9288,0,0,0,0
2017.9315,0,0,0,0
2017.9342,0,0,0,0
2017.937,0,0,0,0
2017.9397,0,0,0,0
2017.9425,0,0,0,0
2017.9452,0,0,0,0
2017.9479,0,0,0,0
2017.9507,0,0,0,0
2017.9534,0,0,0,0
2017.9562,0,0,0,0
2017.9589,0,0,0,0
2017.9616,0,0,0,0
2017.9644,0,0,0,0
2017.9671,0,0,0,0
2017.9699,0,0,0,0
2017.9726,0,0,0,0
2017.9753,0,0,0,0
2017.9781,0,0,0,0
2017.9808,0,0,0,0
2017.9836,0,0,0,0
2017.9863,0,0,0,0
2017.989,0,0,0,0
2017.9918,0,0,0,0
2017.9945,0,0,0,0
2017.9973,0,0,0,0
2018,0,0,0,0
2018.0027,0,0,0,0
2018.0055,0,0,0,0
2018.0082,0,0,0,0
2018.011,0,0,0,0
2018.0137,0,0,0,0
2018.0164,0,0,0,0
2018.0192,0,0,0,0
2018.0219,0,0,0,0
2018.0247,0,0,0,0
2018.0274,0,0,0,0
2018.0301,0,0,0,0
2018.0329,0,0,0,0
2018.0356,0,0,0,0
2018.0384,0,0,0,0
2018.0411,0,0,0,0
2018.0438,0,0,0,0
2018.0466,0,0,0,0
2018.0493,0,0,0,0
2018.0521,0,0,0,0
2018.0548,0,0,0,0
2018.0575,0,0,0,0
2018.0603,0,0,0,0
2018.063,0,0,0,0
2018.0658,0,0,0,0
2018.0685,0,0,0,0
2018.0712,0,0,0,0
2018.074,0,0,0,0
2018.0767,0,0,0,0
2018.0795,0,0,0,0
2018.0822,0,0,0,0
2018.0849,0,0,0,0
2018.0877,0,0,0,0
2018.0904,0,0,0,0
2018.0932,0,0,0,0
2018.0959,0,0,0,0
2018.0986,0,0,0,0
2018.1014,0,0,0,0
2018.1041,0,0,0,0
2018.1068,0,0,0,0
2018.1096,0,0,0,0
2018.1123,0,0,0,0
2018.1151,0,0,0,0
2018.1178,0,0,0,0
2018.1205,0,0,0,0
2018.1233,0,0,0,0
2018.126,0,0,0,0
2018.1288,0,0,0,0
2018.1315,0,0,0,0
2018.1342,0,0,0,0
2018.137,0,0,0,0
2018.1397,0,0,0,0
2018.1425,0,0,0,0
2018.1452,0,0,0,0
2018.1479,0,0,0,0
2018.1507,0,0,0,0
2018.1534,0,0,0,0
2018.1562,0,0,0,0
2018.1589,0,0,0,0
2018.1616,0,0,0,0
2018.1644,0,0,0,0
2018.1671,0,0,0,0
2018.1699,0,0,0,0
2018.1726,0,0,0,0
2018.1753,0,0,0,0
2018.1781,0,0,0,0
2018.1808,0,0,0,0
2018.1836,0,0,0,0
2018.1863,0,0,0,0
2018.189,0,0,0,0
2018.1918,0,0,0,0
2018.1945,0,0,0,0
2018.1973,0,0,0,0
2018.2,0,0,0,0
2018.2027,0,0,0,0
2018.2055,0,0,0,0
2018.2082,0,0,0,0
2018.211,0,0,0,0
2018.2137,0,0,0,0
2018.2164,0,0,0,0
2018.2192,0,0,0,0
2018.2219,0,0,0,0
2018.2247,0,0,0,0
2018.2274,0,0,0,0
2018.2301,0,0,0,0
2018.2329,0,0,0,0
2018.2356,0,0,0,0
2018.2384,0,0,0,0
2018.2411,0,0,0,0
2018.2438,0,0,0,0
2018.2466,0,0,0,0
2018.2493,0,0,0,0
2018.2521,0,0,0,0
2018.2548,0,0,0,0
2018.2575,0,0,0,0
2018.2603,0,0,0,0
2018.263,0,0,0,0
2018.2658,0,0,0,0
2018.2685,0,0,0,0
2018.2712,0,0,0,0
2018.274,0,0,0,0
2018.2767,0,0,0,0
2018.2795,0,0,0,0
2018.2822,0,0,0,0
2018.2849,0,0,0,0
2018.2877,0,0,0,0
2018.2904,0,0,0,0
2018.2932,0,0,0,0
2018.2959,0,0,0,0
2018.2986,0,0,0,0
2018.3014,0,0,0,0
2018.3041,0,0,0,0
2018.3068,0,0,0,0
2018.3096,0,0,0,0
2018.3123,0,0,0,0
2018.3151,0,0,0,0
2018.3178,0,0,0,0
2018.3205,0,0,0,0
2018.3233,0,0,0,0
2018.326,0,0,0,0
2018.3288,0,0,0,0
2018.3315,0,0,0,0
2018.3342,0,0,0,0
2018.337,0,0,0,0
2018.3397,0,0,0,0
2018.3425,0,0,0,0
2018.3452,0,0,0,0
2018.3479,0,0,0,0
2018.3507,0,0,0,0
2018.3534,0,0,0,0
2018.3562,0,0,0,0
2018.3589,0,0,0,0
2018.3616,0,0,0,0
2018.3644,0,0,0,0
2018.3671,0,0,0,0
2018.3699,0,0,0,0
2018.3726,0,0,0,0
2018.3753,0,0,0,0
2018.3781,0,0,0,0
2018.3808,0,0,0,0
2018.3836,0,0,0,0
2018.3863,0,0,0,0
2018.389,0,0,0,0
2018.3918,0,0,0,0
2018.3945,0,0,0,0
2018.3973,0,0,0,0
2018.4,0,0,0,0
2018.4027,0,0,0,0
2018.4055,0,0,0,0
2018.4082,0,0,0,0
2018.411,0,0,0,0
2018.4137,0,0,0,0
2018.4164,0,0,0,0
2018.4192,0,0,0,0
2018.4219,0,0,0,0
2018.4247,0,0,0,0
2018.4274,0,0,0,0
2018.4301,0,0,0,0
2018.4329,0,0,0,0
2018.4356,0,0,0,0
2018.4384,0,0,0,0
2018.4411,0,0,0,0
2018.4438,0,0,0,0
2018.4466,0,0,0,0
2018.4493,0,0,0,0
2018.4521,0,0,0,0
2018.4548,0,0,0,0
2018.4575,0,0,0,0
2018.4603,0,0,0,0
2018.463,0,0,0,0
2018.4658,0,0,0,0
2018.4685,0,0,0,0
2018.4712,0,0,0,0
2018.474,0,0,0,0
2018.4767,0,0,0,0
2018.4795,0,0,0,0
2018.4822,0,0,0,0
2018.4849,0,0,0,0
2018.4877,0,0,0,0
2018.4904,0,0,0,0
2018.4932,0,0,0,0
2018.4959,0,0,0,0
2018.4986,0,0,0,0
2018.5014,0,0,0,0
2018.5041,0,0,0,0
2018.5068,0,0,0,0
2018.5096,0,0,0,0
2018.5123,0,0,0,0
2018.5151,0,0,0,0
2018.5178,0,0,0,0
2018.5205,0,0,0,0
2018.5233,0,0,0,0
2018.526,0,0,0,0
2018.5288,0,0,0,0
2018.5315,0,0,0,0
2018.5342,0,0,0,0
2018.537,0,0,0,0
2018.5397,0,0,0,0
2018.5425,0,0,0,0
2018.5452,0,0,0,0
2018.5479,0,0,0,0
2018.5507,0,0,0,0
2018.5534,0,0,0,0
2018.5562,0,0,0,0
2018.5589,0,0,0,0
2018.5616,0,0,0,0
2018.5644,0,0,0,0
2018.5671,0,0,0,0
2018.5699,0,0,0,0
2018.5726,0,0,0,0
2018.5753,0,0,0,0
2018.5781,0,0,0,0
2018.5808,0,0,0,0
2018.5836,0,0,0,0
2018.5863,0,0,0,0
2018.589,0,0,0,0
2018.5918,0,0,0,0
2018.5945,0,0,0,0
2018.5973,0,0,0,0
2018.6,0,0,0,0
2018.6027,0,0,0,0
2018.6055,0,0,0,0
2018.6082,0,0,0,0
2018.611,0,0,0,0
2018.6137,0,0,0,0
2018.6164,0,0,0,0
2018.6192,0,0,0,0
2018.6219,0,0,0,0
2018.6247,0,0,0,0
2018.6274,0,0,0,0
2018.6301,0,0,0,0
2018.6329,0,0,0,0
2018.6356,0,0,0,0
2018.6384,0,0,0,0
2018.6411,0,0,0,0
2018.6438,0,0,0,0
2018.6466,0,0,0,0
2018.6493,0,0,0,0
2018.6521,0,0,0,0
2018.6548,0,0,0,0
2018.6575,0,0,0,0
2018.6603,0,0,0,0
2018.663,0,0,0,0
2018.6658,0,0,0,0
2018.6685,0,0,0,0
2018.6712,0,0,0,0
2018.674,0,0,0,0
2018.6767,0,0,0,0
2018.6795,0,0,0,0
2018.6822,0,0,0,0
2018.6849,0,0,0,0
2018.6877,0,0,0,0
2018.6904,0,0,0,0
2018.6932,0,0,0,0
2018.6959,0,0,0,0
2018.6986,0,0,0,0
2018.7014,0,0,0,0
2018.7041,0,0,0,0
2018.7068,0,0,0,0
2018.7096,0,0,0,0
2018.7123,0,0,0,0
2018.7151,0,0,0,0
2018.7178,0,0,0,0
2018.7205,0,0,0,0
2018.7233,0,0,0,0
2018.726,0,0,0,0
2018.7288,0,0,0,0
2018.7315,0,0,0,0
2018.7342,0,0,0,0
2018.737,0,0,0,0
2018.7397,0,0,0,0
2018.7425,0,0,0,0
2018.7452,0,0,0,0
2018.7479,0,0,0,0
2018.7507,0,0,0,0
2018.7534,0,0,0,0
2018.7562,0,0,0,0
2018.7589,0,0,0,0
2018.7616,0,0,0,0
2018.7644,0,0,0,0
2018.7671,0,0,0,0
2018.7699,0,0,0,0
2018.7726,0,0,0,0
2018.7753,0,0,0,0
2018.7781,0,0,0,0
2018.7808,0,0,0,0
2018.7836,0,0,0,0
2018.7863,0,0,0,0
2018.789,0,0,0,0
2018.7918,0,0,0,0
2018.7945,0,0,0,0
2018.7973,0,0,0,0
2018.8,0,0,0,0
2018.8027,0,0,0,0
2018.8055,0,0,0,0
2018.8082,0,0,0,0
2018.811,0,0,0,0
2018.8137,0,0,0,0
2018.8164,0,0,0,0
2018.8192,0,0,0,0
2018.8219,0,0,0,0
2018.8247,0,0,0,0
2018.8274,0,0,0,0
2018.8301,0,0,0,0
2018.8329,0,0,0,0
2018.8356,0,0,0,0
2018.8384,0,0,0,0
2018.8411,0,0,0,0
2018.8438,0,0,0,0
2018.8466,0,0,0,0
2018.8493,0,0,0,0
2018.8521,0,0,0,0
2018.8548,0,0,0,0
2018.8575,0,0,0,0
2018.8603,0,0,0,0
2018.863,0,0,0,0
2018.8658,0,0,0,0
2018.8685,0,0,0,0
2018.8712,0,0,0,0
2018.874,0,0,0,0
2018.8767,0,0,0,0
2018.8795,0,0,0,0
2018.8822,0,0,0,0
2018.8849,0,0,0,0
2018.8877,0,0,0,0
2018.8904,0,0,0,0
2018.8932,0,0,0,0
2018.8959,0,0,0,0
2018.8986,0,0,0,0
2018.9014,0,0,0,0
2018.9041,0,0,0,0
2018.9068,0,0,0,0
2018.9096,0,0,0,0
2018.9123,0,0,0,0
2018.9151,0,0,0,0
2018.9178,0,0,0,0
2018.9205,0,0,0,0
2018.9233,0,0,0,0
2018.926,0,0,0,0
2018.9288,0,0,0,0
2018.9315,0,0,0,0
2018.9342,0,0,0,0
2018.937,0,0,0,0
2018.9397,0,0,0,0
2018.9425,0,0,0,0
2018.9452,0,0,0,0
2018.9479,0,0,0,0
2018.9507,0,0,0,0
2018.9534,0,0,0,0
2018.9562,0,0,0,0
2018.9589,0,0,0,0
2018.9616,0,0,0,0
2018.9644,0,0,0,0
2018.9671,0,0,0,0
2018.9699,0,0,0,0
2018.9726,0,0,0,0
2018.9753,0,0,0,0
2018.9781,0,0,0,0
2018.9808,0,0,0,0
2018.9836,0,0,0,0
2018.9863,0,0,0,0
2018.989,0,0,0,0
2018.9918,0,0,0,0
2018.9945,0,0,0,0
2018.9973,0,0,0,0
2019,0,0,0,0
2019.0027,0,0,0,0
2019.0055,0,0,0,0
2019.0082,0,0,0,0
2019.011,0,0,0,0
2019.0137,0,0,0,0
2019.0164,0,0,0,0
2019.0192,0,0,0,0
2019.0219,0,0,0,0
2019.0247,0,0,0,0
2019.0274,0,0,0,0
2019.0301,0,0,0,0
2019.0329,0,0,0,0
2019.0356,0,0,0,0
2019.0384,0,0,0,0
2019.0411,0,0,0,0
2019.0438,0,0,0,0
2019.0466,0,0,0,0
2019.0493,0,0,0,0
2019.0521,0,0,0,0
2019.0548,0,0,0,0
2019.0575,0,0,0,0
2019.0603,0,0,0,0
2019.063,0,0,0,0
2019.0658,0,0,0,0
2019.0685,0,0,0,0
2019.0712,0,0,0,0
2019.074,0,0,0,0
2019.0767,0,0,0,0
2019.0795,0,0,0,0
2019.0822,0,0,0,0
2019.0849,0,0,0,0
2019.0877,0,0,0,0
2019.0904,0,0,0,0
2019.0932,0,0,0,0
2019.0959,0,0,0,0
2019.0986,0,0,0,0
2019.1014,0,0,0,0
2019.1041,0,0,0,0
2019.1068,0,0,0,0
2019.1096,0,0,0,0
2019.1123,0,0,0,0
2019.1151,0,0,0,0
2019.1178,0,0,0,0
2019.1205,0,0,0,0
2019.1233,0,0,0,0
2019.126,0,0,0,0
2019.1288,0,0,0,0
2019.1315,0,0,0,0
2019.1342,0,0,0,0
2019.137,0,0,0,0
2019.1397,0,0,0,0
2019.1425,0,0,0,0
2019.1452,0,0,0,0
2019.1479,0,0,0,0
2019.1507,0,0,0,0
2019.1534,0,0,0,0
2019.1562,0,0,0,0
2019.1589,0,0,0,0
2019.1616,0,0,0,0
2019.1644,0,0,0,0
2019.1671,0,0,0,0
2019.1699,0,0,0,0
2019.1726,0,0,0,0
2019.1753,0,0,0,0
2019.1781,0,0,0,0
2019.1808,0,0,0,0
2019.1836,0,0,0,0
2019.1863,0,0,0,0
2019.189,0,0,0,0
2019.1918,0,0,0,0
2019.1945,0,0,0,0
2019.1973,0,0,0,0
2019.2,0,0,0,0
2019.2027,0,0,0,0
2019.2055,0,0,0,0
2019.2082,0,0,0,0
2019.211,0,0,0,0
2019.2137,0,0,0,0
2019.2164,0,0,0,0
2019.2192,0,0,0,0
2019.2219,0,0,0,0
2019.2247,0,0,0,0
2019.2274,0,0,0,0
2019.2301,0,0,0,0
2019.2329,0,0,0,0
2019.2356,0,0,0,0
2019.2384,0,0,0,0
2019.2411,0,0,0,0
2019.2438,0,0,0,0
2019.2466,0,0,0,0
2019.2493,0,0,0,0
2019.2521,0,0,0,0
2019.2548,0,0,0,0
2019.2575,0,0,0,0
2019.2603,0,0,0,0
2019.263,0,0,0,0
2019.2658,0,0,0,0
2019.2685,0,0,0,0
2019.2712,0,0,0,0
2019.274,0,0,0,0
2019.2767,0,0,0,0
2019.2795,0,0,0,0
2019.2822,0,0,0,0
2019.2849,0,0,0,0
2019.2877,0,0,0,0
2019.2904,0,0,0,0
2019.2932,0,0,0,0
2019.2959,0,0,0,0
2019.2986,0,0,0,0
2019.3014,0,0,0,0
2019.3041,0,0,0,0
2019.3068,0,0,0,0
2019.3096,0,0,0,0
2019.3123,0,0,0,0
2019.3151,0,0,0,0
2019.3178,0,0,0,0
2019.3205,0,0,0,0
2019.3233,0,0,0,0
2019.326,0,0,0,0
2019.3288,0,0,0,0
2019.3315,0,0,0,0
2019.3342,0,0,0,0
2019.337,0,0,0,0
2019.3397,0,0,0,0
2019.3425,0,0,0,0
2019.3452,0,0,0,0
2019.3479,0,0,0,0
2019.3507,0,0,0,0
2019.3534,0,0,0,0
2019.3562,0,0,0,0
2019.3589,0,0,0,0
2019.3616,0,0,0,0
2019.3644,0,0,0,0
2019.3671,0,0,0,0
2019.3699,0,0,0,0
2019.3726,0,0,0,0
2019.3753,0,0,0,0
2019.3781,0,0,0,0
2019.3808,0,0,0,0
2019.3836,0,0,0,0
2019.3863,0,0,0,0
2019.389,0,0,0,0
2019.3918,0,0,0,0
2019.3945,0,0,0,0
2019.3973,0,0,0,0
2019.4,0,0,0,0
2019.4027,0,0,0,0
2019.4055,0,0,0,0
2019.4082,0,0,0,0
2019.411,0,0,0,0
2019.4137,0,0,0,0
2019.4164,0,0,0,0
2019.4192,0,0,0,0
2019.4219,0,0,0,0
2019.4247,0,0,0,0
2019.4274,0,0,0,0
2019.4301,0,0,0,0
2019.4329,0,0,0,0
2019.4356,0,0,0,0
2019.4384,0,0,0,0
2019.4411,0,0,0,0
2019.4438,0,0,0,0
2019.4466,0,0,0,0
2019.4493,0,0,0,0
2019.4521,0,0,0,0
2019.4548,0,0,0,0
2019.4575,0,0,0,0
2019.4603,0,0,0,0
2019.463,0,0,0,0
2019.4658,0,0,0,0
2019.4685,0,0,0,0
2019.4712,0,0,0,0
2019.474,0,0,0,0
2019.4767,0,0,0,0
2019.4795,0,0,0,0
2019.4822,0,0,0,0
2019.4849,0,0,0,0
2019.4877,0,0,0,0
2019.4904,0,0,0,0
2019.4932,0,0,0,0
2019.4959,0,0,0,0
2019.4986,0,0,0,0
2019.5014,0,0,0,0
2019.5041,0,0,0,0
2019.5068,0,0,0,0
2019.5096,0,0,0,0
2019.5123,0,0,0,0
2019.5151,0,0,0,0
2019.5178,0,0,0,0
2019.5205,0,0,0,0
2019.5233,0,0,0,0
2019.526,0,0,0,0
2019.5288,0,0,0,0
2019.5315,0,0,0,0
2019.5342,0,0,0,0
2019.537,0,0,0,0
2019.5397,0,0,0,0
2019.5425,0,0,0,0
2019.5452,0,0,0,0
2019.5479,0,0,0,0
2019.5507,0,0,0,0
2019.5534,1,0,0,0
2019.5562,0,0,0,0
2019.5589,0,0,0,0
2019.5616,0,0,0,0
2019.5644,0,0,0,0
2019.5671,0,0,0,0
2019.5699,0,0,0,0
2019.5726,0,0,0,0
2019.5753,0,0,0,0
2019.5781,0,0,0,0
2019.5808,0,0,0,0
2019.5836,0,0,0,0
2019.5863,0,0,0,0
2019.589,0,0,0,0
2019.5918,0,0,0,0
2019.5945,0,0,0,0
2019.5973,0,0,0,0
2019.6,0,0,0,0
2019.6027,0,0,0,0
2019.6055,0,0,0,0
2019.6082,0,0,0,0
2019.611,0,0,0,0
2019.6137,0,0,0,0
2019.6164,0,0,0,0
2019.6192,0,0,0,0
2019.6219,0,0,0,0
2019.6247,0,0,0,0
2019.6274,0,0,0,0
2019.6301,0,0,0,0
2019.6329,0,0,0,0
2019.6356,0,0,0,0
2019.6384,0,0,0,0
2019.6411,0,0,0,0
2019.6438,0,0,0,0
2019.6466,0,0,0,0
2019.6493,0,0,0,0
2019.6521,0,0,0,0
2019.6548,0,0,0,0
2019.6575,0,0,0,0
2019.6603,0,0,0,0
2019.663,0,0,0,0
2019.6658,0,0,0,0
2019.6685,0,0,0,0
2019.6712,0,0,0,0
2019.674,0,0,0,0
2019.6767,0,0,0,0
2019.6795,0,0,0,0
2019.6822,0,0,0,0
2019.6849,0,0,0,0
2019.6877,0,0,0,0
2019.6904,0,0,0,0
2019.6932,0,0,0,0
2019.6959,0,0,0,0
2019.6986,0,0,0,0
2019.7014,0,0,0,0
2019.7041,0,0,0,0
2019.7068,0,0,0,0
2019.7096,0,0,0,0
2019.7123,0,0,0,0
2019.7151,0,0,0,0
2019.7178,0,0,0,0
2019.7205,0,0,0,0
2019.7233,0,0,0,0
2019.726,0,0,0,0
2019.7288,0,0,0,0
2019.7315,0,0,0,0
2019.7342,0,0,0,0
2019.737,0,0,0,0
2019.7397,0,0,0,0
2019.7425,0,0,0,0
2019.7452,0,0,0,0
2019.7479,0,0,0,0
2019.7507,0,0,0,0
2019.7534,0,0,0,0
2019.7562,0,0,0,0
2019.7589,0,0,0,0
2019.7616,0,0,0,0
2019.7644,0,0,0,0
2019.7671,0,0,0,0
2019.7699,0,0,0,0
2019.7726,0,0,0,0
2019.7753,0,0,0,0
2019.7781,0,0,0,0
2019.7808,0,0,0,0
2019.7836,0,0,0,0
2019.7863,0,0,0,0
2019.789,0,0,0,0
2019.7918,0,0,0,0
2019.7945,0,0,0,0
2019.7973,0,0,0,0
2019.8,0,0,0,0
2019.8027,0,0,0,0
2019.8055,0,0,0,0
2019.8082,0,0,0,0
2019.811,0,0,0,0
2019.8137,0,0,0,0
2019.8164,0,0,0,0
2019.8192,0,0,0,0
2019.8219,0,0,0,0
2019.8247,0,0,0,0
2019.8274,0,0,0,0
2019.8301,0,0,0,0
2019.8329,0,0,0,0
2019.8356,0,0,0,0
2019.8384,0,0,0,0
2019.8411,0,0,0,0
2019.8438,0,0,0,0
2019.8466,0,0,0,0
2019.8493,0,0,0,0
2019.8521,0,0,0,0
2019.8548,0,0,0,0
2019.8575,0,0,0,0
2019.8603,0,0,0,0
2019.863,0,0,0,0
2019.8658,0,0,0,0
2019.8685,0,0,0,0
2019.8712,0,0,0,0
2019.874,0,0,0,0
2019.8767,0,0,0,0
2019.8795,0,0,0,0
2019.8822,0,0,0,0
2019.8849,0,0,0,0
2019.8877,0,0,0,0
2019.8904,0,0,0,0
2019.8932,0,0,0,0
2019.8959,0,0,0,0
2019.8986,0,0,0,0
2019.9014,0,0,0,0
2019.9041,0,0,0,0
2019.9068,0,0,0,0
2019.9096,0,0,0,0
2019.9123,0,0,0,0
2019.9151,0,0,0,0
2019.9178,0,0,0,0
2019.9205,0,0,0,0
2019.9233,0,0,0,0
2019.926,0,0,0,0
2019.9288,0,0,0,0
2019.9315,0,0,0,0
2019.9342,0,0,0,0
2019.937,0,0,0,0
2019.9397,0,0,0,0
2019.9425,0,0,0,0
2019.9452,0,0,0,0
2019.9479,0,0,0,0
2019.9507,0,0,0,0
2019.9534,0,0,0,0
2019.9562,0,0,0,0
2019.9589,0,0,0,0
2019.9616,0,0,0,0
2019.9644,0,0,0,0
2019.9671,0,0,0,0
2019.9699,0,0,0,0
2019.9726,0,0,0,0
2019.9753,0,0,0,0
2019.9781,0,0,0,0
2019.9808,0,0,0,0
2019.9836,0,0,0,0
2019.9863,0,0,0,0
2019.989,0,0,0,0
2019.9918,0,0,0,0
2019.9945,0,0,0,0
2019.9973,0,0,0,0
2020,0,0,0,0
2020.0027,0,0,0,0
2020.0055,0,0,0,0
2020.0082,0,0,0,0
2020.011,0,0,0,0
2020.0137,0,0,0,0
2020.0164,0,0,0,0
2020.0192,0,0,0,0
2020.0219,0,0,0,0
2020.0247,0,0,0,0
2020.0274,0,0,0,0
2020.0301,0,0,0,0
2020.0329,0,0,0,0
2020.0356,0,0,0,0
2020.0384,0,0,0,0
2020.0411,0,0,0,0
2020.0438,0,0,0,0
2020.0466,0,0,0,0
2020.0493,0,0,0,0
2020.0521,0,0,0,0
2020.0548,0,0,0,0
2020.0575,0,0,0,0
2020.0603,0,0,0,0
2020.063,0,0,0,0
2020.0658,0,0,0,0
2020.0685,0,0,0,0
2020.0712,0,0,0,0
2020.074,0,0,0,0
2020.0767,0,0,0,0
2020.0795,0,0,0,0
2020.0822,0,0,0,0
2020.0849,0,0,0,0
2020.0877,0,0,0,0
2020.0904,0,0,0,0
2020.0932,0,0,0,0
2020.0959,0,0,0,0
2020.0986,0,0,0,0
2020.1014,0,0,0,0
2020.1041,0,0,0,0
2020.1068,0,0,0,0
2020.1096,0,0,0,0
2020.1123,0,0,0,0
2020.1151,0,0,0,0
2020.1178,0,0,0,0
2020.1205,0,0,0,0
2020.1233,0,0,0,0
2020.126,0,0,0,0
2020.1288,0,0,0,0
2020.1315,0,0,0,0
2020.1342,0,0,0,0
2020.137,0,0,0,0
2020.1397,0,0,0,0
2020.1425,0,0,0,0
2020.1452,0,0,0,0
2020.1479,0,0,0,0
2020.1507,0,0,0,0
2020.1534,0,0,0,0
2020.1562,0,0,0,0
2020.1589,0,0,0,0
2020.1616,0,0,0,0
2020.1644,0,0,0,0
2020.1671,0,0,0,0
2020.1699,0,0,0,0
2020.1726,0,0,0,0
2020.1753,0,0,0,0
2020.1781,0,0,0,0
2020.1808,0,0,0,0
2020.1836,0,0,0,0
2020.1863,0,0,0,0
2020.189,0,0,0,0
2020.1918,0,0,0,0
2020.1945,0,0,0,0
2020.1973,0,0,0,0
2020.2,0,0,0,0
2020.2027,0,0,0,0
2020.2055,0,0,0,0
2020.2082,0,0,0,0
2020.211,0,0,0,0
2020.2137,0,0,0,0
2020.2164,0,0,0,0
2020.2192,0,0,0,0
2020.2219,0,0,0,0
2020.2247,0,0,0,0
2020.2274,0,0,0,0
2020.2301,0,0,0,0
2020.2329,0,0,0,0
2020.2356,0,0,0,0
2020.2384,0,0,0,0
2020.2411,0,0,0,0
2020.2438,0,0,0,0
2020.2466,0,0,0,0
2020.2493,0,0,0,0
2020.2521,0,0,0,0
2020.2548,0,0,0,0
2020.2575,0,0,0,0
2020.2603,0,0,0,0
2020.263,0,0,0,0
2020.2658,0,0,0,0
2020.2685,0,0,0,0
2020.2712,0,0,0,0
2020.274,0,0,0,0
2020.2767,0,0,0,0
2020.2795,0,0,0,0
2020.2822,0,0,0,0
2020.2849,0,0,0,0
2020.2877,0,0,0,0
2020.2904,0,0,0,0
2020.2932,0,0,0,0
2020.2959,0,0,0,0
2020.2986,0,0,0,0
2020.3014,0,0,0,0
2020.3041,0,0,0,0
2020.3068,0,0,0,0
2020.3096,0,0,0,0
2020.3123,0,0,0,0
2020.3151,0,0,0,0
2020.3178,0,0,0,0
2020.3205,0,0,0,0
2020.3233,0,0,0,0
2020.326,0,0,0,0
2020.3288,0,0,0,0
2020.3315,0,0,0,0
2020.3342,0,0,0,0
2020.337,0,0,0,0
2020.3397,0,0,0,0
2020.3425,0,0,0,0
2020.3452,0,0,0,0
2020.3479,0,0,0,0
2020.3507,0,0,0,0
2020.3534,0,0,0,0
2020.3562,0,0,0,0
2020.3589,0,0,0,0
2020.3616,0,0,0,0
2020.3644,0,0,0,0
2020.3671,0,0,0,0
2020.3699,0,0,0,0
2020.3726,0,0,0,0
2020.3753,0,0,0,0
2020.3781,0,0,0,0
2020.3808,0,0,0,0
2020.3836,0,0,0,0
2020.3863,0,0,0,0
2020.389,0,0,0,0
2020.3918,0,0,0,0
2020.3945,0,0,0,0
2020.3973,0,0,0,0
2020.4,0,0,0,0
2020.4027,0,0,0,0
2020.4055,0,0,0,0
2020.4082,0,0,0,0
2020.411,0,0,0,0
2020.4137,0,0,0,0
2020.4164,0,0,0,0
2020.4192,0,0,0,0
2020.4219,0,0,0,0
2020.4247,0,0,0,0
2020.4274,0,0,0,0
2020.4301,0,0,0,0
2020.4329,0,0,0,0
2020.4356,0,0,0,0
2020.4384,0,0,0,0
2020.4411,0,0,0,0
2020.4438,0,0,0,0
2020.4466,0,0,0,0
2020.4493,0,0,0,0
2020.4521,0,0,0,0
2020.4548,0,0,0,0
2020.4575,0,0,0,0
2020.4603,0,0,0,0
2020.463,0,0,0,0
2020.4658,0,0,0,0
2020.4685,0,0,0,0
2020.4712,0,0,0,0
2020.474,0,0,0,0
2020.4767,0,0,0,0
2020.4795,0,0,0,0
2020.4822,0,0,0,0
2020.4849,0,0,0,0
2020.4877,0,0,0,0
2020.4904,0,0,0,0
2020.4932,0,0,0,0
2020.4959,0,0,0,0
2020.4986,0,0,0,0
2020.5014,0,0,0,0
2020.5041,0,0,0,0
2020.5068,0,0,0,0
2020.5096,0,0,0,0
2020.5123,0,0,0,0
2020.5151,0,0,0,0
2020.5178,0,0,0,0
2020.5205,0,0,0,0
2020.5233,0,0,0,0
2020.526,0,0,0,0
2020.5288,0,0,0,0
2020.5315,0,0,0,0
2020.5342,0,0,0,0
2020.537,0,0,0,0
2020.5397,0,0,0,0
2020.5425,0,0,0,0
2020.5452,0,0,0,0
2020.5479,0,0,0,0
2020.5507,0,0,0,0
2020.5534,0,0,0,0
2020.5562,0,0,0,0
2020.5589,0,0,0,0
2020.5616,0,0,0,0
2020.5644,0,0,0,0
2020.5671,0,0,0,0
2020.5699,0,0,0,0
2020.5726,0,0,0,0
2020.5753,0,0,0,0
2020.5781,0,0,0,0
2020.5808,0,0,0,0
2020.5836,0,0,0,0
2020.5863,0,0,0,0
2020.589,0,0,0,0
2020.5918,0,0,0,0
2020.5945,0,0,0,0
2020.5973,0,0,0,0
2020.6,0,0,0,0
2020.6027,0,0,0,0
2020.6055,0,0,0,0
2020.6082,0,0,0,0
2020.611,0,0,0,0
2020.6137,0,0,0,0
2020.6164,0,0,0,0
2020.6192,0,0,0,0
2020.6219,0,0,0,0
2020.6247,0,0,0,0
2020.6274,0,0,0,0
2020.6301,0,0,0,0
2020.6329,0,0,0,0
2020.6356,0,0,0,0
2020.6384,0,0,0,0
2020.6411,0,0,0,0
2020.6438,0,0,0,0
2020.6466,0,0,0,0
2020.6493,0,0,0,0
2020.6521,0,0,0,0
2020.6548,0,0,0,0
2020.6575,0,0,0,0
2020.6603,0,0,0,0
2020.663,0,0,0,0
2020.6658,0,0,0,0
2020.6685,0,0,0,0
2020.6712,0,0,0,0
2020.674,0,0,0,0
2020.6767,0,0,0,0
2020.6795,0,0,0,0
2020.6822,0,0,0,0
2020.6849,0,0,0,0
2020.6877,0,0,0,0
2020.6904,0,0,0,0
2020.6932,0,0,0,0
2020.6959,0,0,0,0
2020.6986,0,0,0,0
2020.7014,0,0,0,0
2020.7041,0,0,0,0
2020.7068,0,0,0,0
2020.7096,0,0,0,0
2020.7123,0,0,0,0
2020.7151,0,0,0,0
2020.7178,0,0,0,0
2020.7205,0,0,0,0
2020.7233,0,0,0,0
2020.726,0,0,0,0
2020.7288,0,0,0,0
2020.7315,0,0,0,0
2020.7342,0,0,0,0
2020.737,0,0,0,0
2020.7397,0,0,0,0
2020.7425,0,0,0,0
2020.7452,0,0,0,0
2020.7479,0,0,0,0
2020.7507,0,0,0,0
2020.7534,0,0,0,0
2020.7562,0,0,0,0
2020.7589,0,0,0,0
2020.7616,0,0,0,0
2020.7644,0,0,0,0
2020.7671,0,0,0,0
2020.7699,0,0,0,0
2020.7726,0,0,0,0
2020.7753,0,0,0,0
2020.7781,0,0,0,0
2020.7808,0,0,0,0
2020.7836,0,0,0,0
2020.7863,0,0,0,0
2020.789,0,0,0,0
2020.7918,0,0,0,0
2020.7945,0,0,0,0
2020.7973,0,0,0,0
2020.8,0,0,0,0
2020.8027,0,0,0,0
2020.8055,0,0,0,0
2020.8082,0,0,0,0
2020.811,0,0,0,0
2020.8137,0,0,0,0
2020.8164,0,0,0,0
2020.8192,0,0,0,0
2020.8219,0,0,0,0
2020.8247,0,0,0,0
2020.8274,0,0,0,0
2020.8301,0,0,0,0
2020.8329,0,0,0,0
2020.8356,0,0,0,0
2020.8384,0,0,0,0
2020.8411,0,0,0,0
2020.8438,0,0,0,0
2020.8466,0,0,0,0
2020.8493,0,0,0,0
2020.8521,0,0,0,0
2020.8548,0,0,0,0
2020.8575,0,0,0,0
2020.8603,0,0,0,0
2020.863,0,0,0,0
2020.8658,0,0,0,0
2020.8685,0,0,0,0
2020.8712,0,0,0,0
2020.874,0,0,0,0
2020.8767,0,0,0,0
2020.8795,0,0,0,0
2020.8822,0,0,0,0
2020.8849,0,0,0,0
2020.8877,0,0,0,0
2020.8904,0,0,0,0
2020.8932,0,0,0,0
2020.8959,0,0,0,0
2020.8986,0,0,0,0
2020.9014,0,0,0,0
2020.9041,0,0,0,0
2020.9068,0,0,0,0
2020.9096,0,0,0,0
2020.9123,0,0,0,0
2020.9151,0,0,0,0
2020.9178,0,0,0,0
2020.9205,0,0,0,0
2020.9233,0,0,0,0
2020.926,0,0,0,0
2020.9288,0,0,0,0
2020.9315,0,0,0,0
2020.9342,0,0,0,0
2020.937,0,0,0,0
2020.9397,0,0,0,0
2020.9425,0,0,0,0
2020.9452,0,0,0,0
2020.9479,0,0,0,0
2020.9507,0,0,0,0
2020.9534,0,0,0,0
2020.9562,0,0,0,0
2020.9589,0,0,0,0
2020.9616,0,0,0,0
2020.9644,0,0,0,0
2020.9671,0,0,0,0
2020.9699,0,0,0,0
2020.9726,0,0,0,0
2020.9753,0,0,0,0
2020.9781,0,0,0,0
2020.9808,0,0,0,0
2020.9836,0,0,0,0
2020.9863,0,0,0,0
2020.989,0,0,0,0
2020.9918,0,0,0,0
2020.9945,0,0,0,0
2020.9973,0,0,0,0
2021,0,0,0,0
2021,0,0,0,0
2021.0027,0,0,0,0
2021.0055,0,0,0,0
2021.0082,0,0,0,0
2021.011,0,0,0,0
2021.0137,0,0,0,0
2021.0164,0,0,0,0
2021.0192,0,0,0,0
2021.0219,0,0,0,0
2021.0247,0,0,0,0
2021.0274,0,0,0,0
2021.0301,0,0,0,0
2021.0329,0,0,0,0
2021.0356,0,0,0,0
2021.0384,0,0,0,0
2021.0411,0,0,0,0
2021.0438,0,0,0,0
2021.0466,0,0,0,0
2021.0493,0,0,0,0
2021.0521,0,0,0,0
2021.0548,0,0,0,0
2021.0575,0,0,0,0
2021.0603,0,0,0,0
2021.063,0,0,0,0
2021.0658,0,0,0,0
2021.0685,0,0,0,0
2021.0712,0,0,0,0
2021.074,0,0,0,0
2021.0767,0,0,0,0
2021.0795,0,0,0,0
2021.0822,0,0,0,0
2021.0849,0,0,0,0
2021.0877,0,0,0,0
2021.0904,0,0,0,0
2021.0932,0,0,0,0
2021.0959,0,0,0,0
2021.0986,0,0,0,0
2021.1014,0,0,0,0
2021.1041,0,0,0,0
2021.1068,0,0,0,0
2021.1096,0,0,0,0
2021.1123,0,0,0,0
2021.1151,0,0,0,0
2021.1178,0,0,0,0
2021.1205,0,0,0,0
2021.1233,0,0,0,0
2021.126,0,0,0,0
2021.1288,0,0,0,0
2021.1315,0,0,0,0
2021.1342,0,0,0,0
2021.137,0,0,0,0
2021.1397,0,0,0,0
2021.1425,0,0,0,0
2021.1452,0,0,0,0
2021.1479,0,0,0,0
2021.1507,0,0,0,0
2021.1534,0,0,0,0
2021.1562,0,0,0,0
2021.1589,0,0,0,0
2021.1616,0,0,0,0
2021.1644,0,0,0,0
2021.1671,0,0,0,0
2021.1699,0,0,0,0
2021.1726,0,0,0,0
2021.1753,0,0,0,0
2021.1781,0,0,0,0
2021.1808,0,0,0,0
2021.1836,0,0,0,0
2021.1863,0,0,0,0
2021.189,0,0,0,0
2021.1918,0,0,0,0
2021.1945,0,0,0,0
2021.1973,0,0,0,0
2021.2,0,0,0,0
2021.2027,0,0,0,0
2021.2055,0,0,0,0
2021.2082,0,0,0,0
2021.211,0,0,0,0
2021.2137,0,0,0,0
2021.2164,0,0,0,0
2021.2192,0,0,0,0
2021.2219,0,0,0,0
2021.2247,0,0,0,0
2021.2274,0,0,0,0
2021.2301,0,0,0,0
2021.2329,0,0,0,0
2021.2356,0,0,0,0
2021.2384,0,0,0,0
2021.2411,0,0,0,0
2021.2438,0,0,0,0
2021.2466,0,0,0,0
2021.2493,0,0,0,0
2021.2521,0,0,0,0
2021.2548,0,0,0,0
2021.2575,0,0,0,0
2021.2603,0,0,0,0
2021.263,0,0,0,0
2021.2658,0,0,0,0
2021.2685,0,0,0,0
2021.2712,0,0,0,0
2021.274,0,0,0,0
2021.2767,0,0,0,0
2021.2795,0,0,0,0
2021.2822,0,0,0,0
2021.2849,0,0,0,0
2021.2877,0,0,0,0
2021.2904,0,0,0,0
2021.2932,0,0,0,0
2021.2959,0,0,0,0
2021.2986,0,0,0,0
2021.3014,0,0,0,0
2021.3041,0,0,0,0
2021.3068,0,0,0,0
2021.3096,0,0,0,0
2021.3123,0,0,0,0
2021.3151,0,0,0,0
2021.3178,0,0,0,0
2021.3205,0,0,0,0
2021.3233,0,0,0,0
2021.326,0,0,0,0
2021.3288,0,0,0,0
2021.3315,0,0,0,0
2021.3342,0,0,0,0
2021.337,0,0,0,0
2021.3397,0,0,0,0
2021.3425,0,0,0,0
2021.3452,0,0,0,0
2021.3479,0,0,0,0
2021.3507,0,0,0,0
2021.3534,0,0,0,0
2021.3562,0,0,0,0
2021.3589,0,0,0,0
2021.3616,0,0,0,0
2021.3644,0,0,0,0
2021.3671,0,0,0,0
2021.3699,0,0,0,0
2021.3726,0,0,0,0
2021.3753,0,0,0,0
2021.3781,0,0,0,0
2021.3808,0,0,0,0
2021.3836,0,0,0,0
2021.3863,0,0,0,0
2021.389,0,0,0,0
2021.3918,0,0,0,0
2021.3945,0,0,0,0
2021.3973,0,0,0,0
2021.4,0,0,0,0
2021.4027,0,0,0,0
2021.4055,0,0,0,0
2021.4082,0,0,0,0
2021.411,0,0,0,0
2021.4137,0,0,0,0
2021.4164,0,0,0,0
2021.4192,0,0,0,0
2021.4219,0,0,0,0
2021.4247,0,0,0,0
2021.4274,0,0,0,0
2021.4301,0,0,0,0
2021.4329,0,0,0,0
2021.4356,0,0,0,0
2021.4384,0,0,0,0
2021.4411,0,0,0,0
2021.4438,0,0,0,0
2021.4466,0,0,0,0
2021.4493,0,0,0,0
2021.4521,0,0,0,0
2021.4548,0,0,0,0
2021.4575,0,0,0,0
2021.4603,0,0,0,0
2021.463,0,0,0,0
2021.4658,0,0,0,0
2021.4685,0,0,0,0
2021.4712,0,0,0,0
2021.474,0,0,0,0
2021.4767,0,0,0,0
2021.4795,0,0,0,0
2021.4822,0,0,0,0
2021.4849,0,0,0,0
2021.4877,0,0,0,0
2021.4904,0,0,0,0
2021.4932,0,0,0,0
2021.4959,0,0,0,0
2021.4986,0,0,0,0
2021.5014,0,0,0,0
2021.5041,0,0,0,0
2021.5068,0,0,0,0
2021.5096,0,0,0,0
2021.5123,0,0,0,0
2021.5151,0,0,0,0
2021.5178,0,0,0,0
2021.5205,0,0,0,0
2021.5233,0,0,0,0
2021.526,0,0,0,0
2021.5288,0,0,0,0
2021.5315,0,0,0,0
2021.5342,0,0,0,0
2021.537,0,0,0,0
2021.5397,0,0,0,0
2021.5425,0,0,0,0
2021.5452,0,0,0,0
2021.5479,0,0,0,0
2021.5507,0,0,0,0
2021.5534,0,0,0,0
2021.5562,0,0,0,0
2021.5589,0,0,0,0
2021.5616,0,0,0,0
2021.5644,0,0,0,0
2021.5671,0,0,0,0
2021.5699,0,0,0,0
2021.5726,0,0,0,0
2021.5753,0,0,0,0
2021.5781,0,0,0,0
2021.5808,0,0,0,0
2021.5836,0,0,0,0
2021.5863,0,0,0,0
2021.589,0,0,0,0
2021.5918,0,0,0,0
2021.5945,0,0,0,0
2021.5973,0,0,0,0
2021.6,0,0,0,0
2021.6027,0,0,0,0
2021.6055,0,0,0,0
2021.6082,0,0,0,0
2021.611,0,0,0,0
2021.6137,0,0,0,0
2021.6164,0,0,0,0
2021.6192,0,0,0,0
2021.6219,0,0,0,0
2021.6247,0,0,0,0
2021.6274,0,0,0,0
2021.6301,0,0,0,0
2021.6329,0,0,0,0
2021.6356,0,0,0,0
2021.6384,0,0,0,0
2021.6411,0,0,0,0
2021.6438,0,0,0,0
2021.6466,0,0,0,0
2021.6493,0,0,0,0
2021.6521,0,0,0,0
2021.6548,0,0,0,0
2021.6575,0,0,0,0
2021.6603,0,0,0,0
2021.663,0,0,0,0
2021.6658,0,0,0,0
2021.6685,0,0,0,0
2021.6712,0,0,0,0
2021.674,0,0,0,0
2021.6767,0,0,0,0
2021.6795,0,0,0,0
2021.6822,0,0,0,0
2021.6849,0,0,0,0
2021.6877,0,0,0,0
2021.6904,0,0,0,0
2021.6932,0,0,0,0
2021.6959,0,0,0,0
2021.6986,0,0,0,0
2021.7014,0,0,0,0
2021.7041,0,0,0,0
2021.7068,0,0,0,0
2021.7096,0,0,0,0
2021.7123,0,0,0,0
2021.7151,0,0,0,0
2021.7178,0,0,0,0
2021.7205,0,0,0,0
2021.7233,0,0,0,0
2021.726,0,0,0,0
2021.7288,0,0,0,0
2021.7315,0,0,0,0
2021.7342,0,0,0,0
2021.737,0,0,0,0
2021.7397,0,0,0,0
2021.7425,0,0,0,0
2021.7452,0,0,0,0
2021.7479,0,0,0,0
2021.7507,0,0,0,0
2021.7534,0,0,0,0
2021.7562,0,0,0,0
2021.7589,0,0,0,0
2021.7616,0,0,0,0
2021.7644,0,0,0,0
2021.7671,0,0,0,0
2021.7699,0,0,0,0
2021.7726,0,0,0,0
2021.7753,0,0,0,0
2021.7781,0,0,0,0
2021.7808,0,0,0,0
2021.7836,0,0,0,0
2021.7863,0,0,0,0
2021.789,0,0,0,0
2021.7918,0,0,0,0
2021.7945,0,0,0,0
2021.7973,0,0,0,0
2021.8,0,0,0,0
2021.8027,0,0,0,0
2021.8055,0,0,0,0
2021.8082,0,0,0,0
2021.811,0,0,0,0
2021.8137,0,0,0,0
2021.8164,0,0,0,0
2021.8192,0,0,0,0
2021.8219,0,0,0,0
2021.8247,0,0,0,0
2021.8274,0,0,0,0
2021.8301,0,0,0,0
2021.8329,0,0,0,0
2021.8356,0,0,0,0
2021.8384,0,0,0,0
2021.8411,0,0,0,0
2021.8438,0,0,0,0
2021.8466,0,0,0,0
2021.8493,0,0,0,0
2021.8521,0,0,0,0
2021.8548,0,0,0,0
2021.8575,0,0,0,0
2021.8603,0,0,0,0
2021.863,0,0,0,0
2021.8658,0,0,0,0
2021.8685,0,0,0,0
2021.8712,0,0,0,0
2021.874,0,0,0,0
2021.8767,0,0,0,0
2021.8795,0,0,0,0
2021.8822,0,0,0,0
2021.8849,0,0,0,0
2021.8877,0,0,0,0
2021.8904,0,0,0,0
2021.8932,0,0,0,0
2021.8959,0,0,0,0
2021.8986,0,0,0,0
2021.9014,0,0,0,0
2021.9041,0,0,0,0
2021.9068,0,0,0,0
2021.9096,0,0,0,0
2021.9123,0,0,0,0
2021.9151,0,0,0,0
2021.9178,0,0,0,0
2021.9205,0,0,0,0
2021.9233,0,0,0,0
2021.926,0,0,0,0
2021.9288,0,0,0,0
2021.9315,0,0,0,0
2021.9342,0,0,0,0
2021.937,0,0,0,0
2021.9397,0,0,0,0
2021.9425,0,0,0,0
2021.9452,0,0,0,0
2021.9479,0,0,0,0
2021.9507,0,0,0,0
2021.9534,0,0,0,0
2021.9562,0,0,0,0
2021.9589,0,0,0,0
2021.9616,0,0,0,0
2021.9644,0,0,0,0
2021.9671,0,0,0,0
2021.9699,0,0,0,0
2021.9726,0,0,0,0
2021.9753,0,0,0,0
2021.9781,0,0,0,0
2021.9808,0,0,0,0
2021.9836,0,0,0,0
2021.9863,0,0,0,0
2021.989,0,0,0,0
2021.9918,0,0,0,0
2021.9945,0,0,0,0
2021.9973,0,0,0,0
2022,0,0,0,0
2022.0027,0,0,0,0
2022.0055,0,0,0,0
2022.0082,0,0,0,0
2022.011,0,0,0,0
2022.0137,0,0,0,0
2022.0164,0,0,0,0
2022.0192,0,0,0,0
2022.0219,0,0,0,0
2022.0247,0,0,0,0
2022.0274,0,0,0,0
2022.0301,0,0,0,0
2022.0329,0,0,0,0
2022.0356,0,0,0,0
2022.0384,0,0,0,0
2022.0411,0,0,0,0
2022.0438,0,0,0,0
2022.0466,0,0,0,0
2022.0493,0,0,0,0
2022.0521,0,0,0,0
2022.0548,0,0,0,0
2022.0575,0,0,0,0
2022.0603,0,0,0,0
2022.063,0,0,0,0
2022.0658,0,0,0,0
2022.0685,0,0,0,0
2022.0712,0,0,0,0
2022.074,0,0,0,0
2022.0767,0,0,0,0
2022.0795,0,0,0,0
2022.0822,0,0,0,0
2022.0849,0,0,0,0
2022.0877,0,0,0,0
2022.0904,0,0,0,0
2022.0932,0,0,0,0
2022.0959,0,0,0,0
2022.0986,0,0,0,0
2022.1014,0,0,0,0
2022.1041,0,0,0,0
2022.1068,0,0,0,0
2022.1096,0,0,0,0
2022.1123,0,0,0,0
2022.1151,0,0,0,0
2022.1178,0,0,0,0
2022.1205,0,0,0,0
2022.1233,0,0,0,0
2022.126,0,0,0,0
2022.1288,0,0,0,0
2022.1315,0,0,0,0
2022.1342,0,0,0,0
2022.137,0,0,0,0
2022.1397,0,0,0,0
2022.1425,0,0,0,0
2022.1452,0,0,0,0
2022.1479,0,0,0,0
2022.1507,0,0,0,0
2022.1534,0,0,0,0
2022.1562,0,0,0,0
2022.1589,0,0,0,0
2022.1616,0,0,0,0
2022.1644,0,0,0,0
2022.1671,0,0,0,0
2022.1699,0,0,0,0
2022.1726,0,0,0,0
2022.1753,0,0,0,0
2022.1781,0,0,0,0
2022.1808,0,0,0,0
2022.1836,0,0,0,0
2022.1863,0,0,0,0
2022.189,0,0,0,0
2022.1918,0,0,0,0
2022.1945,0,0,0,0
2022.1973,0,0,0,0
2022.2,0,0,0,0
2022.2027,0,0,0,0
2022.2055,0,0,0,0
2022.2082,0,0,0,0
2022.211,0,0,0,0
2022.2137,0,0,0,0
2022.2164,0,0,0,0
2022.2192,0,0,0,0
2022.2219,0,0,0,0
2022.2247,0,0,0,0
2022.2274,0,0,0,0
2022.2301,0,0,0,0
2022.2329,0,0,0,0
2022.2356,0,0,0,0
2022.2384,0,0,0,0
2022.2411,0,0,0,0
2022.2438,0,0,0,0
2022.2466,0,0,0,0
2022.2493,0,0,0,0
2022.2521,0,0,0,0
2022.2548,0,0,0,0
2022.2575,0,0,0,0
2022.2603,0,0,0,0
2022.263,0,0,0,0
2022.2658,0,0,0,0
2022.2685,0,0,0,0
2022.2712,0,0,0,0
2022.274,0,0,0,0
2022.2767,0,0,0,0
2022.2795,0,0,0,0
2022.2822,0,0,0,0
2022.2849,0,0,0,0
2022.2877,0,0,0,0
2022.2904,0,0,0,0
2022.2932,0,0,0,0
2022.2959,0,0,0,0
2022.2986,0,0,0,0
2022.3014,0,0,0,0
2022.3041,0,0,0,0
2022.3068,0,0,0,0
2022.3096,0,0,0,0
2022.3123,0,0,0,0
2022.3151,0,0,0,0
2022.3178,0,0,0,0
2022.3205,0,0,0,0
2022.3233,0,0,0,0
2022.326,0,0,0,0
2022.3288,0,0,0,0
2022.3315,0,0,0,0
2022.3342,0,0,0,0
2022.337,0,0,0,0
2022.3397,0,0,0,0
2022.3425,0,0,0,0
2022.3452,0,0,0,0
2022.3479,0,0,0,0
2022.3507,0,0,0,0
2022.3534,0,0,0,0
2022.3562,0,0,0,0
2022.3589,0,0,0,0
2022.3616,0,0,0,0
2022.3644,0,0,0,0
2022.3671,0,0,0,0
2022.3699,0,0,0,0
2022.3726,0,0,0,0
2022.3753,0,0,0,0
2022.3781,0,0,0,0
2022.3808,0,0,0,0
2022.3836,0,0,0,0
2022.3863,0,0,0,0
2022.389,0,0,0,0
2022.3918,0,0,0,0
2022.3945,0,0,0,0
2022.3973,0,0,0,0
2022.4,0,0,0,0
2022.4027,0,0,0,0
2022.4055,0,0,0,0
2022.4082,0,0,0,0
2022.411,0,0,0,0
2022.4137,0,0,0,0
2022.4164,0,0,0,0
2022.4192,0,0,0,0
2022.4219,0,0,0,0
2022.4247,0,0,0,0
2022.4274,0,0,0,0
2022.4301,0,0,0,0
2022.4329,0,0,0,0
2022.4356,0,0,0,0
2022.4384,0,0,0,0
2022.4411,0,0,0,0
2022.4438,0,0,0,0
2022.4466,0,0,0,0
2022.4493,0,0,0,0
2022.4521,0,0,0,0
2022.4548,0,0,0,0
2022.4575,0,0,0,0
2022.4603,0,0,0,0
2022.463,0,0,0,0
2022.4658,0,0,0,0
2022.4685,0,0,0,0
2022.4712,0,0,0,0
2022.474,0,0,0,0
2022.4767,0,0,0,0
2022.4795,0,0,0,0
2022.4822,0,0,0,0
2022.4849,0,0,0,0
2022.4877,0,0,0,0
2022.4904,0,0,0,0
2022.4932,0,0,0,0
2022.4959,0,0,0,0
2022.4986,0,0,0,0
2022.5014,0,0,0,0
2022.5041,0,0,0,0
2022.5068,0,0,0,0
2022.5096,0,0,0,0
2022.5123,0,0,0,0
2022.5151,0,0,0,0
2022.5178,0,0,0,0
2022.5205,0,0,0,0
2022.5233,0,0,0,0
2022.526,0,0,0,0
2022.5288,0,0,0,0
2022.5315,0,0,0,0
2022.5342,0,0,0,0
2022.537,0,0,0,0
2022.5397,0,0,0,0
2022.5425,0,0,0,0
2022.5452,0,0,0,0
2022.5479,0,0,0,0
2022.5507,0,0,0,0
2022.5534,0,0,0,0
2022.5562,0,0,0,0
2022.5589,0,0,0,0
2022.5616,0,0,0,0
2022.5644,1,1,1,1
2022.5671,0,0,0,0
2022.5699,0,0,0,0
2022.5726,0,0,0,0
2022.5753,0,0,0,0
2022.5781,0,0,0,0
2022.5808,0,0,0,0
2022.5836,0,0,0,0
2022.5863,1,1,0,0
2022.589,0,0,0,0
2022.5918,0,0,0,0
2022.5945,0,0,0,0
2022.5973,0,0,0,0
2022.6,0,0,0,0
2022.6027,0,0,0,0
2022.6055,0,0,0,0
2022.6082,0,0,0,0
2022.611,0,0,0,0
2022.6137,0,0,0,0
2022.6164,0,0,0,0
2022.6192,0,0,0,0
2022.6219,0,0,0,0
2022.6247,0,0,0,0
2022.6274,0,0,0,0
2022.6301,0,0,0,0
2022.6329,0,0,0,0
2022.6356,0,0,0,0
2022.6384,0,0,0,0
2022.6411,0,0,0,0
2022.6438,0,0,0,0
2022.6466,0,0,0,0
2022.6493,0,0,0,0
2022.6521,0,0,0,0
2022.6548,0,0,0,0
2022.6575,0,0,0,0
2022.6603,0,0,0,0
2022.663,0,0,0,0
2022.6658,0,0,0,0
2022.6685,0,0,0,0
2022.6712,0,0,0,0
2022.674,0,0,0,0
2022.6767,0,0,0,0
2022.6795,0,0,0,0
2022.6822,0,0,0,0
2022.6849,0,0,0,0
2022.6877,0,0,0,0
2022.6904,0,0,0,0
2022.6932,0,0,0,0
2022.6959,0,0,0,0
2022.6986,0,0,0,0
2022.7014,0,0,0,0
2022.7041,0,0,0,0
2022.7068,0,0,0,0
2022.7096,0,0,0,0
2022.7123,0,0,0,0
2022.7151,0,0,0,0
2022.7178,0,0,0,0
2022.7205,0,0,0,0
2022.7233,0,0,0,0
2022.726,0,0,0,0
2022.7288,0,0,0,0
2022.7315,0,0,0,0
2022.7342,0,0,0,0
2022.737,0,0,0,0
2022.7397,0,0,0,0
2022.7425,0,0,0,0
2022.7452,0,0,0,0
2022.7479,0,0,0,0
2022.7507,0,0,0,0
2022.7534,0,0,0,0
2022.7562,0,0,0,0
2022.7589,0,0,0,0
2022.7616,0,0,0,0
2022.7644,0,0,0,0
2022.7671,0,0,0,0
2022.7699,0,0,0,0
2022.7726,0,0,0,0
2022.7753,0,0,0,0
2022.7781,0,0,0,0
2022.7808,0,0,0,0
2022.7836,0,0,0,0
2022.7863,0,0,0,0
2022.789,0,0,0,0
2022.7918,0,0,0,0
2022.7945,0,0,0,0
2022.7973,0,0,0,0
2022.8,0,0,0,0
2022.8027,0,0,0,0
2022.8055,0,0,0,0
2022.8082,0,0,0,0
2022.811,0,0,0,0
2022.8137,0,0,0,0
2022.8164,0,0,0,0
2022.8192,0,0,0,0
2022.8219,0,0,0,0
2022.8247,0,0,0,0
2022.8274,0,0,0,0
2022.8301,0,0,0,0
2022.8329,0,0,0,0
2022.8356,0,0,0,0
2022.8384,0,0,0,0
2022.8411,0,0,0,0
2022.8438,0,0,0,0
2022.8466,0,0,0,0
2022.8493,0,0,0,0
2022.8521,0,0,0,0
2022.8548,0,0,0,0
2022.8575,0,0,0,0
2022.8603,0,0,0,0
2022.863,0,0,0,0
2022.8658,0,0,0,0
2022.8685,0,0,0,0
2022.8712,0,0,0,0
2022.874,0,0,0,0
2022.8767,0,0,0,0
2022.8795,0,0,0,0
2022.8822,0,0,0,0
2022.8849,0,0,0,0
2022.8877,0,0,0,0
2022.8904,0,0,0,0
2022.8932,0,0,0,0
2022.8959,0,0,0,0
2022.8986,0,0,0,0
2022.9014,0,0,0,0
2022.9041,0,0,0,0
2022.9068,0,0,0,0
2022.9096,0,0,0,0
2022.9123,0,0,0,0
2022.9151,0,0,0,0
2022.9178,0,0,0,0
2022.9205,0,0,0,0
2022.9233,0,0,0,0
2022.926,0,0,0,0
2022.9288,0,0,0,0
2022.9315,0,0,0,0
2022.9342,0,0,0,0
2022.937,0,0,0,0
2022.9397,0,0,0,0
2022.9425,0,0,0,0
2022.9452,0,0,0,0
2022.9479,0,0,0,0
2022.9507,0,0,0,0
2022.9534,0,0,0,0
2022.9562,0,0,0,0
2022.9589,0,0,0,0
2022.9616,0,0,0,0
2022.9644,0,0,0,0
2022.9671,0,0,0,0
2022.9699,0,0,0,0
2022.9726,0,0,0,0
2022.9753,0,0,0,0
2022.9781,0,0,0,0
2022.9808,0,0,0,0
2022.9836,0,0,0,0
2022.9863,0,0,0,0
2022.989,0,0,0,0
2022.9918,0,0,0,0
2022.9945,0,0,0,0
2022.9973,0,0,0,0